timestamp,id_maquina,idade_equipamento_meses,id_operador,turno,temperatura_c,vibracao_rms,pressao,unidade_pressao,corrente_a,rpm,horas_operacao,falha_72h
2026-06-08 00:00:00,M01,171,OP-12,1,65.93,2.255,4.175,bar,18.18,1772.8,21360.0,0
2026-06-08 00:00:00,M02,115,OP-12,1,71.18,3.349,3.885,bar,19.43,1756.0,14640.0,0
2026-06-08 00:00:00,M03,125,OP-03,1,69.69,,3.446,bar,20.72,1747.6,15840.0,0
2026-06-08 00:00:00,M04,163,OP-07,1,64.37,2.734,3.959,bar,18.92,1770.5,20400.0,0
2026-06-08 00:00:00,M05,107,OP-03,1,71.68,3.572,3.755,bar,20.68,1753.7,13680.0,0
2026-06-08 00:00:00,M06,141,OP-06,1,65.55,2.339,4.071,bar,18.21,1767.9,17760.0,0
2026-06-08 00:00:00,M07,151,OP-08,1,63.69,3.046,4.002,bar,18.86,1761.4,18960.0,0
2026-06-08 00:00:00,M08,45,OP-06,1,65.35,2.065,4.012,bar,17.69,1778.8,6240.0,0
2026-06-08 00:00:00,M09,15,OP-08,1,69.06,2.618,3.774,bar,19.78,1766.5,2640.0,0
2026-06-08 00:00:00,M10,58,OP-02,1,67.55,3.957,3.696,bar,20.3,1723.8,7800.0,0
2026-06-08 00:00:00,M11,55,OP-07,1,79.55,4.409,3.612,bar,22.19,1733.7,7440.0,1
2026-06-08 00:00:00,M12,158,OP-09,1,64.29,2.028,4.053,bar,17.4,1766.2,19800.0,0
2026-06-08 00:00:00,M13,165,OP-06,1,72.6,3.927,3.392,bar,20.85,1746.4,20640.0,0
2026-06-08 00:00:00,M14,6,OP-04,1,63.82,2.827,4.048,bar,19.04,1763.9,1560.0,0
2026-06-08 00:00:00,M15,93,OP-02,1,68.88,,3.881,bar,19.79,1763.5,12000.0,0
2026-06-08 00:00:00,M16,149,OP-10,1,61.01,2.414,4.092,bar,18.53,1763.3,18720.0,0
2026-06-08 00:00:00,M17,29,OP-07,1,69.61,3.957,3.875,bar,20.35,1746.3,4320.0,1
2026-06-08 00:00:00,M18,145,OP-07,1,75.04,4.091,53.083,psi,20.56,1732.9,18240.0,0
2026-06-08 00:00:00,M19,26,OP-03,1,69.12,3.539,54.622,psi,19.92,1741.7,3960.0,0
2026-06-08 00:00:00,M20,87,OP-05,1,64.52,2.351,59.315,psi,18.49,1770.2,11280.0,0
2026-06-08 00:00:00,M21,148,OP-03,1,71.32,3.675,54.815,psi,20.17,1750.6,18600.0,1
2026-06-08 00:00:00,M22,59,OP-04,1,67.13,2.941,60.611,psi,19.19,1756.5,7920.0,0
2026-06-08 00:00:00,M23,65,OP-04,1,75.64,4.345,56.913,psi,20.79,1737.3,8640.0,0
2026-06-08 00:00:00,M24,54,OP-06,1,64.71,2.398,60.356,psi,17.88,1779.2,7320.0,0
2026-06-08 00:00:00,M25,131,OP-01,1,76.48,3.878,50.752,psi,20.61,1741.3,16560.0,0
2026-06-08 01:00:00,M01,171,OP-10,1,62.21,2.361,4.193,bar,19.16,1778.6,21361.0,0
2026-06-08 01:00:00,M02,115,OP-06,1,69.91,3.415,3.781,bar,19.76,1747.1,14641.0,0
2026-06-08 01:00:00,M03,125,OP-04,1,73.74,4.02,3.665,bar,20.97,1754.8,15841.0,0
2026-06-08 01:00:00,M04,163,OP-10,1,69.59,2.582,3.924,bar,19.09,1762.0,20401.0,0
2026-06-08 01:00:00,M05,107,OP-11,1,70.31,3.294,4.002,bar,20.29,1756.7,13681.0,0
2026-06-08 01:00:00,M06,141,OP-06,1,63.33,2.599,4.014,bar,18.2,1762.4,17761.0,0
2026-06-08 01:00:00,M07,151,OP-04,1,64.95,2.758,3.786,bar,18.5,1752.0,18961.0,0
2026-06-08 01:00:00,M08,45,OP-12,1,65.6,2.171,4.025,bar,18.69,1787.8,6241.0,0
2026-06-08 01:00:00,M09,15,OP-07,1,69.91,2.777,3.895,bar,19.8,1775.1,2641.0,0
2026-06-08 01:00:00,M10,58,OP-07,1,70.64,3.976,3.661,bar,20.95,1734.1,7801.0,0
2026-06-08 01:00:00,M11,55,OP-04,1,74.38,4.658,3.575,bar,22.2,1729.8,7441.0,1
2026-06-08 01:00:00,M12,158,OP-07,1,64.0,2.3,4.057,bar,18.35,1773.5,19801.0,0
2026-06-08 01:00:00,M13,165,OP-03,1,75.99,3.891,3.749,bar,20.83,1739.3,20641.0,0
2026-06-08 01:00:00,M14,6,OP-11,1,60.93,2.906,4.07,bar,19.29,1766.3,1561.0,0
2026-06-08 01:00:00,M15,93,OP-11,1,71.73,,3.961,bar,19.99,1738.4,12001.0,0
2026-06-08 01:00:00,M16,149,OP-10,1,63.51,2.538,3.895,bar,18.5,1757.5,18721.0,0
2026-06-08 01:00:00,M17,29,OP-03,1,67.93,4.102,3.387,bar,20.42,1740.9,4321.0,1
2026-06-08 01:00:00,M18,145,OP-07,1,67.28,4.191,57.557,psi,20.56,1741.0,18241.0,0
2026-06-08 01:00:00,M19,26,OP-04,1,69.57,3.118,55.182,psi,20.66,1761.0,3961.0,0
2026-06-08 01:00:00,M20,87,OP-12,1,64.13,2.394,59.866,psi,18.58,1776.6,11281.0,0
2026-06-08 01:00:00,M21,148,OP-07,1,72.88,3.315,56.014,psi,19.81,1752.4,18601.0,1
2026-06-08 01:00:00,M22,59,OP-01,1,69.95,2.769,58.209,psi,17.62,1776.5,7921.0,0
2026-06-08 01:00:00,M23,65,OP-01,1,71.57,3.868,55.813,psi,20.96,1749.6,8641.0,0
2026-06-08 01:00:00,M24,54,OP-11,1,68.81,2.264,59.274,psi,18.25,1769.9,7321.0,0
2026-06-08 01:00:00,M25,131,OP-05,1,74.9,4.038,52.618,psi,21.68,1744.0,16561.0,0
2026-06-08 02:00:00,M01,171,OP-07,1,61.65,2.473,4.171,bar,18.99,1785.9,21362.0,0
2026-06-08 02:00:00,M02,115,OP-07,1,68.5,,3.811,bar,21.05,1746.3,14642.0,0
2026-06-08 02:00:00,M03,125,OP-12,1,72.8,3.889,3.531,bar,20.64,1737.5,15842.0,0
2026-06-08 02:00:00,M04,163,OP-11,1,59.11,2.643,4.067,bar,19.59,1793.1,20402.0,0
2026-06-08 02:00:00,M05,107,OP-07,1,68.15,3.474,3.686,bar,19.78,1759.4,13682.0,0
2026-06-08 02:00:00,M06,141,OP-12,1,63.11,2.701,3.856,bar,18.59,1756.8,17762.0,0
2026-06-08 02:00:00,M07,151,OP-11,1,68.3,2.661,4.06,bar,19.59,1762.3,18962.0,0
2026-06-08 02:00:00,M08,45,OP-01,1,63.8,2.067,4.052,bar,18.28,1769.9,6242.0,0
2026-06-08 02:00:00,M09,15,OP-03,1,66.3,2.826,4.194,bar,18.63,1756.7,2642.0,0
2026-06-08 02:00:00,M10,58,OP-09,1,72.25,3.999,3.849,bar,21.66,1756.9,7802.0,0
2026-06-08 02:00:00,M11,55,OP-07,1,68.03,4.646,3.3,bar,22.27,1729.8,7442.0,1
2026-06-08 02:00:00,M12,158,OP-12,1,64.93,2.393,3.949,bar,18.34,1770.6,19802.0,0
2026-06-08 02:00:00,M13,165,OP-08,1,69.83,3.976,3.949,bar,20.56,1734.4,20642.0,0
2026-06-08 02:00:00,M14,6,OP-03,1,64.25,2.581,3.872,bar,18.95,1762.8,1562.0,0
2026-06-08 02:00:00,M15,93,OP-11,1,70.4,,3.766,bar,19.98,1759.8,12002.0,0
2026-06-08 02:00:00,M16,149,OP-07,1,64.51,2.521,4.072,bar,19.05,1759.2,18722.0,0
2026-06-08 02:00:00,M17,29,OP-07,1,73.66,4.003,3.832,bar,21.04,1738.1,4322.0,1
2026-06-08 02:00:00,M18,145,OP-04,1,65.04,4.094,54.924,psi,20.94,1752.7,18242.0,0
2026-06-08 02:00:00,M19,26,OP-11,1,70.21,3.566,58.408,psi,20.06,1755.8,3962.0,0
2026-06-08 02:00:00,M20,87,OP-12,1,67.47,2.138,57.709,psi,18.09,1763.8,11282.0,0
2026-06-08 02:00:00,M21,148,OP-04,1,69.99,3.676,54.617,psi,19.78,1733.8,18602.0,1
2026-06-08 02:00:00,M22,59,OP-10,1,61.7,3.118,59.333,psi,20.16,1765.6,7922.0,0
2026-06-08 02:00:00,M23,65,OP-10,1,75.92,,51.67,psi,20.59,1744.9,8642.0,0
2026-06-08 02:00:00,M24,54,OP-02,1,58.86,2.262,59.168,psi,18.23,1771.5,7322.0,0
2026-06-08 02:00:00,M25,131,OP-03,1,67.05,3.988,50.537,psi,22.09,1735.6,16562.0,0
2026-06-08 03:00:00,M01,171,OP-09,1,66.4,2.326,4.164,bar,19.25,1770.3,21363.0,0
2026-06-08 03:00:00,M02,115,OP-09,1,65.03,3.349,3.813,bar,19.46,1757.1,14643.0,0
2026-06-08 03:00:00,M03,125,OP-11,1,74.43,,3.911,bar,21.0,1738.3,15843.0,0
2026-06-08 03:00:00,M04,163,OP-11,1,59.97,2.685,4.213,bar,18.92,1775.1,20403.0,0
2026-06-08 03:00:00,M05,107,OP-06,1,68.53,3.624,3.825,bar,19.66,1749.3,13683.0,0
2026-06-08 03:00:00,M06,141,OP-10,1,60.51,2.487,3.907,bar,18.79,1770.9,17763.0,0
2026-06-08 03:00:00,M07,151,OP-04,1,66.68,2.806,3.646,bar,17.82,1748.1,18963.0,0
2026-06-08 03:00:00,M08,45,OP-07,1,62.27,2.278,3.947,bar,17.71,1778.7,6243.0,0
2026-06-08 03:00:00,M09,15,OP-01,1,67.85,2.431,3.999,bar,19.65,1773.2,2643.0,0
2026-06-08 03:00:00,M10,58,OP-08,1,68.35,3.951,3.721,bar,20.97,1752.2,7803.0,0
2026-06-08 03:00:00,M11,55,OP-12,1,69.36,,3.464,bar,22.73,1725.8,7443.0,1
2026-06-08 03:00:00,M12,158,OP-05,1,63.48,2.37,4.212,bar,18.46,1770.4,19803.0,0
2026-06-08 03:00:00,M13,165,OP-10,1,71.47,4.047,3.652,bar,21.4,1738.8,20643.0,0
2026-06-08 03:00:00,M14,6,OP-06,1,64.02,2.595,4.098,bar,18.88,1757.7,1563.0,0
2026-06-08 03:00:00,M15,93,OP-09,1,63.79,,3.913,bar,20.83,1755.1,12003.0,0
2026-06-08 03:00:00,M16,149,OP-07,1,60.56,2.328,4.14,bar,19.28,1758.1,18723.0,0
2026-06-08 03:00:00,M17,29,OP-09,1,73.89,3.935,3.723,bar,22.15,1743.6,4323.0,1
2026-06-08 03:00:00,M18,145,OP-11,1,70.13,4.311,52.661,psi,20.86,1751.2,18243.0,0
2026-06-08 03:00:00,M19,26,OP-07,1,68.3,3.587,55.58,psi,20.89,1762.6,3963.0,0
2026-06-08 03:00:00,M20,87,OP-11,1,67.93,2.435,58.325,psi,18.29,1781.5,11283.0,0
2026-06-08 03:00:00,M21,148,OP-07,1,68.68,3.514,55.038,psi,22.16,1749.6,18603.0,1
2026-06-08 03:00:00,M22,59,OP-04,1,55.84,2.819,57.063,psi,19.13,1754.7,7923.0,0
2026-06-08 03:00:00,M23,65,OP-11,1,67.91,4.062,53.479,psi,20.22,1742.8,8643.0,0
2026-06-08 03:00:00,M24,54,OP-03,1,63.49,2.151,61.202,psi,18.27,1779.2,7323.0,0
2026-06-08 03:00:00,M25,131,OP-05,1,68.21,4.118,54.094,psi,21.74,1745.9,16563.0,0
2026-06-08 04:00:00,M01,171,OP-02,1,65.33,2.365,4.023,bar,18.87,1756.3,21364.0,0
2026-06-08 04:00:00,M02,115,OP-01,1,66.05,3.711,3.703,bar,19.68,1755.5,14644.0,0
2026-06-08 04:00:00,M03,125,OP-03,1,72.56,4.008,3.775,bar,21.27,1748.6,15844.0,0
2026-06-08 04:00:00,M04,163,OP-07,1,62.71,2.235,3.924,bar,20.54,1764.6,20404.0,0
2026-06-08 04:00:00,M05,107,OP-11,1,69.5,3.482,3.873,bar,20.87,1743.4,13684.0,0
2026-06-08 04:00:00,M06,141,OP-07,1,63.58,2.617,3.965,bar,19.81,1776.9,17764.0,0
2026-06-08 04:00:00,M07,151,OP-10,1,67.84,2.628,4.039,bar,18.53,1767.9,18964.0,0
2026-06-08 04:00:00,M08,45,OP-07,1,60.2,2.14,4.086,bar,19.02,1768.3,6244.0,0
2026-06-08 04:00:00,M09,15,OP-09,1,70.27,2.564,3.772,bar,19.63,1771.4,2644.0,0
2026-06-08 04:00:00,M10,58,OP-02,1,70.76,4.104,3.757,bar,21.59,1741.9,7804.0,0
2026-06-08 04:00:00,M11,55,OP-07,1,78.45,4.559,3.594,bar,21.74,1739.9,7444.0,1
2026-06-08 04:00:00,M12,158,OP-08,1,72.0,2.265,4.024,bar,19.29,1769.8,19804.0,0
2026-06-08 04:00:00,M13,165,OP-02,1,70.24,3.809,3.831,bar,21.57,1736.5,20644.0,0
2026-06-08 04:00:00,M14,6,OP-05,1,66.95,2.865,3.931,bar,18.93,1778.0,1564.0,0
2026-06-08 04:00:00,M15,93,OP-12,1,70.71,3.527,3.833,bar,19.51,1761.0,12004.0,0
2026-06-08 04:00:00,M16,149,OP-04,1,60.12,2.489,3.996,bar,18.16,1775.8,18724.0,0
2026-06-08 04:00:00,M17,29,OP-07,1,76.19,4.129,3.851,bar,21.49,1747.8,4324.0,1
2026-06-08 04:00:00,M18,145,OP-11,1,68.78,4.3,55.063,psi,21.6,1754.6,18244.0,0
2026-06-08 04:00:00,M19,26,OP-11,1,70.66,3.376,56.394,psi,19.62,1756.3,3964.0,0
2026-06-08 04:00:00,M20,87,OP-01,1,57.8,2.001,58.998,psi,19.29,1771.2,11284.0,0
2026-06-08 04:00:00,M21,148,OP-07,1,72.03,3.758,53.587,psi,20.36,1754.4,18604.0,1
2026-06-08 04:00:00,M22,59,OP-04,1,64.01,2.664,59.45,psi,20.01,1753.9,7924.0,0
2026-06-08 04:00:00,M23,65,OP-07,1,66.23,3.996,53.127,psi,21.19,1748.2,8644.0,0
2026-06-08 04:00:00,M24,54,OP-10,1,65.4,2.405,61.083,psi,18.26,1771.7,7324.0,0
2026-06-08 04:00:00,M25,131,OP-09,1,77.23,,56.249,psi,20.66,1760.1,16564.0,0
2026-06-08 05:00:00,M01,171,OP-07,1,65.1,,4.018,bar,18.05,1774.7,21365.0,0
2026-06-08 05:00:00,M02,115,OP-01,1,72.67,3.559,3.792,bar,20.22,1749.5,14645.0,0
2026-06-08 05:00:00,M03,125,OP-02,1,70.93,3.769,3.821,bar,20.78,1743.9,15845.0,0
2026-06-08 05:00:00,M04,163,OP-05,1,66.04,2.708,3.908,bar,18.7,1775.4,20405.0,0
2026-06-08 05:00:00,M05,107,OP-11,1,66.61,3.209,3.836,bar,20.25,1750.1,13685.0,0
2026-06-08 05:00:00,M06,141,OP-07,1,61.37,2.499,4.275,bar,18.93,1777.7,17765.0,0
2026-06-08 05:00:00,M07,151,OP-02,1,71.3,2.64,3.915,bar,19.35,1762.2,18965.0,0
2026-06-08 05:00:00,M08,45,OP-09,1,61.29,2.238,3.94,bar,18.04,1762.2,6245.0,0
2026-06-08 05:00:00,M09,15,OP-12,1,62.84,2.813,3.834,bar,19.66,1754.9,2645.0,0
2026-06-08 05:00:00,M10,58,OP-03,1,69.78,3.925,3.678,bar,21.33,1744.2,7805.0,0
2026-06-08 05:00:00,M11,55,OP-07,1,70.99,4.366,3.565,bar,21.98,1726.4,7445.0,1
2026-06-08 05:00:00,M12,158,OP-04,1,61.51,2.329,4.124,bar,18.71,1780.9,19805.0,0
2026-06-08 05:00:00,M13,165,OP-07,1,72.38,3.685,3.762,bar,21.01,1732.2,20645.0,0
2026-06-08 05:00:00,M14,6,OP-05,1,65.72,2.871,4.178,bar,18.96,1764.2,1565.0,0
2026-06-08 05:00:00,M15,93,OP-01,1,68.65,3.32,3.715,bar,20.9,1748.9,12005.0,0
2026-06-08 05:00:00,M16,149,OP-10,1,64.26,2.452,3.955,bar,18.2,1770.7,18725.0,0
2026-06-08 05:00:00,M17,29,OP-07,1,72.21,4.116,4.007,bar,21.55,1738.2,4325.0,1
2026-06-08 05:00:00,M18,145,OP-10,1,72.29,4.033,55.749,psi,20.74,1754.3,18245.0,0
2026-06-08 05:00:00,M19,26,OP-05,1,73.49,,53.882,psi,20.0,1749.7,3965.0,0
2026-06-08 05:00:00,M20,87,OP-12,1,60.27,2.435,56.834,psi,19.57,1761.1,11285.0,0
2026-06-08 05:00:00,M21,148,OP-07,1,71.11,3.607,56.285,psi,21.21,1749.4,18605.0,1
2026-06-08 05:00:00,M22,59,OP-06,1,70.88,2.545,56.163,psi,18.76,1758.6,7925.0,0
2026-06-08 05:00:00,M23,65,OP-02,1,76.31,4.37,51.042,psi,21.95,1735.4,8645.0,0
2026-06-08 05:00:00,M24,54,OP-05,1,65.49,2.196,59.747,psi,18.94,1769.8,7325.0,0
2026-06-08 05:00:00,M25,131,OP-08,1,69.28,4.07,51.862,psi,20.07,1747.0,16565.0,0
2026-06-08 06:00:00,M01,171,OP-12,1,62.55,2.602,4.17,bar,18.44,1765.1,21366.0,0
2026-06-08 06:00:00,M02,115,OP-10,1,72.67,,3.953,bar,19.91,1750.4,14646.0,0
2026-06-08 06:00:00,M03,125,OP-01,1,69.84,3.92,3.789,bar,22.16,1743.9,15846.0,0
2026-06-08 06:00:00,M04,163,OP-09,1,60.95,2.289,4.209,bar,17.94,1768.0,20406.0,0
2026-06-08 06:00:00,M05,107,OP-12,1,66.22,3.327,3.947,bar,20.63,1740.0,13686.0,0
2026-06-08 06:00:00,M06,141,OP-01,1,62.95,2.718,4.241,bar,18.58,1787.0,17766.0,0
2026-06-08 06:00:00,M07,151,OP-10,1,70.82,2.811,3.854,bar,20.17,1749.7,18966.0,0
2026-06-08 06:00:00,M08,45,OP-02,1,60.85,2.184,4.095,bar,18.35,1773.0,6246.0,0
2026-06-08 06:00:00,M09,15,OP-07,1,63.79,2.682,3.856,bar,19.13,1759.9,2646.0,0
2026-06-08 06:00:00,M10,58,OP-07,1,72.6,3.88,3.742,bar,21.69,1746.3,7806.0,0
2026-06-08 06:00:00,M11,55,OP-07,1,73.06,4.429,3.521,bar,21.72,1729.8,7446.0,1
2026-06-08 06:00:00,M12,158,OP-01,1,56.9,2.36,4.227,bar,18.95,1784.1,19806.0,0
2026-06-08 06:00:00,M13,165,OP-08,1,71.53,4.401,3.727,bar,20.56,1743.4,20646.0,0
2026-06-08 06:00:00,M14,6,OP-11,1,68.31,2.672,3.955,bar,19.49,1761.5,1566.0,0
2026-06-08 06:00:00,M15,93,OP-09,1,73.92,,3.772,bar,19.45,1756.8,12006.0,0
2026-06-08 06:00:00,M16,149,OP-04,1,66.2,2.569,4.025,bar,18.55,1755.3,18726.0,0
2026-06-08 06:00:00,M17,29,OP-07,1,66.29,4.168,3.628,bar,21.04,1760.7,4326.0,1
2026-06-08 06:00:00,M18,145,OP-04,1,69.23,,53.213,psi,21.18,1751.2,18246.0,0
2026-06-08 06:00:00,M19,26,OP-03,1,66.94,3.702,56.805,psi,21.38,1746.8,3966.0,0
2026-06-08 06:00:00,M20,87,OP-11,1,63.23,2.481,57.275,psi,18.73,1776.8,11286.0,0
2026-06-08 06:00:00,M21,148,OP-07,1,72.58,3.523,54.965,psi,20.0,1746.0,18606.0,1
2026-06-08 06:00:00,M22,59,OP-08,1,68.87,2.679,56.165,psi,20.05,1761.5,7926.0,0
2026-06-08 06:00:00,M23,65,OP-03,1,72.44,4.356,55.3,psi,21.54,1742.7,8646.0,0
2026-06-08 06:00:00,M24,54,OP-09,1,57.82,2.437,58.742,psi,16.93,1767.9,7326.0,0
2026-06-08 06:00:00,M25,131,OP-08,1,69.53,4.03,55.127,psi,20.83,1750.3,16566.0,0
2026-06-08 07:00:00,M01,171,OP-05,1,62.12,2.511,3.921,bar,19.07,1755.5,21367.0,0
2026-06-08 07:00:00,M02,115,OP-07,1,66.13,,3.675,bar,19.61,1766.3,14647.0,0
2026-06-08 07:00:00,M03,125,OP-07,1,72.38,4.065,3.772,bar,20.2,1743.2,15847.0,0
2026-06-08 07:00:00,M04,163,OP-01,1,60.47,2.292,3.796,bar,17.74,1763.4,20407.0,0
2026-06-08 07:00:00,M05,107,OP-02,1,69.8,3.401,3.894,bar,20.7,1742.0,13687.0,0
2026-06-08 07:00:00,M06,141,OP-11,1,68.03,2.244,3.868,bar,19.52,1768.8,17767.0,0
2026-06-08 07:00:00,M07,151,OP-09,1,68.78,2.777,3.96,bar,19.54,1773.5,18967.0,0
2026-06-08 07:00:00,M08,45,OP-12,1,59.17,2.204,4.146,bar,18.86,1751.1,6247.0,0
2026-06-08 07:00:00,M09,15,OP-12,1,68.11,2.569,4.104,bar,18.74,1762.8,2647.0,0
2026-06-08 07:00:00,M10,58,OP-01,1,75.78,,3.768,bar,22.7,1744.4,7807.0,0
2026-06-08 07:00:00,M11,55,OP-08,1,78.48,4.446,3.628,bar,21.56,1723.2,7447.0,1
2026-06-08 07:00:00,M12,158,OP-06,1,57.9,2.223,4.096,bar,19.35,1772.1,19807.0,0
2026-06-08 07:00:00,M13,165,OP-04,1,71.8,3.985,3.815,bar,20.85,1735.2,20647.0,0
2026-06-08 07:00:00,M14,6,OP-07,1,68.96,2.839,4.102,bar,20.35,1770.9,1567.0,0
2026-06-08 07:00:00,M15,93,OP-08,1,65.85,3.46,3.904,bar,20.63,1750.3,12007.0,0
2026-06-08 07:00:00,M16,149,OP-01,1,70.84,2.724,3.917,bar,18.0,1784.3,18727.0,0
2026-06-08 07:00:00,M17,29,OP-04,1,69.63,3.758,3.783,bar,20.31,1749.5,4327.0,1
2026-06-08 07:00:00,M18,145,OP-03,1,71.89,4.156,53.235,psi,20.14,1740.0,18247.0,0
2026-06-08 07:00:00,M19,26,OP-01,1,72.14,3.395,54.094,psi,20.04,1742.0,3967.0,0
2026-06-08 07:00:00,M20,87,OP-03,1,64.23,2.142,58.644,psi,18.01,1780.7,11287.0,0
2026-06-08 07:00:00,M21,148,OP-07,1,70.39,3.54,53.693,psi,20.89,1750.0,18607.0,1
2026-06-08 07:00:00,M22,59,OP-03,1,68.81,2.609,57.227,psi,18.8,1770.1,7927.0,0
2026-06-08 07:00:00,M23,65,OP-01,1,77.01,4.263,49.578,psi,21.24,1740.4,8647.0,0
2026-06-08 07:00:00,M24,54,OP-12,1,71.34,2.356,57.973,psi,18.69,1778.0,7327.0,0
2026-06-08 07:00:00,M25,131,OP-11,1,66.94,3.88,52.56,psi,20.58,1734.2,16567.0,0
2026-06-08 08:00:00,M01,171,OP-10,2,61.47,2.593,4.051,bar,18.31,1764.8,21368.0,0
2026-06-08 08:00:00,M02,115,OP-03,2,69.5,3.378,3.811,bar,21.04,1761.7,14648.0,0
2026-06-08 08:00:00,M03,125,OP-07,2,69.43,3.801,3.787,bar,21.55,1741.5,15848.0,0
2026-06-08 08:00:00,M04,163,OP-11,2,61.36,2.503,4.007,bar,18.78,1772.5,20408.0,0
2026-06-08 08:00:00,M05,107,OP-04,2,73.36,3.537,4.018,bar,21.19,1751.6,13688.0,0
2026-06-08 08:00:00,M06,141,OP-05,2,66.58,2.451,4.053,bar,18.4,1770.1,17768.0,0
2026-06-08 08:00:00,M07,151,OP-06,2,67.7,2.832,4.013,bar,19.09,1759.9,18968.0,0
2026-06-08 08:00:00,M08,45,OP-07,2,60.1,2.141,4.1,bar,18.21,1761.3,6248.0,0
2026-06-08 08:00:00,M09,15,OP-07,2,65.98,2.769,3.848,bar,19.32,1753.6,2648.0,0
2026-06-08 08:00:00,M10,58,OP-04,2,68.54,3.897,3.836,bar,20.37,1750.6,7808.0,0
2026-06-08 08:00:00,M11,55,OP-07,2,74.13,4.648,3.52,bar,21.63,1728.0,7448.0,1
2026-06-08 08:00:00,M12,158,OP-07,2,66.93,2.377,4.037,bar,18.68,1780.4,19808.0,0
2026-06-08 08:00:00,M13,165,OP-09,2,67.29,4.23,3.841,bar,21.43,1739.7,20648.0,0
2026-06-08 08:00:00,M14,6,OP-08,2,71.65,,4.051,bar,19.58,1750.1,1568.0,0
2026-06-08 08:00:00,M15,93,OP-07,2,64.47,3.596,3.692,bar,19.91,1752.9,12008.0,0
2026-06-08 08:00:00,M16,149,OP-02,2,60.57,2.464,3.996,bar,19.12,1765.8,18728.0,0
2026-06-08 08:00:00,M17,29,OP-07,2,79.25,3.998,3.632,bar,21.96,1749.6,4328.0,1
2026-06-08 08:00:00,M18,145,OP-01,2,70.25,4.124,52.822,psi,20.94,1737.1,18248.0,0
2026-06-08 08:00:00,M19,26,OP-08,2,68.67,3.633,55.465,psi,19.81,1757.8,3968.0,0
2026-06-08 08:00:00,M20,87,OP-08,2,59.31,2.33,59.524,psi,18.21,1778.8,11288.0,0
2026-06-08 08:00:00,M21,148,OP-07,2,66.9,3.749,53.792,psi,20.25,1749.0,18608.0,1
2026-06-08 08:00:00,M22,59,OP-05,2,60.01,2.703,55.43,psi,18.37,1745.1,7928.0,0
2026-06-08 08:00:00,M23,65,OP-09,2,73.54,4.129,52.599,psi,19.97,1737.2,8648.0,0
2026-06-08 08:00:00,M24,54,OP-11,2,56.25,2.042,59.964,psi,18.01,1778.6,7328.0,0
2026-06-08 08:00:00,M25,131,OP-07,2,78.43,4.016,55.135,psi,22.32,1741.7,16568.0,0
2026-06-08 09:00:00,M01,171,OP-07,2,57.36,2.346,3.838,bar,20.31,1778.1,21369.0,0
2026-06-08 09:00:00,M02,115,OP-01,2,64.91,3.716,3.571,bar,19.79,1754.1,14649.0,0
2026-06-08 09:00:00,M03,125,OP-01,2,72.5,4.171,3.685,bar,20.44,1758.0,15849.0,0
2026-06-08 09:00:00,M04,163,OP-09,2,61.46,2.403,4.2,bar,19.14,1756.4,20409.0,0
2026-06-08 09:00:00,M05,107,OP-04,2,67.22,3.509,3.649,bar,21.08,1755.3,13689.0,0
2026-06-08 09:00:00,M06,141,OP-12,2,67.31,,3.862,bar,18.13,1769.6,17769.0,0
2026-06-08 09:00:00,M07,151,OP-09,2,64.18,2.807,3.904,bar,19.33,1764.6,18969.0,0
2026-06-08 09:00:00,M08,45,OP-05,2,62.88,2.262,4.29,bar,18.89,1781.7,6249.0,0
2026-06-08 09:00:00,M09,15,OP-10,2,63.26,2.892,3.87,bar,18.38,1754.5,2649.0,0
2026-06-08 09:00:00,M10,58,OP-07,2,70.07,3.682,3.665,bar,21.24,1748.8,7809.0,0
2026-06-08 09:00:00,M11,55,OP-07,2,76.48,4.645,3.684,bar,21.79,1737.1,7449.0,1
2026-06-08 09:00:00,M12,158,OP-07,2,67.61,2.314,4.11,bar,19.42,1774.4,19809.0,0
2026-06-08 09:00:00,M13,165,OP-03,2,72.22,4.081,3.583,bar,20.26,1742.2,20649.0,0
2026-06-08 09:00:00,M14,6,OP-12,2,64.03,2.69,3.975,bar,19.01,1766.4,1569.0,0
2026-06-08 09:00:00,M15,93,OP-07,2,67.11,3.417,3.996,bar,19.59,1751.2,12009.0,0
2026-06-08 09:00:00,M16,149,OP-02,2,62.56,2.404,3.959,bar,18.84,1771.9,18729.0,0
2026-06-08 09:00:00,M17,29,OP-07,2,74.03,4.146,3.698,bar,20.64,1758.2,4329.0,1
2026-06-08 09:00:00,M18,145,OP-11,2,73.08,4.017,56.957,psi,21.4,1729.3,18249.0,0
2026-06-08 09:00:00,M19,26,OP-04,2,74.05,3.437,54.978,psi,19.7,1750.5,3969.0,0
2026-06-08 09:00:00,M20,87,OP-08,2,67.63,2.495,56.039,psi,19.07,1769.9,11289.0,0
2026-06-08 09:00:00,M21,148,OP-07,2,73.72,,55.125,psi,20.93,1745.2,18609.0,1
2026-06-08 09:00:00,M22,59,OP-06,2,62.88,3.088,57.718,psi,19.6,1759.2,7929.0,0
2026-06-08 09:00:00,M23,65,OP-11,2,70.91,4.133,50.052,psi,20.89,1738.8,8649.0,0
2026-06-08 09:00:00,M24,54,OP-06,2,61.58,2.333,60.34,psi,18.47,1778.5,7329.0,0
2026-06-08 09:00:00,M25,131,OP-12,2,73.6,3.9,52.762,psi,21.96,1743.1,16569.0,0
2026-06-08 10:00:00,M01,171,OP-03,2,65.64,2.367,4.011,bar,18.43,1779.2,21370.0,0
2026-06-08 10:00:00,M02,115,OP-03,2,76.06,3.416,3.785,bar,20.32,1755.5,14650.0,0
2026-06-08 10:00:00,M03,125,OP-02,2,70.26,3.939,3.485,bar,21.24,1751.8,15850.0,0
2026-06-08 10:00:00,M04,163,OP-11,2,60.01,2.715,4.028,bar,19.21,1780.2,20410.0,0
2026-06-08 10:00:00,M05,107,OP-01,2,66.83,3.609,3.887,bar,20.01,1759.2,13690.0,0
2026-06-08 10:00:00,M06,141,OP-11,2,67.7,2.668,3.997,bar,18.73,1771.4,17770.0,0
2026-06-08 10:00:00,M07,151,OP-05,2,67.43,2.957,4.028,bar,19.29,1756.8,18970.0,0
2026-06-08 10:00:00,M08,45,OP-08,2,61.59,2.099,4.123,bar,19.15,1786.0,6250.0,0
2026-06-08 10:00:00,M09,15,OP-12,2,66.86,2.507,4.147,bar,18.88,1776.0,2650.0,0
2026-06-08 10:00:00,M10,58,OP-04,2,71.36,,3.752,bar,21.37,1733.2,7810.0,0
2026-06-08 10:00:00,M11,55,OP-07,2,74.65,4.621,3.449,bar,22.94,1727.4,7450.0,1
2026-06-08 10:00:00,M12,158,OP-09,2,62.55,2.287,4.098,bar,19.15,1778.4,19810.0,0
2026-06-08 10:00:00,M13,165,OP-07,2,70.48,3.877,3.726,bar,21.45,1752.3,20650.0,0
2026-06-08 10:00:00,M14,6,OP-11,2,66.71,2.746,3.946,bar,18.88,1768.8,1570.0,0
2026-06-08 10:00:00,M15,93,OP-06,2,69.51,,3.927,bar,20.34,1746.4,12010.0,0
2026-06-08 10:00:00,M16,149,OP-07,2,64.21,2.541,4.046,bar,19.46,1774.6,18730.0,0
2026-06-08 10:00:00,M17,29,OP-03,2,74.89,,3.751,bar,21.76,1737.7,4330.0,1
2026-06-08 10:00:00,M18,145,OP-03,2,71.23,4.044,51.988,psi,21.6,1729.2,18250.0,0
2026-06-08 10:00:00,M19,26,OP-07,2,75.18,,55.216,psi,20.71,1741.8,3970.0,0
2026-06-08 10:00:00,M20,87,OP-06,2,62.53,2.69,58.54,psi,19.85,1774.9,11290.0,0
2026-06-08 10:00:00,M21,148,OP-07,2,70.25,3.85,53.967,psi,21.01,1754.4,18610.0,1
2026-06-08 10:00:00,M22,59,OP-04,2,67.58,2.885,58.847,psi,18.98,1753.6,7930.0,0
2026-06-08 10:00:00,M23,65,OP-08,2,73.51,3.896,49.568,psi,21.05,1739.4,8650.0,0
2026-06-08 10:00:00,M24,54,OP-09,2,64.27,2.461,55.525,psi,18.41,1783.1,7330.0,0
2026-06-08 10:00:00,M25,131,OP-02,2,65.8,4.165,51.132,psi,20.53,1742.9,16570.0,0
2026-06-08 11:00:00,M01,171,OP-04,2,64.64,2.469,3.971,bar,18.23,1775.2,21371.0,0
2026-06-08 11:00:00,M02,115,OP-05,2,70.3,3.555,3.901,bar,19.89,1763.8,14651.0,0
2026-06-08 11:00:00,M03,125,OP-12,2,67.45,3.963,3.774,bar,20.63,1741.3,15851.0,0
2026-06-08 11:00:00,M04,163,OP-09,2,61.49,2.419,3.967,bar,18.68,1778.1,20411.0,0
2026-06-08 11:00:00,M05,107,OP-07,2,68.5,3.453,3.934,bar,20.14,1762.9,13691.0,1
2026-06-08 11:00:00,M06,141,OP-12,2,58.21,2.407,4.225,bar,18.08,1757.8,17771.0,0
2026-06-08 11:00:00,M07,151,OP-01,2,61.32,2.859,4.024,bar,19.02,1753.6,18971.0,0
2026-06-08 11:00:00,M08,45,OP-07,2,65.73,2.059,4.132,bar,19.12,1774.1,6251.0,0
2026-06-08 11:00:00,M09,15,OP-12,2,63.0,2.698,3.736,bar,19.61,1762.6,2651.0,0
2026-06-08 11:00:00,M10,58,OP-09,2,70.44,,3.668,bar,21.35,1748.8,7811.0,0
2026-06-08 11:00:00,M11,55,OP-07,2,76.5,4.297,3.587,bar,22.06,1741.1,7451.0,1
2026-06-08 11:00:00,M12,158,OP-04,2,65.56,2.356,4.015,bar,18.48,1773.5,19811.0,0
2026-06-08 11:00:00,M13,165,OP-07,2,68.97,3.947,3.86,bar,21.44,1741.1,20651.0,0
2026-06-08 11:00:00,M14,6,OP-12,2,61.17,2.841,4.083,bar,18.95,1771.8,1571.0,0
2026-06-08 11:00:00,M15,93,OP-02,2,66.36,,3.871,bar,20.19,1752.0,12011.0,0
2026-06-08 11:00:00,M16,149,OP-07,2,66.61,2.522,3.889,bar,18.66,1763.0,18731.0,0
2026-06-08 11:00:00,M17,29,OP-08,2,68.65,4.442,3.691,bar,22.0,1731.6,4331.0,1
2026-06-08 11:00:00,M18,145,OP-08,2,73.09,4.055,54.931,psi,21.68,1740.4,18251.0,0
2026-06-08 11:00:00,M19,26,OP-05,2,68.81,3.257,54.446,psi,20.35,1742.9,3971.0,0
2026-06-08 11:00:00,M20,87,OP-02,2,64.1,2.215,56.481,psi,18.68,1771.3,11291.0,0
2026-06-08 11:00:00,M21,148,OP-07,2,71.79,,52.405,psi,20.41,1757.1,18611.0,1
2026-06-08 11:00:00,M22,59,OP-03,2,69.1,2.835,57.358,psi,18.98,1752.3,7931.0,0
2026-06-08 11:00:00,M23,65,OP-03,2,71.45,4.356,52.682,psi,21.76,1735.0,8651.0,0
2026-06-08 11:00:00,M24,54,OP-08,2,60.15,2.264,57.722,psi,17.79,1776.6,7331.0,0
2026-06-08 11:00:00,M25,131,OP-08,2,77.44,4.106,55.451,psi,20.59,1745.0,16571.0,0
2026-06-08 12:00:00,M01,171,OP-12,2,62.84,,3.911,bar,19.28,1761.0,21372.0,0
2026-06-08 12:00:00,M02,115,OP-05,2,69.41,3.332,3.848,bar,20.0,1756.5,14652.0,0
2026-06-08 12:00:00,M03,125,OP-06,2,70.17,3.906,3.726,bar,21.12,1753.9,15852.0,0
2026-06-08 12:00:00,M04,163,OP-09,2,60.83,2.573,4.043,bar,19.47,1758.9,20412.0,0
2026-06-08 12:00:00,M05,107,OP-07,2,71.08,,3.869,bar,19.06,1746.5,13692.0,1
2026-06-08 12:00:00,M06,141,OP-12,2,60.37,2.361,4.155,bar,17.33,1761.8,17772.0,0
2026-06-08 12:00:00,M07,151,OP-02,2,65.39,2.698,4.025,bar,19.05,1757.2,18972.0,0
2026-06-08 12:00:00,M08,45,OP-09,2,59.69,1.94,4.074,bar,16.9,1768.4,6252.0,0
2026-06-08 12:00:00,M09,15,OP-08,2,70.13,2.733,3.838,bar,18.11,1762.3,2652.0,0
2026-06-08 12:00:00,M10,58,OP-03,2,72.33,4.55,3.71,bar,22.39,1746.1,7812.0,0
2026-06-08 12:00:00,M11,55,OP-03,2,76.89,,3.687,bar,21.33,1731.8,7452.0,1
2026-06-08 12:00:00,M12,158,OP-08,2,66.75,2.152,4.157,bar,18.54,1770.9,19812.0,0
2026-06-08 12:00:00,M13,165,OP-03,2,75.83,4.108,3.821,bar,20.5,1757.6,20652.0,0
2026-06-08 12:00:00,M14,6,OP-07,2,65.25,2.998,4.001,bar,20.05,1765.0,1572.0,0
2026-06-08 12:00:00,M15,93,OP-09,2,69.43,3.754,3.904,bar,20.38,1748.4,12012.0,0
2026-06-08 12:00:00,M16,149,OP-12,2,56.65,2.299,3.905,bar,18.81,1758.5,18732.0,0
2026-06-08 12:00:00,M17,29,OP-11,2,71.23,4.159,3.795,bar,20.59,1745.1,4332.0,1
2026-06-08 12:00:00,M18,145,OP-07,2,74.58,4.052,51.393,psi,21.36,1751.4,18252.0,0
2026-06-08 12:00:00,M19,26,OP-07,2,70.44,3.48,56.643,psi,20.48,1751.1,3972.0,0
2026-06-08 12:00:00,M20,87,OP-11,2,64.91,2.574,60.48,psi,18.37,1764.4,11292.0,0
2026-06-08 12:00:00,M21,148,OP-08,2,70.76,,54.934,psi,20.81,1750.1,18612.0,1
2026-06-08 12:00:00,M22,59,OP-06,2,62.37,2.74,55.356,psi,19.26,1777.2,7932.0,0
2026-06-08 12:00:00,M23,65,OP-04,2,71.31,4.12,53.921,psi,21.91,1744.2,8652.0,0
2026-06-08 12:00:00,M24,54,OP-03,2,62.01,2.108,61.164,psi,17.62,1776.0,7332.0,0
2026-06-08 12:00:00,M25,131,OP-09,2,72.56,4.031,55.185,psi,20.5,1744.5,16572.0,0
2026-06-08 13:00:00,M01,171,OP-02,2,64.06,2.357,4.12,bar,19.05,1789.4,21373.0,0
2026-06-08 13:00:00,M02,115,OP-08,2,70.9,3.198,3.858,bar,19.35,1755.4,14653.0,0
2026-06-08 13:00:00,M03,125,OP-05,2,67.53,4.066,3.664,bar,21.13,1758.9,15853.0,0
2026-06-08 13:00:00,M04,163,OP-03,2,65.78,2.478,4.119,bar,18.71,1766.7,20413.0,0
2026-06-08 13:00:00,M05,107,OP-05,2,63.4,3.632,3.637,bar,20.3,1740.9,13693.0,1
2026-06-08 13:00:00,M06,141,OP-01,2,66.11,2.484,4.082,bar,18.96,1768.4,17773.0,0
2026-06-08 13:00:00,M07,151,OP-01,2,68.19,3.027,3.979,bar,18.42,1753.5,18973.0,0
2026-06-08 13:00:00,M08,45,OP-01,2,63.88,2.018,4.206,bar,18.05,1779.3,6253.0,0
2026-06-08 13:00:00,M09,15,OP-05,2,66.32,2.581,4.138,bar,19.61,1774.2,2653.0,0
2026-06-08 13:00:00,M10,58,OP-10,2,70.56,3.749,3.9,bar,20.58,1736.8,7813.0,0
2026-06-08 13:00:00,M11,55,OP-07,2,74.85,4.589,3.444,bar,21.55,1732.0,7453.0,1
2026-06-08 13:00:00,M12,158,OP-04,2,59.48,2.379,3.974,bar,18.26,1773.9,19813.0,0
2026-06-08 13:00:00,M13,165,OP-02,2,74.45,4.014,3.777,bar,21.7,1737.2,20653.0,0
2026-06-08 13:00:00,M14,6,OP-12,2,70.76,2.725,4.14,bar,19.08,1746.0,1573.0,0
2026-06-08 13:00:00,M15,93,OP-07,2,68.65,3.603,3.618,bar,20.47,1747.7,12013.0,0
2026-06-08 13:00:00,M16,149,OP-08,2,68.81,2.506,4.069,bar,19.19,1760.0,18733.0,0
2026-06-08 13:00:00,M17,29,OP-07,2,72.76,4.106,3.736,bar,21.72,1732.2,4333.0,1
2026-06-08 13:00:00,M18,145,OP-08,2,71.16,,52.465,psi,22.2,1716.7,18253.0,0
2026-06-08 13:00:00,M19,26,OP-05,2,68.58,3.249,55.958,psi,19.63,1752.3,3973.0,0
2026-06-08 13:00:00,M20,87,OP-06,2,62.71,2.304,59.747,psi,18.55,1759.5,11293.0,0
2026-06-08 13:00:00,M21,148,OP-07,2,70.5,3.889,57.71,psi,21.71,1739.0,18613.0,1
2026-06-08 13:00:00,M22,59,OP-04,2,64.4,3.028,57.566,psi,20.02,1772.4,7933.0,0
2026-06-08 13:00:00,M23,65,OP-10,2,71.2,,53.237,psi,21.95,1743.0,8653.0,0
2026-06-08 13:00:00,M24,54,OP-06,2,65.09,2.257,57.286,psi,18.52,1758.0,7333.0,0
2026-06-08 13:00:00,M25,131,OP-10,2,72.65,4.338,53.052,psi,21.24,1729.8,16573.0,0
2026-06-08 14:00:00,M01,171,OP-02,2,63.94,2.688,3.963,bar,18.6,1759.8,21374.0,0
2026-06-08 14:00:00,M02,115,OP-01,2,72.63,3.599,3.718,bar,20.68,1740.9,14654.0,0
2026-06-08 14:00:00,M03,125,OP-04,2,73.92,3.913,3.658,bar,20.63,1747.5,15854.0,0
2026-06-08 14:00:00,M04,163,OP-09,2,61.85,2.376,3.951,bar,18.45,1752.5,20414.0,0
2026-06-08 14:00:00,M05,107,OP-07,2,68.95,3.538,3.952,bar,20.46,1763.3,13694.0,1
2026-06-08 14:00:00,M06,141,OP-07,2,58.81,2.388,3.822,bar,18.12,1763.3,17774.0,0
2026-06-08 14:00:00,M07,151,OP-07,2,63.84,2.664,3.867,bar,19.72,1772.6,18974.0,0
2026-06-08 14:00:00,M08,45,OP-08,2,62.9,2.451,4.022,bar,16.95,1779.5,6254.0,0
2026-06-08 14:00:00,M09,15,OP-02,2,64.41,2.722,4.049,bar,19.82,1771.8,2654.0,0
2026-06-08 14:00:00,M10,58,OP-09,2,72.62,,3.475,bar,21.29,1730.3,7814.0,0
2026-06-08 14:00:00,M11,55,OP-07,2,76.9,4.598,3.711,bar,23.26,1720.5,7454.0,1
2026-06-08 14:00:00,M12,158,OP-01,2,62.57,2.498,4.152,bar,18.74,1782.9,19814.0,0
2026-06-08 14:00:00,M13,165,OP-02,2,73.59,4.021,3.742,bar,20.92,1745.0,20654.0,0
2026-06-08 14:00:00,M14,6,OP-05,2,67.64,2.802,4.027,bar,17.78,1768.1,1574.0,0
2026-06-08 14:00:00,M15,93,OP-04,2,65.66,3.426,3.923,bar,20.51,1752.2,12014.0,0
2026-06-08 14:00:00,M16,149,OP-09,2,66.87,2.569,3.978,bar,18.78,1761.6,18734.0,0
2026-06-08 14:00:00,M17,29,OP-08,2,74.98,3.981,3.764,bar,20.99,1750.0,4334.0,1
2026-06-08 14:00:00,M18,145,OP-08,2,73.41,3.966,56.472,psi,22.03,1751.3,18254.0,0
2026-06-08 14:00:00,M19,26,OP-12,2,67.15,3.421,54.374,psi,19.89,1755.4,3974.0,0
2026-06-08 14:00:00,M20,87,OP-09,2,60.86,2.385,62.838,psi,17.9,1769.3,11294.0,0
2026-06-08 14:00:00,M21,148,OP-01,2,67.82,3.606,53.409,psi,20.74,1753.6,18614.0,1
2026-06-08 14:00:00,M22,59,OP-08,2,60.85,2.929,58.167,psi,19.36,1749.5,7934.0,0
2026-06-08 14:00:00,M23,65,OP-08,2,66.91,4.169,54.095,psi,21.27,1742.7,8654.0,0
2026-06-08 14:00:00,M24,54,OP-08,2,58.45,2.408,58.945,psi,18.99,1777.8,7334.0,0
2026-06-08 14:00:00,M25,131,OP-06,2,71.0,4.107,51.893,psi,22.2,1741.1,16574.0,0
2026-06-08 15:00:00,M01,171,OP-07,2,63.21,2.419,4.005,bar,18.49,1768.4,21375.0,0
2026-06-08 15:00:00,M02,115,OP-11,2,64.62,3.39,3.919,bar,19.91,1739.9,14655.0,0
2026-06-08 15:00:00,M03,125,OP-10,2,72.07,4.02,3.892,bar,20.4,1746.2,15855.0,0
2026-06-08 15:00:00,M04,163,OP-07,2,64.41,2.449,4.033,bar,18.6,1772.2,20415.0,0
2026-06-08 15:00:00,M05,107,OP-07,2,74.12,3.245,3.925,bar,19.34,1752.9,13695.0,1
2026-06-08 15:00:00,M06,141,OP-06,2,69.41,2.314,3.934,bar,18.19,1774.4,17775.0,0
2026-06-08 15:00:00,M07,151,OP-08,2,63.68,2.958,3.913,bar,18.96,1760.7,18975.0,0
2026-06-08 15:00:00,M08,45,OP-06,2,61.65,2.162,4.225,bar,18.31,1777.4,6255.0,0
2026-06-08 15:00:00,M09,15,OP-03,2,66.68,2.762,3.964,bar,20.15,1766.6,2655.0,0
2026-06-08 15:00:00,M10,58,OP-10,2,76.96,4.015,3.632,bar,21.64,1746.3,7815.0,0
2026-06-08 15:00:00,M11,55,OP-11,2,76.87,4.633,3.627,bar,21.71,1740.6,7455.0,1
2026-06-08 15:00:00,M12,158,OP-07,2,65.01,2.4,4.1,bar,17.53,1766.2,19815.0,0
2026-06-08 15:00:00,M13,165,OP-12,2,74.97,,3.733,bar,19.96,1742.2,20655.0,0
2026-06-08 15:00:00,M14,6,OP-03,2,69.79,2.76,3.858,bar,19.3,1764.0,1575.0,0
2026-06-08 15:00:00,M15,93,OP-10,2,72.73,3.182,3.847,bar,20.96,1742.5,12015.0,0
2026-06-08 15:00:00,M16,149,OP-07,2,71.66,2.681,3.998,bar,18.24,1764.2,18735.0,0
2026-06-08 15:00:00,M17,29,OP-07,2,72.74,4.043,3.463,bar,21.03,1750.0,4335.0,1
2026-06-08 15:00:00,M18,145,OP-10,2,71.25,4.19,53.114,psi,20.21,1726.5,18255.0,0
2026-06-08 15:00:00,M19,26,OP-09,2,70.68,3.518,53.273,psi,20.77,1743.3,3975.0,0
2026-06-08 15:00:00,M20,87,OP-01,2,66.34,2.153,57.579,psi,18.14,1781.6,11295.0,0
2026-06-08 15:00:00,M21,148,OP-07,2,70.01,3.386,52.47,psi,20.03,1755.3,18615.0,1
2026-06-08 15:00:00,M22,59,OP-08,2,61.12,2.892,56.28,psi,18.87,1760.8,7935.0,0
2026-06-08 15:00:00,M23,65,OP-03,2,71.94,3.928,55.086,psi,21.98,1743.0,8655.0,0
2026-06-08 15:00:00,M24,54,OP-07,2,58.29,2.464,58.686,psi,18.74,1771.1,7335.0,0
2026-06-08 15:00:00,M25,131,OP-10,2,72.41,4.096,51.115,psi,20.61,1750.2,16575.0,0
2026-06-08 16:00:00,M01,171,OP-02,3,66.34,,4.017,bar,18.89,1757.4,21376.0,0
2026-06-08 16:00:00,M02,115,OP-09,3,64.51,3.287,3.741,bar,20.9,1738.0,14656.0,0
2026-06-08 16:00:00,M03,125,OP-05,3,70.36,,3.64,bar,20.69,1739.8,15856.0,0
2026-06-08 16:00:00,M04,163,OP-01,3,61.52,2.428,3.976,bar,18.75,1770.2,20416.0,0
2026-06-08 16:00:00,M05,107,OP-05,3,67.31,,3.688,bar,20.31,1752.7,13696.0,1
2026-06-08 16:00:00,M06,141,OP-07,3,60.07,2.293,3.906,bar,18.84,1757.5,17776.0,0
2026-06-08 16:00:00,M07,151,OP-07,3,64.69,3.073,3.897,bar,19.85,1755.0,18976.0,0
2026-06-08 16:00:00,M08,45,OP-01,3,66.33,2.174,4.254,bar,19.3,1773.8,6256.0,0
2026-06-08 16:00:00,M09,15,OP-07,3,62.59,3.106,3.995,bar,18.82,1769.6,2656.0,0
2026-06-08 16:00:00,M10,58,OP-04,3,74.11,3.792,3.745,bar,20.59,1742.9,7816.0,0
2026-06-08 16:00:00,M11,55,OP-07,3,75.71,4.448,3.621,bar,22.59,1737.7,7456.0,1
2026-06-08 16:00:00,M12,158,OP-11,3,58.51,2.26,4.221,bar,19.0,1793.8,19816.0,0
2026-06-08 16:00:00,M13,165,OP-08,3,65.66,,3.624,bar,19.75,1753.2,20656.0,0
2026-06-08 16:00:00,M14,6,OP-03,3,63.17,2.772,3.838,bar,19.22,1760.1,1576.0,0
2026-06-08 16:00:00,M15,93,OP-01,3,62.16,3.554,3.712,bar,20.52,1747.3,12016.0,0
2026-06-08 16:00:00,M16,149,OP-01,3,67.44,2.342,4.006,bar,18.47,1773.4,18736.0,0
2026-06-08 16:00:00,M17,29,OP-01,3,69.68,4.124,3.807,bar,20.94,1743.5,4336.0,0
2026-06-08 16:00:00,M18,145,OP-12,3,78.07,4.182,56.817,psi,20.92,1745.9,18256.0,0
2026-06-08 16:00:00,M19,26,OP-07,3,72.64,,52.185,psi,20.0,1740.5,3976.0,0
2026-06-08 16:00:00,M20,87,OP-07,3,61.25,2.477,57.688,psi,19.94,1769.0,11296.0,0
2026-06-08 16:00:00,M21,148,OP-07,3,70.9,3.678,55.748,psi,20.47,1741.4,18616.0,1
2026-06-08 16:00:00,M22,59,OP-02,3,72.18,2.848,56.474,psi,18.8,1768.0,7936.0,0
2026-06-08 16:00:00,M23,65,OP-07,3,71.25,,54.02,psi,21.53,1752.6,8656.0,0
2026-06-08 16:00:00,M24,54,OP-02,3,59.32,2.341,60.799,psi,18.86,1773.7,7336.0,0
2026-06-08 16:00:00,M25,131,OP-01,3,73.96,,54.656,psi,21.77,1736.2,16576.0,0
2026-06-08 17:00:00,M01,171,OP-07,3,65.85,2.533,3.959,bar,19.15,1779.4,21377.0,0
2026-06-08 17:00:00,M02,115,OP-04,3,68.68,3.308,3.957,bar,19.5,1735.2,14657.0,0
2026-06-08 17:00:00,M03,125,OP-11,3,72.23,4.177,3.601,bar,21.11,1744.6,15857.0,0
2026-06-08 17:00:00,M04,163,OP-01,3,70.76,2.525,4.089,bar,19.09,1769.4,20417.0,0
2026-06-08 17:00:00,M05,107,OP-07,3,69.95,3.308,3.908,bar,20.33,1740.3,13697.0,1
2026-06-08 17:00:00,M06,141,OP-08,3,62.34,2.412,4.3,bar,19.51,1780.6,17777.0,0
2026-06-08 17:00:00,M07,151,OP-06,3,61.31,2.894,3.867,bar,19.7,1758.3,18977.0,0
2026-06-08 17:00:00,M08,45,OP-05,3,64.89,2.175,3.972,bar,18.7,1769.9,6257.0,0
2026-06-08 17:00:00,M09,15,OP-07,3,67.3,,3.857,bar,17.77,1756.5,2657.0,0
2026-06-08 17:00:00,M10,58,OP-12,3,71.02,,3.711,bar,20.83,1751.7,7817.0,0
2026-06-08 17:00:00,M11,55,OP-07,3,76.31,4.785,3.585,bar,22.92,1737.3,7457.0,1
2026-06-08 17:00:00,M12,158,OP-02,3,62.11,2.346,4.156,bar,17.81,1762.8,19817.0,0
2026-06-08 17:00:00,M13,165,OP-07,3,71.42,4.075,3.704,bar,21.28,1749.0,20657.0,0
2026-06-08 17:00:00,M14,6,OP-09,3,71.71,2.984,3.861,bar,18.37,1771.0,1577.0,0
2026-06-08 17:00:00,M15,93,OP-02,3,71.51,3.45,3.525,bar,20.41,1768.1,12017.0,0
2026-06-08 17:00:00,M16,149,OP-09,3,61.77,2.557,3.853,bar,19.26,1762.7,18737.0,0
2026-06-08 17:00:00,M17,29,OP-10,3,61.51,1.713,4.33,bar,18.65,1796.3,4337.0,0
2026-06-08 17:00:00,M18,145,OP-04,3,70.65,,53.545,psi,20.55,1730.2,18257.0,0
2026-06-08 17:00:00,M19,26,OP-06,3,70.78,3.702,52.003,psi,20.51,1739.6,3977.0,0
2026-06-08 17:00:00,M20,87,OP-04,3,62.57,2.264,63.053,psi,19.46,1750.3,11297.0,0
2026-06-08 17:00:00,M21,148,OP-06,3,72.67,3.901,58.266,psi,20.33,1739.1,18617.0,1
2026-06-08 17:00:00,M22,59,OP-09,3,65.83,2.774,57.555,psi,19.92,1766.2,7937.0,0
2026-06-08 17:00:00,M23,65,OP-08,3,69.99,4.186,48.653,psi,22.54,1742.6,8657.0,0
2026-06-08 17:00:00,M24,54,OP-08,3,64.37,1.995,61.896,psi,18.91,1781.9,7337.0,0
2026-06-08 17:00:00,M25,131,OP-03,3,72.08,,51.741,psi,21.03,1748.8,16577.0,0
2026-06-08 18:00:00,M01,171,OP-01,3,64.43,2.739,4.213,bar,19.11,1772.3,21378.0,0
2026-06-08 18:00:00,M02,115,OP-11,3,66.03,3.318,3.872,bar,19.91,1753.0,14658.0,0
2026-06-08 18:00:00,M03,125,OP-10,3,70.89,3.771,3.811,bar,21.57,1745.3,15858.0,0
2026-06-08 18:00:00,M04,163,OP-03,3,64.38,2.484,4.068,bar,17.98,1763.2,20418.0,0
2026-06-08 18:00:00,M05,107,OP-07,3,66.74,3.854,3.63,bar,20.26,1743.0,13698.0,1
2026-06-08 18:00:00,M06,141,OP-04,3,66.42,2.631,4.024,bar,18.84,1756.3,17778.0,0
2026-06-08 18:00:00,M07,151,OP-05,3,70.59,2.777,3.844,bar,18.85,1763.1,18978.0,0
2026-06-08 18:00:00,M08,45,OP-01,3,59.78,2.207,4.005,bar,17.69,1780.0,6258.0,0
2026-06-08 18:00:00,M09,15,OP-10,3,63.67,2.897,3.985,bar,20.07,1745.3,2658.0,0
2026-06-08 18:00:00,M10,58,OP-08,3,70.47,4.461,3.577,bar,20.16,1741.0,7818.0,0
2026-06-08 18:00:00,M11,55,OP-07,3,77.55,,3.437,bar,22.89,1727.3,7458.0,1
2026-06-08 18:00:00,M12,158,OP-04,3,64.75,2.425,4.042,bar,18.72,1770.0,19818.0,0
2026-06-08 18:00:00,M13,165,OP-07,3,75.26,3.865,3.708,bar,21.51,1741.4,20658.0,0
2026-06-08 18:00:00,M14,6,OP-02,3,68.84,,4.111,bar,18.59,1770.0,1578.0,0
2026-06-08 18:00:00,M15,93,OP-10,3,71.45,3.54,3.827,bar,20.74,1753.3,12018.0,0
2026-06-08 18:00:00,M16,149,OP-09,3,60.9,2.492,3.782,bar,18.3,1766.9,18738.0,0
2026-06-08 18:00:00,M17,29,OP-08,3,57.83,1.623,3.97,bar,18.35,1777.9,4338.0,0
2026-06-08 18:00:00,M18,145,OP-10,3,72.26,,54.52,psi,22.29,1738.1,18258.0,0
2026-06-08 18:00:00,M19,26,OP-02,3,71.03,3.546,58.252,psi,20.71,1759.0,3978.0,0
2026-06-08 18:00:00,M20,87,OP-07,3,69.22,2.329,58.355,psi,18.15,1757.7,11298.0,0
2026-06-08 18:00:00,M21,148,OP-12,3,67.65,3.585,51.308,psi,20.3,1758.8,18618.0,1
2026-06-08 18:00:00,M22,59,OP-01,3,61.7,3.006,56.648,psi,19.98,1783.1,7938.0,0
2026-06-08 18:00:00,M23,65,OP-03,3,66.75,4.369,52.877,psi,20.73,1740.9,8658.0,0
2026-06-08 18:00:00,M24,54,OP-02,3,64.79,2.534,58.922,psi,18.03,1761.5,7338.0,0
2026-06-08 18:00:00,M25,131,OP-07,3,75.05,3.852,56.793,psi,20.27,1738.3,16578.0,0
2026-06-08 19:00:00,M01,171,OP-12,3,63.52,2.483,3.985,bar,18.48,1775.8,21379.0,0
2026-06-08 19:00:00,M02,115,OP-06,3,71.26,3.333,3.799,bar,20.47,1755.6,14659.0,0
2026-06-08 19:00:00,M03,125,OP-01,3,73.11,4.197,3.909,bar,22.03,1753.9,15859.0,0
2026-06-08 19:00:00,M04,163,OP-07,3,58.73,2.638,3.951,bar,18.09,1766.9,20419.0,0
2026-06-08 19:00:00,M05,107,OP-07,3,70.63,3.466,3.91,bar,20.41,1757.3,13699.0,1
2026-06-08 19:00:00,M06,141,OP-08,3,66.36,2.595,4.184,bar,18.6,1766.4,17779.0,0
2026-06-08 19:00:00,M07,151,OP-12,3,67.34,2.434,4.023,bar,18.15,1744.0,18979.0,0
2026-06-08 19:00:00,M08,45,OP-07,3,63.1,2.359,4.327,bar,18.93,1778.8,6259.0,0
2026-06-08 19:00:00,M09,15,OP-04,3,67.94,2.799,3.827,bar,19.48,1765.6,2659.0,0
2026-06-08 19:00:00,M10,58,OP-07,3,70.46,4.019,3.789,bar,20.62,1731.0,7819.0,0
2026-06-08 19:00:00,M11,55,OP-07,3,71.1,4.489,3.62,bar,21.63,1731.5,7459.0,1
2026-06-08 19:00:00,M12,158,OP-08,3,65.14,2.225,3.998,bar,18.3,1770.3,19819.0,0
2026-06-08 19:00:00,M13,165,OP-07,3,65.82,4.201,3.628,bar,21.16,1735.1,20659.0,0
2026-06-08 19:00:00,M14,6,OP-03,3,59.63,2.916,3.923,bar,19.44,1752.0,1579.0,0
2026-06-08 19:00:00,M15,93,OP-07,3,66.73,3.184,3.805,bar,19.99,1763.9,12019.0,0
2026-06-08 19:00:00,M16,149,OP-09,3,64.79,2.624,4.034,bar,18.54,1755.9,18739.0,0
2026-06-08 19:00:00,M17,29,OP-12,3,57.98,2.038,4.248,bar,18.51,1780.0,4339.0,0
2026-06-08 19:00:00,M18,145,OP-04,3,69.53,4.188,51.952,psi,21.85,1751.7,18259.0,0
2026-06-08 19:00:00,M19,26,OP-07,3,70.03,,54.491,psi,20.66,1748.0,3979.0,0
2026-06-08 19:00:00,M20,87,OP-04,3,64.99,2.587,56.989,psi,17.79,1790.7,11299.0,0
2026-06-08 19:00:00,M21,148,OP-07,3,74.52,3.759,55.402,psi,19.5,1743.6,18619.0,1
2026-06-08 19:00:00,M22,59,OP-06,3,65.57,2.903,53.275,psi,19.66,1767.1,7939.0,0
2026-06-08 19:00:00,M23,65,OP-07,3,71.61,4.325,53.422,psi,21.46,1728.2,8659.0,0
2026-06-08 19:00:00,M24,54,OP-05,3,58.1,2.797,58.215,psi,17.5,1775.1,7339.0,0
2026-06-08 19:00:00,M25,131,OP-04,3,76.77,4.297,51.841,psi,21.25,1740.0,16579.0,0
2026-06-08 20:00:00,M01,171,OP-08,3,69.67,2.662,4.065,bar,18.93,1769.3,21380.0,0
2026-06-08 20:00:00,M02,115,OP-05,3,73.0,3.196,4.023,bar,20.27,1745.9,14660.0,0
2026-06-08 20:00:00,M03,125,OP-05,3,75.53,3.931,3.569,bar,20.14,1735.9,15860.0,0
2026-06-08 20:00:00,M04,163,OP-01,3,57.96,2.476,4.02,bar,19.45,1761.8,20420.0,0
2026-06-08 20:00:00,M05,107,OP-07,3,71.4,3.51,3.841,bar,19.63,1746.0,13700.0,1
2026-06-08 20:00:00,M06,141,OP-07,3,70.08,2.572,4.078,bar,17.94,1751.6,17780.0,0
2026-06-08 20:00:00,M07,151,OP-04,3,65.88,2.816,4.084,bar,19.07,1770.9,18980.0,0
2026-06-08 20:00:00,M08,45,OP-07,3,51.7,2.516,4.209,bar,18.05,1770.7,6260.0,0
2026-06-08 20:00:00,M09,15,OP-10,3,63.43,2.503,4.054,bar,19.41,1769.1,2660.0,0
2026-06-08 20:00:00,M10,58,OP-01,3,66.15,,3.907,bar,21.81,1733.4,7820.0,0
2026-06-08 20:00:00,M11,55,OP-07,3,73.23,4.669,3.678,bar,22.22,1725.0,7460.0,1
2026-06-08 20:00:00,M12,158,OP-07,3,60.61,2.32,4.144,bar,18.24,1760.9,19820.0,0
2026-06-08 20:00:00,M13,165,OP-06,3,77.18,,3.836,bar,21.15,1748.0,20660.0,0
2026-06-08 20:00:00,M14,6,OP-02,3,65.62,2.795,4.006,bar,19.76,1758.0,1580.0,0
2026-06-08 20:00:00,M15,93,OP-05,3,65.04,3.515,3.716,bar,20.16,1764.6,12020.0,0
2026-06-08 20:00:00,M16,149,OP-09,3,71.05,2.719,4.051,bar,18.84,1775.2,18740.0,0
2026-06-08 20:00:00,M17,29,OP-05,3,62.34,1.949,4.291,bar,17.65,1788.1,4340.0,0
2026-06-08 20:00:00,M18,145,OP-07,3,72.64,4.05,53.475,psi,21.42,1733.7,18260.0,0
2026-06-08 20:00:00,M19,26,OP-05,3,66.53,3.549,54.135,psi,20.9,1757.9,3980.0,0
2026-06-08 20:00:00,M20,87,OP-11,3,60.93,2.477,58.421,psi,18.42,1769.2,11300.0,0
2026-06-08 20:00:00,M21,148,OP-07,3,69.48,3.824,53.122,psi,20.4,1758.3,18620.0,1
2026-06-08 20:00:00,M22,59,OP-03,3,69.35,2.672,58.535,psi,19.08,1761.7,7940.0,0
2026-06-08 20:00:00,M23,65,OP-10,3,73.49,,53.364,psi,21.89,1732.2,8660.0,0
2026-06-08 20:00:00,M24,54,OP-02,3,63.58,2.19,60.412,psi,18.5,1764.8,7340.0,0
2026-06-08 20:00:00,M25,131,OP-07,3,66.68,4.185,52.98,psi,20.19,1741.2,16580.0,0
2026-06-08 21:00:00,M01,171,OP-09,3,60.85,2.418,3.887,bar,19.19,1767.9,21381.0,0
2026-06-08 21:00:00,M02,115,OP-07,3,72.99,3.622,3.795,bar,19.84,1756.3,14661.0,0
2026-06-08 21:00:00,M03,125,OP-10,3,71.98,4.055,3.605,bar,21.39,1730.4,15861.0,0
2026-06-08 21:00:00,M04,163,OP-01,3,63.7,2.562,4.054,bar,18.52,1765.4,20421.0,0
2026-06-08 21:00:00,M05,107,OP-07,3,66.81,3.657,3.822,bar,20.34,1761.3,13701.0,1
2026-06-08 21:00:00,M06,141,OP-10,3,60.63,2.602,4.016,bar,18.5,1769.6,17781.0,0
2026-06-08 21:00:00,M07,151,OP-05,3,62.37,2.912,3.875,bar,19.88,1771.6,18981.0,0
2026-06-08 21:00:00,M08,45,OP-07,3,64.93,2.278,4.002,bar,18.92,1783.4,6261.0,0
2026-06-08 21:00:00,M09,15,OP-08,3,67.06,2.512,3.79,bar,18.48,1782.1,2661.0,0
2026-06-08 21:00:00,M10,58,OP-11,3,65.49,3.964,3.586,bar,21.25,1735.8,7821.0,0
2026-06-08 21:00:00,M11,55,OP-04,3,71.65,4.548,3.681,bar,22.85,1735.1,7461.0,1
2026-06-08 21:00:00,M12,158,OP-09,3,63.62,2.358,3.975,bar,18.89,1768.3,19821.0,0
2026-06-08 21:00:00,M13,165,OP-12,3,75.63,4.189,3.688,bar,21.37,1749.5,20661.0,0
2026-06-08 21:00:00,M14,6,OP-07,3,70.86,3.034,3.943,bar,19.13,1760.5,1581.0,0
2026-06-08 21:00:00,M15,93,OP-11,3,71.52,,3.959,bar,19.77,1747.2,12021.0,0
2026-06-08 21:00:00,M16,149,OP-03,3,58.07,2.582,4.195,bar,18.98,1760.7,18741.0,0
2026-06-08 21:00:00,M17,29,OP-02,3,64.55,2.139,4.305,bar,17.07,1783.8,4341.0,0
2026-06-08 21:00:00,M18,145,OP-07,3,70.3,,56.133,psi,21.06,1733.7,18261.0,0
2026-06-08 21:00:00,M19,26,OP-11,3,67.07,3.405,59.016,psi,20.47,1754.5,3981.0,0
2026-06-08 21:00:00,M20,87,OP-10,3,56.03,2.484,58.424,psi,17.87,1770.7,11301.0,0
2026-06-08 21:00:00,M21,148,OP-04,3,70.69,3.789,53.536,psi,21.62,1757.3,18621.0,1
2026-06-08 21:00:00,M22,59,OP-02,3,68.13,2.67,58.416,psi,18.41,1769.1,7941.0,0
2026-06-08 21:00:00,M23,65,OP-11,3,69.97,,50.919,psi,21.16,1733.4,8661.0,0
2026-06-08 21:00:00,M24,54,OP-03,3,61.21,2.281,59.897,psi,18.15,1768.2,7341.0,0
2026-06-08 21:00:00,M25,131,OP-10,3,75.01,4.095,52.746,psi,20.58,1744.9,16581.0,0
2026-06-08 22:00:00,M01,171,OP-05,3,61.51,2.415,3.984,bar,19.15,1769.8,21382.0,0
2026-06-08 22:00:00,M02,115,OP-09,3,70.85,3.502,3.965,bar,20.15,1756.2,14662.0,0
2026-06-08 22:00:00,M03,125,OP-11,3,73.18,4.032,3.596,bar,20.87,1739.2,15862.0,0
2026-06-08 22:00:00,M04,163,OP-07,3,63.87,2.767,4.18,bar,19.46,1761.7,20422.0,0
2026-06-08 22:00:00,M05,107,OP-03,3,73.55,3.319,3.826,bar,21.6,1743.4,13702.0,1
2026-06-08 22:00:00,M06,141,OP-06,3,61.26,2.458,3.958,bar,18.83,1772.1,17782.0,0
2026-06-08 22:00:00,M07,151,OP-01,3,57.56,2.874,3.834,bar,21.03,1756.3,18982.0,0
2026-06-08 22:00:00,M08,45,OP-03,3,61.04,2.243,4.06,bar,18.74,1773.8,6262.0,0
2026-06-08 22:00:00,M09,15,OP-12,3,66.43,2.855,4.043,bar,20.02,1757.5,2662.0,0
2026-06-08 22:00:00,M10,58,OP-12,3,67.41,3.716,3.634,bar,21.84,1743.5,7822.0,0
2026-06-08 22:00:00,M11,55,OP-07,3,78.63,4.58,3.707,bar,20.64,1732.4,7462.0,1
2026-06-08 22:00:00,M12,158,OP-03,3,68.86,2.218,3.909,bar,18.53,1768.7,19822.0,0
2026-06-08 22:00:00,M13,165,OP-08,3,73.61,4.099,3.62,bar,22.18,1731.2,20662.0,0
2026-06-08 22:00:00,M14,6,OP-02,3,64.98,2.858,3.796,bar,20.49,1774.2,1582.0,0
2026-06-08 22:00:00,M15,93,OP-09,3,65.63,,3.875,bar,21.17,1742.5,12022.0,0
2026-06-08 22:00:00,M16,149,OP-10,3,61.09,2.664,4.086,bar,18.84,1760.2,18742.0,0
2026-06-08 22:00:00,M17,29,OP-03,3,59.76,1.859,4.056,bar,17.32,1777.6,4342.0,0
2026-06-08 22:00:00,M18,145,OP-11,3,76.65,,51.323,psi,21.36,1751.5,18262.0,0
2026-06-08 22:00:00,M19,26,OP-12,3,70.6,3.464,53.995,psi,20.47,1741.9,3982.0,0
2026-06-08 22:00:00,M20,87,OP-03,3,67.54,2.337,61.08,psi,18.44,1770.5,11302.0,0
2026-06-08 22:00:00,M21,148,OP-07,3,75.92,,54.348,psi,20.65,1743.1,18622.0,1
2026-06-08 22:00:00,M22,59,OP-01,3,70.4,3.047,56.038,psi,18.97,1748.3,7942.0,0
2026-06-08 22:00:00,M23,65,OP-07,3,78.0,,51.898,psi,21.61,1729.0,8662.0,0
2026-06-08 22:00:00,M24,54,OP-01,3,66.39,2.159,56.837,psi,18.16,1760.6,7342.0,0
2026-06-08 22:00:00,M25,131,OP-09,3,72.31,4.033,53.514,psi,21.56,1742.5,16582.0,0
2026-06-08 23:00:00,M01,171,OP-06,3,67.3,2.389,4.001,bar,16.85,1753.2,21383.0,0
2026-06-08 23:00:00,M02,115,OP-12,3,66.36,,3.854,bar,19.48,1752.0,14663.0,0
2026-06-08 23:00:00,M03,125,OP-05,3,68.96,4.059,3.772,bar,21.15,1746.2,15863.0,0
2026-06-08 23:00:00,M04,163,OP-08,3,64.22,2.6,4.026,bar,19.15,1761.8,20423.0,0
2026-06-08 23:00:00,M05,107,OP-03,3,70.76,,3.757,bar,20.29,1761.9,13703.0,1
2026-06-08 23:00:00,M06,141,OP-08,3,62.0,2.732,4.21,bar,19.4,1768.4,17783.0,0
2026-06-08 23:00:00,M07,151,OP-02,3,62.75,2.777,3.899,bar,19.04,1766.4,18983.0,0
2026-06-08 23:00:00,M08,45,OP-07,3,60.62,2.064,4.034,bar,18.16,1775.5,6263.0,0
2026-06-08 23:00:00,M09,15,OP-05,3,66.71,2.908,3.892,bar,19.47,1758.2,2663.0,0
2026-06-08 23:00:00,M10,58,OP-04,3,75.47,3.871,3.757,bar,21.58,1749.7,7823.0,0
2026-06-08 23:00:00,M11,55,OP-02,3,78.08,4.597,3.438,bar,21.5,1747.8,7463.0,1
2026-06-08 23:00:00,M12,158,OP-09,3,55.97,2.625,4.175,bar,18.91,1765.9,19823.0,0
2026-06-08 23:00:00,M13,165,OP-06,3,72.7,4.041,3.666,bar,21.54,1744.9,20663.0,0
2026-06-08 23:00:00,M14,6,OP-03,3,67.99,2.816,4.032,bar,19.71,1763.1,1583.0,0
2026-06-08 23:00:00,M15,93,OP-09,3,68.88,,4.026,bar,20.14,1753.6,12023.0,0
2026-06-08 23:00:00,M16,149,OP-08,3,62.13,2.73,4.209,bar,19.0,1764.2,18743.0,0
2026-06-08 23:00:00,M17,29,OP-12,3,61.79,2.025,4.191,bar,17.79,1778.0,4343.0,0
2026-06-08 23:00:00,M18,145,OP-10,3,77.12,4.238,54.801,psi,20.61,1733.8,18263.0,0
2026-06-08 23:00:00,M19,26,OP-06,3,68.91,3.707,54.259,psi,20.28,1746.2,3983.0,0
2026-06-08 23:00:00,M20,87,OP-05,3,57.96,2.563,58.109,psi,17.61,1778.1,11303.0,0
2026-06-08 23:00:00,M21,148,OP-08,3,69.28,3.769,57.2,psi,20.14,1733.0,18623.0,1
2026-06-08 23:00:00,M22,59,OP-07,3,64.93,3.016,57.309,psi,19.4,1769.2,7943.0,0
2026-06-08 23:00:00,M23,65,OP-04,3,69.74,4.361,54.218,psi,22.36,1742.5,8663.0,0
2026-06-08 23:00:00,M24,54,OP-07,3,62.31,2.286,59.776,psi,17.3,1775.4,7343.0,0
2026-06-08 23:00:00,M25,131,OP-08,3,73.82,4.423,53.91,psi,22.23,1735.1,16583.0,0
2026-06-09 00:00:00,M01,171,OP-02,1,62.34,2.472,4.003,bar,18.17,1776.3,21384.0,0
2026-06-09 00:00:00,M02,115,OP-02,1,67.51,3.399,3.84,bar,20.27,1740.8,14664.0,0
2026-06-09 00:00:00,M03,125,OP-10,1,78.53,3.933,3.792,bar,21.33,1727.2,15864.0,0
2026-06-09 00:00:00,M04,163,OP-02,1,68.93,2.941,3.933,bar,18.95,1761.5,20424.0,0
2026-06-09 00:00:00,M05,107,OP-07,1,70.71,3.5,3.761,bar,20.03,1741.0,13704.0,1
2026-06-09 00:00:00,M06,141,OP-02,1,63.43,2.372,4.016,bar,19.42,1758.8,17784.0,0
2026-06-09 00:00:00,M07,151,OP-03,1,71.39,3.068,3.905,bar,19.44,1759.7,18984.0,0
2026-06-09 00:00:00,M08,45,OP-11,1,63.77,2.135,4.238,bar,17.4,1759.2,6264.0,0
2026-06-09 00:00:00,M09,15,OP-07,1,65.68,3.109,3.717,bar,18.72,1755.5,2664.0,0
2026-06-09 00:00:00,M10,58,OP-11,1,75.48,,3.895,bar,21.14,1744.4,7824.0,0
2026-06-09 00:00:00,M11,55,OP-07,1,72.81,4.487,3.468,bar,21.71,1732.4,7464.0,1
2026-06-09 00:00:00,M12,158,OP-02,1,68.7,2.288,4.045,bar,19.18,1769.5,19824.0,0
2026-06-09 00:00:00,M13,165,OP-08,1,71.53,4.007,3.636,bar,21.36,1736.4,20664.0,0
2026-06-09 00:00:00,M14,6,OP-11,1,67.79,2.708,4.137,bar,19.08,1758.0,1584.0,0
2026-06-09 00:00:00,M15,93,OP-04,1,69.99,3.53,3.832,bar,20.36,1762.1,12024.0,0
2026-06-09 00:00:00,M16,149,OP-10,1,65.7,2.583,4.106,bar,18.22,1756.3,18744.0,0
2026-06-09 00:00:00,M17,29,OP-02,1,61.56,1.756,4.338,bar,18.42,1790.4,4344.0,0
2026-06-09 00:00:00,M18,145,OP-07,1,70.84,4.091,56.116,psi,20.87,1741.9,18264.0,0
2026-06-09 00:00:00,M19,26,OP-12,1,71.19,3.415,56.295,psi,20.9,1745.8,3984.0,0
2026-06-09 00:00:00,M20,87,OP-01,1,59.79,2.279,59.248,psi,19.29,1773.9,11304.0,0
2026-06-09 00:00:00,M21,148,OP-09,1,69.7,3.727,54.534,psi,21.45,1750.1,18624.0,1
2026-06-09 00:00:00,M22,59,OP-08,1,68.53,2.893,57.67,psi,20.57,1761.8,7944.0,0
2026-06-09 00:00:00,M23,65,OP-11,1,73.39,4.224,52.771,psi,21.39,1751.5,8664.0,0
2026-06-09 00:00:00,M24,54,OP-08,1,64.54,2.207,60.298,psi,18.4,1763.0,7344.0,0
2026-06-09 00:00:00,M25,131,OP-11,1,68.63,4.076,52.488,psi,21.57,1728.3,16584.0,0
2026-06-09 01:00:00,M01,171,OP-05,1,64.68,2.772,3.969,bar,18.24,1775.6,21385.0,0
2026-06-09 01:00:00,M02,115,OP-10,1,71.19,,3.959,bar,18.72,1764.0,14665.0,0
2026-06-09 01:00:00,M03,125,OP-10,1,76.07,4.113,3.896,bar,21.61,1741.5,15865.0,0
2026-06-09 01:00:00,M04,163,OP-10,1,59.69,2.553,4.041,bar,19.5,1746.3,20425.0,0
2026-06-09 01:00:00,M05,107,OP-06,1,68.0,3.588,3.905,bar,20.19,1739.0,13705.0,1
2026-06-09 01:00:00,M06,141,OP-08,1,63.62,2.448,4.085,bar,19.36,1774.7,17785.0,0
2026-06-09 01:00:00,M07,151,OP-08,1,64.24,3.004,3.978,bar,19.02,1768.4,18985.0,0
2026-06-09 01:00:00,M08,45,OP-03,1,60.43,2.38,3.954,bar,18.36,1772.7,6265.0,0
2026-06-09 01:00:00,M09,15,OP-11,1,67.0,2.696,3.993,bar,18.98,1782.6,2665.0,0
2026-06-09 01:00:00,M10,58,OP-04,1,75.61,3.897,3.6,bar,21.83,1743.7,7825.0,0
2026-06-09 01:00:00,M11,55,OP-06,1,78.16,4.495,3.538,bar,21.7,1734.6,7465.0,1
2026-06-09 01:00:00,M12,158,OP-06,1,64.33,2.286,4.005,bar,17.5,1772.4,19825.0,0
2026-06-09 01:00:00,M13,165,OP-01,1,72.15,4.062,3.576,bar,22.46,1750.6,20665.0,0
2026-06-09 01:00:00,M14,6,OP-02,1,61.47,3.088,3.93,bar,19.34,1769.8,1585.0,0
2026-06-09 01:00:00,M15,93,OP-09,1,70.79,3.776,4.211,bar,18.68,1741.6,12025.0,0
2026-06-09 01:00:00,M16,149,OP-01,1,63.71,2.481,3.894,bar,17.98,1768.7,18745.0,0
2026-06-09 01:00:00,M17,29,OP-08,1,64.17,1.838,4.161,bar,17.7,1773.6,4345.0,0
2026-06-09 01:00:00,M18,145,OP-07,1,75.13,,53.685,psi,21.98,1712.0,18265.0,0
2026-06-09 01:00:00,M19,26,OP-09,1,67.3,,55.899,psi,21.1,1753.4,3985.0,0
2026-06-09 01:00:00,M20,87,OP-12,1,59.36,2.05,60.947,psi,18.41,1751.4,11305.0,0
2026-06-09 01:00:00,M21,148,OP-07,1,68.78,3.77,52.508,psi,20.58,1751.2,18625.0,1
2026-06-09 01:00:00,M22,59,OP-04,1,67.28,2.881,56.149,psi,20.65,1750.1,7945.0,0
2026-06-09 01:00:00,M23,65,OP-05,1,74.29,4.312,52.236,psi,20.69,1741.8,8665.0,0
2026-06-09 01:00:00,M24,54,OP-07,1,65.73,2.112,59.127,psi,19.38,1767.1,7345.0,0
2026-06-09 01:00:00,M25,131,OP-03,1,74.54,4.264,53.62,psi,21.94,1752.5,16585.0,0
2026-06-09 02:00:00,M01,171,OP-06,1,63.45,2.325,4.055,bar,18.57,1765.1,21386.0,0
2026-06-09 02:00:00,M02,115,OP-05,1,69.62,3.49,3.89,bar,20.36,1763.3,14666.0,0
2026-06-09 02:00:00,M03,125,OP-11,1,69.24,4.181,3.715,bar,21.4,1736.5,15866.0,0
2026-06-09 02:00:00,M04,163,OP-06,1,64.77,2.584,4.272,bar,18.68,1760.4,20426.0,0
2026-06-09 02:00:00,M05,107,OP-02,1,63.71,3.308,3.613,bar,21.25,1748.9,13706.0,1
2026-06-09 02:00:00,M06,141,OP-07,1,62.95,2.548,4.04,bar,18.64,1764.4,17786.0,0
2026-06-09 02:00:00,M07,151,OP-12,1,68.92,2.899,3.822,bar,19.84,1763.0,18986.0,0
2026-06-09 02:00:00,M08,45,OP-07,1,62.93,2.139,4.164,bar,18.28,1767.2,6266.0,0
2026-06-09 02:00:00,M09,15,OP-04,1,67.07,2.685,3.851,bar,19.18,1760.1,2666.0,0
2026-06-09 02:00:00,M10,58,OP-10,1,70.11,3.863,3.633,bar,21.86,1738.9,7826.0,0
2026-06-09 02:00:00,M11,55,OP-12,1,79.66,4.641,3.565,bar,22.56,1733.9,7466.0,1
2026-06-09 02:00:00,M12,158,OP-05,1,60.74,2.315,3.899,bar,18.48,1783.8,19826.0,0
2026-06-09 02:00:00,M13,165,OP-07,1,75.91,3.913,3.759,bar,21.05,1742.5,20666.0,0
2026-06-09 02:00:00,M14,6,OP-06,1,70.79,2.611,4.058,bar,19.95,1758.1,1586.0,0
2026-06-09 02:00:00,M15,93,OP-06,1,71.02,3.538,3.905,bar,20.24,1737.5,12026.0,0
2026-06-09 02:00:00,M16,149,OP-11,1,61.68,2.763,4.266,bar,19.38,1768.4,18746.0,0
2026-06-09 02:00:00,M17,29,OP-08,1,62.05,1.829,4.198,bar,16.55,1774.9,4346.0,0
2026-06-09 02:00:00,M18,145,OP-08,1,74.18,4.344,52.501,psi,21.17,1739.7,18266.0,0
2026-06-09 02:00:00,M19,26,OP-11,1,65.99,3.447,54.432,psi,21.05,1749.6,3986.0,0
2026-06-09 02:00:00,M20,87,OP-07,1,64.18,2.297,58.541,psi,19.47,1760.2,11306.0,0
2026-06-09 02:00:00,M21,148,OP-07,1,71.47,3.661,53.032,psi,21.09,1755.8,18626.0,1
2026-06-09 02:00:00,M22,59,OP-04,1,68.5,2.684,58.148,psi,19.14,1755.3,7946.0,0
2026-06-09 02:00:00,M23,65,OP-07,1,69.02,4.288,51.488,psi,21.55,1740.3,8666.0,0
2026-06-09 02:00:00,M24,54,OP-04,1,63.31,2.192,59.924,psi,18.95,1777.0,7346.0,0
2026-06-09 02:00:00,M25,131,OP-10,1,67.9,4.125,55.837,psi,21.52,1738.7,16586.0,0
2026-06-09 03:00:00,M01,171,OP-02,1,65.44,,4.221,bar,18.82,1768.1,21387.0,0
2026-06-09 03:00:00,M02,115,OP-02,1,70.79,3.648,3.836,bar,21.05,1747.7,14667.0,0
2026-06-09 03:00:00,M03,125,OP-12,1,66.94,3.954,3.69,bar,21.16,1733.9,15867.0,0
2026-06-09 03:00:00,M04,163,OP-12,1,62.0,2.634,4.184,bar,19.18,1773.9,20427.0,0
2026-06-09 03:00:00,M05,107,OP-07,1,75.07,3.606,3.899,bar,19.54,1745.7,13707.0,1
2026-06-09 03:00:00,M06,141,OP-10,1,64.84,2.263,3.936,bar,18.32,1757.9,17787.0,0
2026-06-09 03:00:00,M07,151,OP-01,1,61.48,3.094,3.873,bar,17.01,1765.9,18987.0,0
2026-06-09 03:00:00,M08,45,OP-10,1,59.68,2.052,4.149,bar,18.63,1771.4,6267.0,0
2026-06-09 03:00:00,M09,15,OP-12,1,67.59,2.924,3.954,bar,18.56,1767.1,2667.0,0
2026-06-09 03:00:00,M10,58,OP-02,1,73.3,4.067,3.821,bar,21.07,1751.5,7827.0,0
2026-06-09 03:00:00,M11,55,OP-07,1,71.95,4.446,3.503,bar,21.85,1732.2,7467.0,1
2026-06-09 03:00:00,M12,158,OP-05,1,69.1,2.04,4.134,bar,19.74,1766.1,19827.0,0
2026-06-09 03:00:00,M13,165,OP-07,1,67.95,3.904,3.737,bar,20.98,1741.0,20667.0,0
2026-06-09 03:00:00,M14,6,OP-05,1,67.82,3.144,4.038,bar,19.03,1770.9,1587.0,0
2026-06-09 03:00:00,M15,93,OP-10,1,71.13,3.537,3.759,bar,20.09,1768.5,12027.0,0
2026-06-09 03:00:00,M16,149,OP-04,1,64.46,2.585,4.118,bar,18.77,1761.2,18747.0,0
2026-06-09 03:00:00,M17,29,OP-07,1,67.63,1.752,4.305,bar,18.47,1783.2,4347.0,0
2026-06-09 03:00:00,M18,145,OP-05,1,67.82,4.071,51.589,psi,21.82,1748.9,18267.0,0
2026-06-09 03:00:00,M19,26,OP-03,1,72.13,3.839,54.352,psi,19.46,1753.9,3987.0,0
2026-06-09 03:00:00,M20,87,OP-07,1,64.45,2.445,57.822,psi,19.46,1772.9,11307.0,0
2026-06-09 03:00:00,M21,148,OP-07,1,65.94,3.924,52.649,psi,21.17,1760.5,18627.0,1
2026-06-09 03:00:00,M22,59,OP-02,1,62.25,2.823,59.16,psi,18.75,1758.4,7947.0,0
2026-06-09 03:00:00,M23,65,OP-04,1,74.11,4.329,53.488,psi,21.55,1741.0,8667.0,0
2026-06-09 03:00:00,M24,54,OP-07,1,60.43,2.518,59.846,psi,17.72,1770.7,7347.0,0
2026-06-09 03:00:00,M25,131,OP-09,1,68.24,4.108,54.056,psi,21.5,1731.3,16587.0,0
2026-06-09 04:00:00,M01,171,OP-11,1,65.19,2.355,4.021,bar,19.27,1770.5,21388.0,0
2026-06-09 04:00:00,M02,115,OP-02,1,73.52,3.594,3.822,bar,20.78,1767.8,14668.0,0
2026-06-09 04:00:00,M03,125,OP-07,1,75.72,4.042,3.645,bar,22.08,1743.8,15868.0,0
2026-06-09 04:00:00,M04,163,OP-01,1,66.66,2.722,4.194,bar,19.29,1778.4,20428.0,0
2026-06-09 04:00:00,M05,107,OP-07,1,66.48,3.312,3.843,bar,21.52,1744.9,13708.0,1
2026-06-09 04:00:00,M06,141,OP-07,1,60.47,2.566,4.11,bar,18.27,1769.5,17788.0,0
2026-06-09 04:00:00,M07,151,OP-10,1,63.71,2.761,4.085,bar,19.99,1761.6,18988.0,0
2026-06-09 04:00:00,M08,45,OP-06,1,61.19,2.08,4.049,bar,19.46,1771.3,6268.0,0
2026-06-09 04:00:00,M09,15,OP-08,1,66.2,2.928,3.931,bar,19.8,1759.0,2668.0,0
2026-06-09 04:00:00,M10,58,OP-01,1,74.64,4.053,3.797,bar,20.36,1747.0,7828.0,0
2026-06-09 04:00:00,M11,55,OP-07,1,81.12,4.429,3.529,bar,21.85,1745.1,7468.0,1
2026-06-09 04:00:00,M12,158,OP-10,1,59.49,2.262,4.056,bar,17.52,1771.0,19828.0,0
2026-06-09 04:00:00,M13,165,OP-07,1,79.85,,3.845,bar,21.39,1741.4,20668.0,0
2026-06-09 04:00:00,M14,6,OP-11,1,61.1,2.752,3.716,bar,19.46,1750.0,1588.0,0
2026-06-09 04:00:00,M15,93,OP-01,1,61.04,,3.901,bar,19.75,1736.1,12028.0,0
2026-06-09 04:00:00,M16,149,OP-07,1,67.16,2.908,3.954,bar,18.9,1760.0,18748.0,0
2026-06-09 04:00:00,M17,29,OP-11,1,61.27,1.679,4.114,bar,16.5,1770.4,4348.0,0
2026-06-09 04:00:00,M18,145,OP-09,1,72.58,4.396,52.531,psi,21.2,1759.4,18268.0,0
2026-06-09 04:00:00,M19,26,OP-02,1,74.07,3.297,56.047,psi,20.54,1749.1,3988.0,0
2026-06-09 04:00:00,M20,87,OP-05,1,61.49,2.156,58.497,psi,19.7,1768.4,11308.0,0
2026-06-09 04:00:00,M21,148,OP-07,1,72.96,,55.155,psi,20.69,1746.9,18628.0,1
2026-06-09 04:00:00,M22,59,OP-03,1,66.46,2.889,59.949,psi,20.58,1764.1,7948.0,0
2026-06-09 04:00:00,M23,65,OP-07,1,78.59,,55.482,psi,21.56,1736.8,8668.0,0
2026-06-09 04:00:00,M24,54,OP-01,1,65.0,2.255,56.62,psi,18.55,1783.4,7348.0,0
2026-06-09 04:00:00,M25,131,OP-07,1,72.53,4.08,51.451,psi,21.5,1727.0,16588.0,0
2026-06-09 05:00:00,M01,171,OP-07,1,67.71,2.482,4.018,bar,19.11,1780.5,21389.0,0
2026-06-09 05:00:00,M02,115,OP-07,1,72.76,3.526,3.861,bar,20.76,1752.6,14669.0,0
2026-06-09 05:00:00,M03,125,OP-07,1,74.08,4.169,3.856,bar,21.35,1751.9,15869.0,1
2026-06-09 05:00:00,M04,163,OP-01,1,66.69,2.671,3.862,bar,19.44,1762.0,20429.0,0
2026-06-09 05:00:00,M05,107,OP-12,1,74.51,3.555,3.984,bar,20.05,1755.3,13709.0,1
2026-06-09 05:00:00,M06,141,OP-09,1,64.17,2.82,3.921,bar,19.05,1771.3,17789.0,0
2026-06-09 05:00:00,M07,151,OP-02,1,73.38,3.081,3.842,bar,19.8,1765.8,18989.0,0
2026-06-09 05:00:00,M08,45,OP-08,1,50.46,2.219,3.969,bar,18.58,1775.3,6269.0,0
2026-06-09 05:00:00,M09,15,OP-07,1,64.24,2.899,3.948,bar,18.92,1751.9,2669.0,0
2026-06-09 05:00:00,M10,58,OP-09,1,70.62,3.689,3.528,bar,22.43,1751.8,7829.0,0
2026-06-09 05:00:00,M11,55,OP-10,1,74.62,4.556,3.572,bar,21.34,1737.8,7469.0,1
2026-06-09 05:00:00,M12,158,OP-12,1,63.69,2.571,4.145,bar,19.28,1768.5,19829.0,0
2026-06-09 05:00:00,M13,165,OP-09,1,77.95,4.021,3.659,bar,21.4,1752.2,20669.0,0
2026-06-09 05:00:00,M14,6,OP-11,1,69.1,2.72,3.963,bar,19.08,1749.9,1589.0,0
2026-06-09 05:00:00,M15,93,OP-10,1,70.95,3.571,3.972,bar,20.12,1759.3,12029.0,0
2026-06-09 05:00:00,M16,149,OP-05,1,62.88,2.662,4.04,bar,19.17,1781.8,18749.0,0
2026-06-09 05:00:00,M17,29,OP-03,1,65.99,1.886,4.349,bar,17.82,1772.9,4349.0,0
2026-06-09 05:00:00,M18,145,OP-05,1,68.3,,52.902,psi,21.34,1736.4,18269.0,0
2026-06-09 05:00:00,M19,26,OP-06,1,69.46,3.623,57.047,psi,19.4,1757.3,3989.0,0
2026-06-09 05:00:00,M20,87,OP-01,1,61.4,2.41,58.574,psi,19.01,1773.0,11309.0,0
2026-06-09 05:00:00,M21,148,OP-08,1,70.37,3.979,55.367,psi,20.9,1749.6,18629.0,1
2026-06-09 05:00:00,M22,59,OP-08,1,68.08,2.841,57.396,psi,19.47,1755.4,7949.0,0
2026-06-09 05:00:00,M23,65,OP-01,1,69.66,4.218,53.962,psi,20.49,1745.0,8669.0,0
2026-06-09 05:00:00,M24,54,OP-08,1,63.98,2.018,58.698,psi,18.94,1753.6,7349.0,0
2026-06-09 05:00:00,M25,131,OP-07,1,78.69,,52.253,psi,21.31,1753.8,16589.0,0
2026-06-09 06:00:00,M01,171,OP-02,1,64.16,2.646,3.987,bar,18.67,1771.3,21390.0,0
2026-06-09 06:00:00,M02,115,OP-02,1,69.97,3.38,3.845,bar,20.04,1745.8,14670.0,0
2026-06-09 06:00:00,M03,125,OP-07,1,68.58,4.214,3.643,bar,21.2,1731.8,15870.0,1
2026-06-09 06:00:00,M04,163,OP-04,1,67.46,2.558,4.263,bar,18.24,1767.0,20430.0,0
2026-06-09 06:00:00,M05,107,OP-07,1,65.91,3.605,3.889,bar,20.71,1756.9,13710.0,1
2026-06-09 06:00:00,M06,141,OP-12,1,64.23,2.573,4.045,bar,18.11,1775.1,17790.0,0
2026-06-09 06:00:00,M07,151,OP-07,1,65.42,2.876,4.034,bar,19.1,1758.1,18990.0,0
2026-06-09 06:00:00,M08,45,OP-11,1,62.82,1.974,4.377,bar,18.79,1766.3,6270.0,0
2026-06-09 06:00:00,M09,15,OP-06,1,70.07,2.769,4.044,bar,18.76,1753.3,2670.0,0
2026-06-09 06:00:00,M10,58,OP-11,1,70.01,4.056,3.622,bar,22.06,1739.3,7830.0,0
2026-06-09 06:00:00,M11,55,OP-07,1,78.47,4.805,3.537,bar,21.88,1742.7,7470.0,1
2026-06-09 06:00:00,M12,158,OP-02,1,67.2,2.25,3.985,bar,18.78,1775.3,19830.0,0
2026-06-09 06:00:00,M13,165,OP-09,1,69.47,4.041,3.58,bar,20.68,1734.6,20670.0,0
2026-06-09 06:00:00,M14,6,OP-08,1,63.79,3.105,3.959,bar,18.68,1772.1,1590.0,0
2026-06-09 06:00:00,M15,93,OP-04,1,71.89,3.564,3.672,bar,19.47,1743.9,12030.0,0
2026-06-09 06:00:00,M16,149,OP-08,1,59.56,2.794,4.123,bar,18.9,1759.4,18750.0,0
2026-06-09 06:00:00,M17,29,OP-09,1,58.12,1.596,4.106,bar,16.83,1766.7,4350.0,0
2026-06-09 06:00:00,M18,145,OP-10,1,68.86,4.014,58.573,psi,20.56,1751.0,18270.0,0
2026-06-09 06:00:00,M19,26,OP-10,1,66.75,3.674,53.341,psi,20.6,1748.4,3990.0,0
2026-06-09 06:00:00,M20,87,OP-02,1,60.3,2.449,64.167,psi,18.66,1774.7,11310.0,0
2026-06-09 06:00:00,M21,148,OP-07,1,71.29,3.84,54.871,psi,20.84,1741.2,18630.0,1
2026-06-09 06:00:00,M22,59,OP-03,1,63.92,3.06,56.471,psi,19.89,1772.2,7950.0,0
2026-06-09 06:00:00,M23,65,OP-09,1,67.7,3.899,52.301,psi,21.97,1763.5,8670.0,0
2026-06-09 06:00:00,M24,54,OP-03,1,70.16,2.208,60.976,psi,18.84,1772.5,7350.0,0
2026-06-09 06:00:00,M25,131,OP-08,1,72.65,4.11,52.465,psi,21.28,1748.1,16590.0,0
2026-06-09 07:00:00,M01,171,OP-04,1,59.9,2.618,4.331,bar,18.76,1768.2,21391.0,0
2026-06-09 07:00:00,M02,115,OP-02,1,62.83,3.297,3.795,bar,20.57,1748.8,14671.0,0
2026-06-09 07:00:00,M03,125,OP-06,1,71.8,4.11,3.614,bar,21.86,1744.3,15871.0,1
2026-06-09 07:00:00,M04,163,OP-01,1,63.75,2.543,4.085,bar,18.81,1776.8,20431.0,0
2026-06-09 07:00:00,M05,107,OP-07,1,71.54,3.634,4.079,bar,20.85,1741.2,13711.0,1
2026-06-09 07:00:00,M06,141,OP-02,1,67.29,2.704,3.905,bar,18.73,1765.8,17791.0,0
2026-06-09 07:00:00,M07,151,OP-09,1,68.39,3.073,3.998,bar,18.54,1762.9,18991.0,0
2026-06-09 07:00:00,M08,45,OP-02,1,61.77,2.149,4.126,bar,18.48,1767.1,6271.0,0
2026-06-09 07:00:00,M09,15,OP-01,1,63.52,2.572,3.72,bar,18.98,1765.3,2671.0,0
2026-06-09 07:00:00,M10,58,OP-06,1,75.45,4.024,3.949,bar,21.15,1742.7,7831.0,0
2026-06-09 07:00:00,M11,55,OP-07,1,77.38,4.491,3.57,bar,22.86,1719.1,7471.0,1
2026-06-09 07:00:00,M12,158,OP-07,1,61.08,2.426,4.289,bar,19.03,1784.8,19831.0,0
2026-06-09 07:00:00,M13,165,OP-06,1,70.27,4.093,3.564,bar,21.51,1742.6,20671.0,0
2026-06-09 07:00:00,M14,6,OP-09,1,64.69,2.567,3.902,bar,19.25,1750.4,1591.0,0
2026-06-09 07:00:00,M15,93,OP-11,1,66.02,3.506,3.758,bar,21.5,1752.8,12031.0,0
2026-06-09 07:00:00,M16,149,OP-12,1,68.59,2.522,3.978,bar,18.6,1757.9,18751.0,0
2026-06-09 07:00:00,M17,29,OP-04,1,58.05,1.872,4.116,bar,17.47,1763.8,4351.0,0
2026-06-09 07:00:00,M18,145,OP-09,1,73.05,4.116,51.783,psi,21.26,1725.3,18271.0,0
2026-06-09 07:00:00,M19,26,OP-03,1,71.12,3.561,57.351,psi,19.74,1740.8,3991.0,0
2026-06-09 07:00:00,M20,87,OP-11,1,69.49,2.279,57.912,psi,18.45,1771.4,11311.0,0
2026-06-09 07:00:00,M21,148,OP-07,1,76.9,3.764,50.803,psi,20.18,1763.0,18631.0,1
2026-06-09 07:00:00,M22,59,OP-06,1,69.62,2.584,57.981,psi,19.65,1749.5,7951.0,0
2026-06-09 07:00:00,M23,65,OP-07,1,72.42,4.118,51.421,psi,21.11,1734.3,8671.0,0
2026-06-09 07:00:00,M24,54,OP-02,1,62.96,2.547,59.028,psi,17.87,1770.6,7351.0,0
2026-06-09 07:00:00,M25,131,OP-05,1,66.29,4.304,57.013,psi,21.03,1744.8,16591.0,0
2026-06-09 08:00:00,M01,171,OP-08,2,62.74,2.575,4.221,bar,19.82,1763.6,21392.0,0
2026-06-09 08:00:00,M02,115,OP-04,2,70.91,3.363,3.709,bar,20.06,1737.2,14672.0,0
2026-06-09 08:00:00,M03,125,OP-04,2,72.23,4.106,3.686,bar,20.57,1741.1,15872.0,1
2026-06-09 08:00:00,M04,163,OP-11,2,63.54,2.516,4.061,bar,19.75,1753.3,20432.0,0
2026-06-09 08:00:00,M05,107,OP-02,2,65.94,3.688,4.045,bar,19.89,1757.4,13712.0,1
2026-06-09 08:00:00,M06,141,OP-07,2,66.27,2.475,3.792,bar,19.28,1760.8,17792.0,0
2026-06-09 08:00:00,M07,151,OP-04,2,63.52,2.857,4.19,bar,19.25,1766.6,18992.0,0
2026-06-09 08:00:00,M08,45,OP-10,2,62.74,2.068,4.27,bar,18.62,1777.3,6272.0,0
2026-06-09 08:00:00,M09,15,OP-02,2,71.4,2.587,3.754,bar,19.75,1764.7,2672.0,0
2026-06-09 08:00:00,M10,58,OP-01,2,69.35,4.107,3.555,bar,21.38,1739.7,7832.0,0
2026-06-09 08:00:00,M11,55,OP-09,2,80.84,4.647,3.753,bar,21.48,1744.3,7472.0,1
2026-06-09 08:00:00,M12,158,OP-12,2,61.05,2.718,4.134,bar,19.5,1776.3,19832.0,0
2026-06-09 08:00:00,M13,165,OP-07,2,73.07,3.999,3.876,bar,21.3,1762.8,20672.0,0
2026-06-09 08:00:00,M14,6,OP-12,2,63.33,2.451,3.96,bar,19.26,1760.4,1592.0,0
2026-06-09 08:00:00,M15,93,OP-11,2,64.59,,3.759,bar,20.79,1744.9,12032.0,0
2026-06-09 08:00:00,M16,149,OP-11,2,66.79,2.718,4.073,bar,19.08,1752.0,18752.0,0
2026-06-09 08:00:00,M17,29,OP-07,2,59.19,1.943,4.301,bar,17.91,1777.1,4352.0,0
2026-06-09 08:00:00,M18,145,OP-06,2,73.2,4.19,52.746,psi,21.31,1741.2,18272.0,0
2026-06-09 08:00:00,M19,26,OP-04,2,65.45,3.869,56.375,psi,20.53,1752.1,3992.0,0
2026-06-09 08:00:00,M20,87,OP-02,2,62.88,2.704,57.116,psi,17.49,1762.0,11312.0,0
2026-06-09 08:00:00,M21,148,OP-07,2,72.45,3.809,53.003,psi,21.42,1747.3,18632.0,1
2026-06-09 08:00:00,M22,59,OP-01,2,66.0,3.043,56.532,psi,19.68,1763.9,7952.0,0
2026-06-09 08:00:00,M23,65,OP-10,2,71.12,4.429,52.353,psi,22.06,1734.9,8672.0,0
2026-06-09 08:00:00,M24,54,OP-10,2,62.4,2.138,56.299,psi,19.3,1781.4,7352.0,0
2026-06-09 08:00:00,M25,131,OP-01,2,74.04,4.27,54.751,psi,21.12,1737.5,16592.0,0
2026-06-09 09:00:00,M01,171,OP-07,2,59.3,2.287,4.096,bar,18.4,1755.6,21393.0,0
2026-06-09 09:00:00,M02,115,OP-10,2,63.08,3.392,3.521,bar,20.24,1749.2,14673.0,0
2026-06-09 09:00:00,M03,125,OP-07,2,76.01,,3.709,bar,20.7,1747.4,15873.0,1
2026-06-09 09:00:00,M04,163,OP-03,2,62.27,2.585,4.031,bar,19.29,1769.3,20433.0,0
2026-06-09 09:00:00,M05,107,OP-07,2,75.06,3.307,3.793,bar,20.21,1761.7,13713.0,1
2026-06-09 09:00:00,M06,141,OP-04,2,63.39,2.561,4.152,bar,19.09,1764.0,17793.0,0
2026-06-09 09:00:00,M07,151,OP-12,2,63.37,2.885,3.813,bar,19.65,1761.4,18993.0,0
2026-06-09 09:00:00,M08,45,OP-01,2,66.32,2.368,4.189,bar,18.12,1765.2,6273.0,0
2026-06-09 09:00:00,M09,15,OP-11,2,64.12,2.796,4.111,bar,20.1,1764.2,2673.0,0
2026-06-09 09:00:00,M10,58,OP-03,2,74.91,3.864,3.52,bar,20.32,1737.1,7833.0,0
2026-06-09 09:00:00,M11,55,OP-07,2,72.63,4.58,3.414,bar,22.62,1737.6,7473.0,1
2026-06-09 09:00:00,M12,158,OP-07,2,58.55,2.523,4.047,bar,18.41,1763.9,19833.0,0
2026-06-09 09:00:00,M13,165,OP-05,2,72.39,4.153,3.818,bar,21.66,1751.7,20673.0,0
2026-06-09 09:00:00,M14,6,OP-09,2,60.27,2.928,3.942,bar,18.47,1769.4,1593.0,0
2026-06-09 09:00:00,M15,93,OP-07,2,72.83,3.747,3.718,bar,20.13,1737.4,12033.0,0
2026-06-09 09:00:00,M16,149,OP-03,2,68.29,2.726,4.131,bar,20.35,1756.3,18753.0,0
2026-06-09 09:00:00,M17,29,OP-06,2,60.38,2.156,4.089,bar,16.89,1773.0,4353.0,0
2026-06-09 09:00:00,M18,145,OP-11,2,75.01,3.925,52.402,psi,22.18,1749.0,18273.0,0
2026-06-09 09:00:00,M19,26,OP-04,2,71.08,3.435,54.116,psi,19.74,1742.5,3993.0,0
2026-06-09 09:00:00,M20,87,OP-05,2,62.45,2.765,58.364,psi,18.98,1760.0,11313.0,0
2026-06-09 09:00:00,M21,148,OP-01,2,69.58,3.922,56.945,psi,21.11,1758.0,18633.0,1
2026-06-09 09:00:00,M22,59,OP-01,2,63.01,2.969,57.38,psi,19.17,1756.9,7953.0,0
2026-06-09 09:00:00,M23,65,OP-12,2,74.43,3.95,57.22,psi,22.55,1750.7,8673.0,0
2026-06-09 09:00:00,M24,54,OP-08,2,62.59,2.333,58.917,psi,18.16,1769.4,7353.0,0
2026-06-09 09:00:00,M25,131,OP-09,2,71.46,4.262,52.506,psi,22.63,1739.7,16593.0,0
2026-06-09 10:00:00,M01,171,OP-03,2,63.19,2.597,4.112,bar,18.96,1762.8,21394.0,0
2026-06-09 10:00:00,M02,115,OP-05,2,65.74,3.411,3.818,bar,20.25,1739.1,14674.0,0
2026-06-09 10:00:00,M03,125,OP-07,2,69.49,4.027,3.76,bar,22.07,1742.3,15874.0,1
2026-06-09 10:00:00,M04,163,OP-07,2,61.04,2.368,4.085,bar,19.69,1752.2,20434.0,0
2026-06-09 10:00:00,M05,107,OP-07,2,64.86,,3.912,bar,20.89,1760.6,13714.0,1
2026-06-09 10:00:00,M06,141,OP-08,2,67.96,2.448,4.129,bar,18.91,1757.7,17794.0,0
2026-06-09 10:00:00,M07,151,OP-06,2,64.63,,3.946,bar,18.26,1769.4,18994.0,0
2026-06-09 10:00:00,M08,45,OP-03,2,64.69,2.16,4.182,bar,18.49,1772.5,6274.0,0
2026-06-09 10:00:00,M09,15,OP-06,2,69.65,3.126,4.026,bar,18.71,1769.1,2674.0,0
2026-06-09 10:00:00,M10,58,OP-03,2,63.95,3.975,3.661,bar,22.05,1753.5,7834.0,0
2026-06-09 10:00:00,M11,55,OP-10,2,78.06,,3.64,bar,23.08,1724.6,7474.0,1
2026-06-09 10:00:00,M12,158,OP-07,2,63.53,2.555,4.005,bar,18.83,1772.7,19834.0,0
2026-06-09 10:00:00,M13,165,OP-09,2,78.73,4.272,3.805,bar,21.51,1737.8,20674.0,0
2026-06-09 10:00:00,M14,6,OP-06,2,63.07,2.921,4.064,bar,19.27,1762.9,1594.0,0
2026-06-09 10:00:00,M15,93,OP-09,2,72.48,3.525,3.808,bar,20.9,1748.4,12034.0,0
2026-06-09 10:00:00,M16,149,OP-06,2,70.01,2.803,4.12,bar,18.69,1755.8,18754.0,0
2026-06-09 10:00:00,M17,29,OP-02,2,63.38,1.923,4.242,bar,18.47,1780.4,4354.0,0
2026-06-09 10:00:00,M18,145,OP-05,2,70.86,4.359,51.794,psi,20.83,1752.6,18274.0,0
2026-06-09 10:00:00,M19,26,OP-12,2,70.56,3.771,54.624,psi,20.23,1758.3,3994.0,0
2026-06-09 10:00:00,M20,87,OP-03,2,64.49,2.424,59.398,psi,19.44,1773.8,11314.0,0
2026-06-09 10:00:00,M21,148,OP-07,2,72.04,3.712,54.747,psi,20.65,1755.4,18634.0,1
2026-06-09 10:00:00,M22,59,OP-01,2,62.05,2.941,61.081,psi,19.63,1756.3,7954.0,0
2026-06-09 10:00:00,M23,65,OP-04,2,71.02,4.244,53.529,psi,23.24,1745.2,8674.0,0
2026-06-09 10:00:00,M24,54,OP-12,2,61.84,2.395,60.441,psi,17.9,1769.6,7354.0,0
2026-06-09 10:00:00,M25,131,OP-02,2,71.93,4.042,51.297,psi,21.72,1751.0,16594.0,0
2026-06-09 11:00:00,M01,171,OP-05,2,60.2,2.397,3.943,bar,19.73,1768.0,21395.0,0
2026-06-09 11:00:00,M02,115,OP-07,2,74.93,3.312,3.801,bar,18.37,1760.8,14675.0,0
2026-06-09 11:00:00,M03,125,OP-07,2,63.69,4.129,3.634,bar,21.13,1737.2,15875.0,1
2026-06-09 11:00:00,M04,163,OP-04,2,64.65,2.415,3.781,bar,19.81,1769.2,20435.0,0
2026-06-09 11:00:00,M05,107,OP-07,2,64.33,,3.738,bar,20.35,1749.6,13715.0,1
2026-06-09 11:00:00,M06,141,OP-04,2,63.3,2.488,4.037,bar,18.24,1769.9,17795.0,0
2026-06-09 11:00:00,M07,151,OP-09,2,65.31,,3.995,bar,19.98,1763.4,18995.0,0
2026-06-09 11:00:00,M08,45,OP-04,2,64.37,2.179,4.18,bar,17.85,1782.7,6275.0,0
2026-06-09 11:00:00,M09,15,OP-02,2,61.67,2.702,3.943,bar,19.52,1765.0,2675.0,0
2026-06-09 11:00:00,M10,58,OP-05,2,75.42,4.17,3.584,bar,20.97,1749.0,7835.0,0
2026-06-09 11:00:00,M11,55,OP-09,2,70.64,4.493,3.565,bar,23.11,1730.6,7475.0,1
2026-06-09 11:00:00,M12,158,OP-11,2,62.41,2.519,3.956,bar,19.06,1757.4,19835.0,0
2026-06-09 11:00:00,M13,165,OP-05,2,69.98,3.781,3.833,bar,20.12,1738.0,20675.0,0
2026-06-09 11:00:00,M14,6,OP-12,2,64.51,,4.043,bar,19.31,1777.0,1595.0,0
2026-06-09 11:00:00,M15,93,OP-03,2,67.46,3.598,3.515,bar,20.11,1751.1,12035.0,0
2026-06-09 11:00:00,M16,149,OP-12,2,65.06,2.651,4.034,bar,18.79,1762.4,18755.0,0
2026-06-09 11:00:00,M17,29,OP-11,2,55.64,1.791,4.047,bar,17.29,1786.3,4355.0,0
2026-06-09 11:00:00,M18,145,OP-12,2,71.2,,55.467,psi,22.5,1748.9,18275.0,0
2026-06-09 11:00:00,M19,26,OP-06,2,69.82,,55.731,psi,19.92,1746.9,3995.0,0
2026-06-09 11:00:00,M20,87,OP-11,2,63.38,2.573,58.241,psi,18.86,1786.0,11315.0,0
2026-06-09 11:00:00,M21,148,OP-07,2,69.79,3.945,52.649,psi,20.94,1743.5,18635.0,1
2026-06-09 11:00:00,M22,59,OP-01,2,70.66,2.729,56.854,psi,18.86,1767.7,7955.0,0
2026-06-09 11:00:00,M23,65,OP-03,2,76.85,,50.742,psi,20.86,1731.1,8675.0,0
2026-06-09 11:00:00,M24,54,OP-02,2,63.6,2.374,57.323,psi,17.85,1766.5,7355.0,0
2026-06-09 11:00:00,M25,131,OP-07,2,76.71,4.229,52.3,psi,22.21,1729.6,16595.0,0
2026-06-09 12:00:00,M01,171,OP-07,2,67.65,2.941,4.008,bar,19.01,1765.3,21396.0,0
2026-06-09 12:00:00,M02,115,OP-01,2,67.79,3.757,3.975,bar,20.86,1754.3,14676.0,0
2026-06-09 12:00:00,M03,125,OP-04,2,74.87,4.042,3.924,bar,20.23,1749.2,15876.0,1
2026-06-09 12:00:00,M04,163,OP-07,2,58.66,2.43,4.138,bar,18.53,1764.1,20436.0,0
2026-06-09 12:00:00,M05,107,OP-07,2,61.56,3.585,3.886,bar,19.48,1747.0,13716.0,1
2026-06-09 12:00:00,M06,141,OP-05,2,68.2,2.254,3.821,bar,19.13,1762.1,17796.0,0
2026-06-09 12:00:00,M07,151,OP-10,2,65.13,2.883,3.766,bar,19.52,1751.9,18996.0,0
2026-06-09 12:00:00,M08,45,OP-02,2,66.23,2.163,3.849,bar,18.9,1767.4,6276.0,0
2026-06-09 12:00:00,M09,15,OP-01,2,67.45,2.44,4.043,bar,19.44,1763.4,2676.0,0
2026-06-09 12:00:00,M10,58,OP-03,2,75.68,3.877,3.464,bar,22.36,1755.3,7836.0,0
2026-06-09 12:00:00,M11,55,OP-09,2,81.76,4.806,3.681,bar,22.65,1740.3,7476.0,1
2026-06-09 12:00:00,M12,158,OP-04,2,61.84,2.54,3.986,bar,18.36,1767.1,19836.0,0
2026-06-09 12:00:00,M13,165,OP-07,2,70.33,3.98,3.517,bar,21.45,1741.5,20676.0,0
2026-06-09 12:00:00,M14,6,OP-02,2,69.13,2.592,3.916,bar,19.01,1761.1,1596.0,0
2026-06-09 12:00:00,M15,93,OP-07,2,71.38,3.875,3.879,bar,20.17,1746.5,12036.0,0
2026-06-09 12:00:00,M16,149,OP-12,2,64.97,2.836,4.21,bar,20.09,1756.9,18756.0,0
2026-06-09 12:00:00,M17,29,OP-10,2,66.29,1.861,4.263,bar,17.38,1762.1,4356.0,0
2026-06-09 12:00:00,M18,145,OP-05,2,77.64,4.382,54.267,psi,21.45,1722.7,18276.0,0
2026-06-09 12:00:00,M19,26,OP-05,2,73.91,3.593,55.872,psi,20.12,1740.9,3996.0,0
2026-06-09 12:00:00,M20,87,OP-12,2,60.76,2.447,59.004,psi,18.25,1772.7,11316.0,0
2026-06-09 12:00:00,M21,148,OP-03,2,70.47,3.711,54.328,psi,20.91,1756.9,18636.0,1
2026-06-09 12:00:00,M22,59,OP-05,2,69.64,2.6,58.034,psi,19.42,1758.4,7956.0,0
2026-06-09 12:00:00,M23,65,OP-12,2,69.04,4.122,52.772,psi,21.21,1748.7,8676.0,0
2026-06-09 12:00:00,M24,54,OP-01,2,58.81,2.242,59.14,psi,19.64,1774.0,7356.0,0
2026-06-09 12:00:00,M25,131,OP-12,2,79.99,4.391,51.456,psi,22.08,1752.7,16596.0,0
2026-06-09 13:00:00,M01,171,OP-10,2,65.35,2.525,4.05,bar,17.58,1767.9,21397.0,0
2026-06-09 13:00:00,M02,115,OP-07,2,70.58,3.547,3.883,bar,20.59,1740.6,14677.0,0
2026-06-09 13:00:00,M03,125,OP-04,2,77.36,,3.943,bar,21.72,1745.4,15877.0,1
2026-06-09 13:00:00,M04,163,OP-11,2,62.18,2.816,3.852,bar,18.88,1764.9,20437.0,0
2026-06-09 13:00:00,M05,107,OP-07,2,66.5,3.726,3.867,bar,20.72,1750.2,13717.0,1
2026-06-09 13:00:00,M06,141,OP-11,2,66.61,2.765,3.877,bar,19.14,1764.0,17797.0,0
2026-06-09 13:00:00,M07,151,OP-04,2,65.67,2.875,3.903,bar,18.74,1753.2,18997.0,0
2026-06-09 13:00:00,M08,45,OP-12,2,68.11,2.183,4.19,bar,19.32,1756.0,6277.0,0
2026-06-09 13:00:00,M09,15,OP-12,2,62.34,2.802,4.007,bar,19.71,1771.8,2677.0,0
2026-06-09 13:00:00,M10,58,OP-12,2,77.46,4.196,3.658,bar,20.59,1746.8,7837.0,0
2026-06-09 13:00:00,M11,55,OP-07,2,73.3,4.682,3.74,bar,22.55,1727.7,7477.0,1
2026-06-09 13:00:00,M12,158,OP-07,2,63.17,2.396,4.106,bar,18.22,1775.5,19837.0,0
2026-06-09 13:00:00,M13,165,OP-07,2,71.68,3.804,3.771,bar,20.15,1751.4,20677.0,0
2026-06-09 13:00:00,M14,6,OP-09,2,64.01,2.606,3.948,bar,19.03,1754.8,1597.0,0
2026-06-09 13:00:00,M15,93,OP-07,2,70.2,3.782,3.93,bar,21.32,1746.3,12037.0,0
2026-06-09 13:00:00,M16,149,OP-01,2,70.56,2.587,4.021,bar,18.83,1780.7,18757.0,0
2026-06-09 13:00:00,M17,29,OP-09,2,62.38,1.849,4.123,bar,17.21,1771.5,4357.0,0
2026-06-09 13:00:00,M18,145,OP-05,2,69.31,4.249,50.508,psi,21.65,1743.7,18277.0,0
2026-06-09 13:00:00,M19,26,OP-05,2,69.81,,53.205,psi,20.07,1754.2,3997.0,0
2026-06-09 13:00:00,M20,87,OP-09,2,65.23,2.559,57.679,psi,18.42,1766.9,11317.0,0
2026-06-09 13:00:00,M21,148,OP-07,2,66.24,,53.551,psi,21.15,1744.7,18637.0,1
2026-06-09 13:00:00,M22,59,OP-01,2,73.82,3.265,57.737,psi,19.34,1758.5,7957.0,0
2026-06-09 13:00:00,M23,65,OP-02,2,68.55,4.132,56.871,psi,21.91,1743.4,8677.0,0
2026-06-09 13:00:00,M24,54,OP-08,2,64.08,2.212,56.894,psi,19.06,1750.9,7357.0,0
2026-06-09 13:00:00,M25,131,OP-07,2,76.92,4.319,53.478,psi,21.39,1758.1,16597.0,0
2026-06-09 14:00:00,M01,171,OP-05,2,62.54,2.59,4.039,bar,19.04,1773.2,21398.0,0
2026-06-09 14:00:00,M02,115,OP-08,2,75.52,,3.965,bar,20.82,1756.2,14678.0,0
2026-06-09 14:00:00,M03,125,OP-07,2,75.78,,3.569,bar,21.96,1733.7,15878.0,1
2026-06-09 14:00:00,M04,163,OP-04,2,67.42,2.65,4.22,bar,19.78,1763.8,20438.0,0
2026-06-09 14:00:00,M05,107,OP-07,2,71.95,3.852,3.787,bar,19.74,1752.9,13718.0,1
2026-06-09 14:00:00,M06,141,OP-03,2,67.01,2.77,4.059,bar,19.3,1767.0,17798.0,0
2026-06-09 14:00:00,M07,151,OP-07,2,68.61,2.739,3.985,bar,20.48,1772.2,18998.0,0
2026-06-09 14:00:00,M08,45,OP-12,2,61.85,2.303,4.253,bar,18.48,1765.4,6278.0,0
2026-06-09 14:00:00,M09,15,OP-05,2,68.81,2.88,4.023,bar,19.85,1766.8,2678.0,0
2026-06-09 14:00:00,M10,58,OP-01,2,69.12,4.17,4.035,bar,20.91,1746.5,7838.0,0
2026-06-09 14:00:00,M11,55,OP-05,2,74.66,4.402,3.85,bar,21.29,1737.0,7478.0,0
2026-06-09 14:00:00,M12,158,OP-07,2,63.27,2.313,4.427,bar,18.5,1769.3,19838.0,0
2026-06-09 14:00:00,M13,165,OP-07,2,73.9,4.166,3.623,bar,21.81,1745.1,20678.0,0
2026-06-09 14:00:00,M14,6,OP-04,2,64.68,,4.083,bar,19.1,1771.3,1598.0,0
2026-06-09 14:00:00,M15,93,OP-07,2,66.64,3.646,3.864,bar,19.31,1750.7,12038.0,0
2026-06-09 14:00:00,M16,149,OP-04,2,65.35,2.617,3.909,bar,19.97,1764.7,18758.0,0
2026-06-09 14:00:00,M17,29,OP-01,2,63.29,1.686,4.317,bar,18.63,1792.2,4358.0,0
2026-06-09 14:00:00,M18,145,OP-12,2,74.92,4.107,54.727,psi,21.49,1748.7,18278.0,0
2026-06-09 14:00:00,M19,26,OP-10,2,76.08,,52.159,psi,19.71,1752.3,3998.0,0
2026-06-09 14:00:00,M20,87,OP-07,2,68.32,2.57,58.411,psi,17.84,1774.1,11318.0,0
2026-06-09 14:00:00,M21,148,OP-01,2,74.69,3.66,54.943,psi,20.8,1740.4,18638.0,1
2026-06-09 14:00:00,M22,59,OP-08,2,68.42,3.0,59.455,psi,19.27,1774.4,7958.0,0
2026-06-09 14:00:00,M23,65,OP-05,2,75.18,4.25,53.526,psi,22.3,1744.4,8678.0,0
2026-06-09 14:00:00,M24,54,OP-01,2,62.08,2.207,60.341,psi,18.31,1776.9,7358.0,0
2026-06-09 14:00:00,M25,131,OP-01,2,64.56,4.125,53.383,psi,21.38,1756.6,16598.0,0
2026-06-09 15:00:00,M01,171,OP-09,2,70.31,2.395,3.923,bar,18.59,1770.6,21399.0,0
2026-06-09 15:00:00,M02,115,OP-09,2,70.88,3.347,4.035,bar,19.79,1737.8,14679.0,0
2026-06-09 15:00:00,M03,125,OP-07,2,68.57,3.836,3.724,bar,20.84,1725.9,15879.0,1
2026-06-09 15:00:00,M04,163,OP-12,2,66.17,2.768,4.052,bar,19.24,1781.3,20439.0,0
2026-06-09 15:00:00,M05,107,OP-05,2,68.12,3.462,3.954,bar,20.75,1743.5,13719.0,1
2026-06-09 15:00:00,M06,141,OP-02,2,62.39,2.647,3.844,bar,18.75,1771.2,17799.0,0
2026-06-09 15:00:00,M07,151,OP-03,2,66.47,2.796,3.834,bar,19.62,1763.5,18999.0,0
2026-06-09 15:00:00,M08,45,OP-12,2,66.96,2.26,4.348,bar,19.32,1761.5,6279.0,0
2026-06-09 15:00:00,M09,15,OP-03,2,62.32,2.81,3.779,bar,19.36,1755.7,2679.0,0
2026-06-09 15:00:00,M10,58,OP-07,2,72.69,4.39,3.84,bar,22.0,1734.6,7839.0,0
2026-06-09 15:00:00,M11,55,OP-02,2,58.43,1.659,4.189,bar,18.33,1788.9,7479.0,0
2026-06-09 15:00:00,M12,158,OP-11,2,55.15,2.236,4.167,bar,18.56,1783.9,19839.0,0
2026-06-09 15:00:00,M13,165,OP-06,2,73.51,,3.602,bar,22.02,1734.3,20679.0,0
2026-06-09 15:00:00,M14,6,OP-07,2,67.53,3.091,3.764,bar,19.13,1764.2,1599.0,0
2026-06-09 15:00:00,M15,93,OP-04,2,69.81,3.546,3.934,bar,20.41,1747.7,12039.0,0
2026-06-09 15:00:00,M16,149,OP-07,2,67.81,2.521,3.763,bar,19.49,1755.4,18759.0,0
2026-06-09 15:00:00,M17,29,OP-02,2,65.67,1.858,4.161,bar,17.99,1765.2,4359.0,0
2026-06-09 15:00:00,M18,145,OP-11,2,81.95,4.368,52.649,psi,21.98,1745.4,18279.0,0
2026-06-09 15:00:00,M19,26,OP-08,2,72.01,3.345,56.449,psi,19.97,1751.8,3999.0,0
2026-06-09 15:00:00,M20,87,OP-09,2,66.34,2.605,58.785,psi,18.1,1783.7,11319.0,0
2026-06-09 15:00:00,M21,148,OP-07,2,77.36,3.627,54.915,psi,21.16,1739.7,18639.0,1
2026-06-09 15:00:00,M22,59,OP-06,2,64.33,2.933,59.018,psi,18.94,1764.3,7959.0,0
2026-06-09 15:00:00,M23,65,OP-04,2,72.09,,52.353,psi,21.64,1720.0,8679.0,0
2026-06-09 15:00:00,M24,54,OP-10,2,66.25,2.421,58.509,psi,17.41,1761.3,7359.0,0
2026-06-09 15:00:00,M25,131,OP-02,2,71.45,4.243,51.89,psi,21.88,1719.3,16599.0,0
2026-06-09 16:00:00,M01,171,OP-07,3,63.68,2.502,3.93,bar,18.76,1769.2,21400.0,0
2026-06-09 16:00:00,M02,115,OP-08,3,67.45,3.314,3.813,bar,20.75,1752.7,14680.0,0
2026-06-09 16:00:00,M03,125,OP-07,3,69.26,4.161,3.582,bar,20.54,1736.1,15880.0,1
2026-06-09 16:00:00,M04,163,OP-04,3,62.15,2.59,3.934,bar,18.39,1744.0,20440.0,0
2026-06-09 16:00:00,M05,107,OP-07,3,73.62,,3.763,bar,20.43,1738.3,13720.0,1
2026-06-09 16:00:00,M06,141,OP-10,3,58.66,2.662,4.373,bar,18.69,1776.6,17800.0,0
2026-06-09 16:00:00,M07,151,OP-05,3,70.39,3.107,4.006,bar,19.84,1762.4,19000.0,0
2026-06-09 16:00:00,M08,45,OP-11,3,60.96,2.368,4.013,bar,17.7,1764.4,6280.0,0
2026-06-09 16:00:00,M09,15,OP-03,3,66.3,2.603,3.901,bar,18.07,1747.8,2680.0,0
2026-06-09 16:00:00,M10,58,OP-12,3,69.88,3.978,3.852,bar,22.09,1738.8,7840.0,0
2026-06-09 16:00:00,M11,55,OP-05,3,58.87,2.01,4.055,bar,17.06,1783.4,7480.0,0
2026-06-09 16:00:00,M12,158,OP-01,3,67.88,2.616,4.005,bar,19.23,1766.6,19840.0,0
2026-06-09 16:00:00,M13,165,OP-05,3,73.35,4.115,3.64,bar,21.21,1734.9,20680.0,0
2026-06-09 16:00:00,M14,6,OP-03,3,61.98,2.767,3.935,bar,19.02,1762.5,1600.0,0
2026-06-09 16:00:00,M15,93,OP-03,3,65.79,3.397,3.786,bar,20.69,1749.8,12040.0,0
2026-06-09 16:00:00,M16,149,OP-07,3,65.34,2.666,3.959,bar,19.14,1753.5,18760.0,0
2026-06-09 16:00:00,M17,29,OP-07,3,63.44,2.005,4.212,bar,17.97,1769.5,4360.0,0
2026-06-09 16:00:00,M18,145,OP-01,3,74.72,,50.004,psi,22.25,1734.1,18280.0,0
2026-06-09 16:00:00,M19,26,OP-04,3,72.42,3.927,55.557,psi,20.62,1743.9,4000.0,0
2026-06-09 16:00:00,M20,87,OP-11,3,65.86,,58.106,psi,18.28,1766.8,11320.0,0
2026-06-09 16:00:00,M21,148,OP-07,3,68.94,3.89,52.465,psi,21.53,1749.4,18640.0,1
2026-06-09 16:00:00,M22,59,OP-12,3,68.74,2.98,58.078,psi,19.34,1763.1,7960.0,0
2026-06-09 16:00:00,M23,65,OP-01,3,70.49,4.089,52.018,psi,22.01,1738.6,8680.0,0
2026-06-09 16:00:00,M24,54,OP-07,3,63.38,2.462,57.71,psi,18.36,1779.4,7360.0,0
2026-06-09 16:00:00,M25,131,OP-08,3,75.12,4.21,51.04,psi,20.9,1740.4,16600.0,0
2026-06-09 17:00:00,M01,171,OP-07,3,67.45,2.387,4.081,bar,19.47,1772.2,21401.0,0
2026-06-09 17:00:00,M02,115,OP-05,3,75.55,,3.724,bar,20.63,1755.2,14681.0,0
2026-06-09 17:00:00,M03,125,OP-07,3,73.97,,3.67,bar,21.26,1743.2,15881.0,1
2026-06-09 17:00:00,M04,163,OP-12,3,68.18,2.679,3.891,bar,19.21,1753.8,20441.0,0
2026-06-09 17:00:00,M05,107,OP-07,3,65.87,3.627,3.861,bar,19.55,1751.7,13721.0,1
2026-06-09 17:00:00,M06,141,OP-09,3,64.48,2.644,3.892,bar,18.24,1770.1,17801.0,0
2026-06-09 17:00:00,M07,151,OP-11,3,69.34,3.072,3.774,bar,19.18,1759.6,19001.0,0
2026-06-09 17:00:00,M08,45,OP-04,3,65.29,2.295,4.189,bar,18.15,1778.8,6281.0,0
2026-06-09 17:00:00,M09,15,OP-10,3,67.63,2.633,4.078,bar,18.94,1773.4,2681.0,0
2026-06-09 17:00:00,M10,58,OP-07,3,72.0,,3.881,bar,20.74,1734.6,7841.0,0
2026-06-09 17:00:00,M11,55,OP-03,3,65.32,1.815,4.041,bar,18.38,1768.8,7481.0,0
2026-06-09 17:00:00,M12,158,OP-05,3,58.93,2.571,4.002,bar,18.73,1761.3,19841.0,0
2026-06-09 17:00:00,M13,165,OP-04,3,76.39,3.984,3.725,bar,21.59,1742.0,20681.0,0
2026-06-09 17:00:00,M14,6,OP-06,3,69.91,2.912,3.892,bar,17.97,1764.3,1601.0,0
2026-06-09 17:00:00,M15,93,OP-02,3,68.29,3.729,3.52,bar,20.98,1760.4,12041.0,0
2026-06-09 17:00:00,M16,149,OP-07,3,64.54,2.717,4.071,bar,18.6,1764.1,18761.0,0
2026-06-09 17:00:00,M17,29,OP-05,3,61.62,1.838,4.092,bar,17.13,1787.9,4361.0,0
2026-06-09 17:00:00,M18,145,OP-08,3,67.62,4.157,52.42,psi,20.98,1743.3,18281.0,0
2026-06-09 17:00:00,M19,26,OP-11,3,74.06,,54.996,psi,20.61,1752.5,4001.0,0
2026-06-09 17:00:00,M20,87,OP-06,3,57.21,2.352,60.799,psi,18.84,1779.5,11321.0,0
2026-06-09 17:00:00,M21,148,OP-12,3,69.55,3.764,52.744,psi,21.15,1751.9,18641.0,0
2026-06-09 17:00:00,M22,59,OP-05,3,66.69,2.971,56.288,psi,19.94,1756.9,7961.0,0
2026-06-09 17:00:00,M23,65,OP-09,3,72.33,4.417,53.808,psi,20.91,1753.4,8681.0,0
2026-06-09 17:00:00,M24,54,OP-03,3,62.99,2.368,57.434,psi,18.87,1761.6,7361.0,0
2026-06-09 17:00:00,M25,131,OP-02,3,73.68,4.299,53.607,psi,22.24,1753.7,16601.0,0
2026-06-09 18:00:00,M01,171,OP-01,3,66.1,2.734,4.056,bar,19.13,1768.3,21402.0,0
2026-06-09 18:00:00,M02,115,OP-04,3,68.95,,3.923,bar,19.07,1751.9,14682.0,0
2026-06-09 18:00:00,M03,125,OP-08,3,74.55,4.18,3.552,bar,21.5,1747.7,15882.0,1
2026-06-09 18:00:00,M04,163,OP-05,3,68.17,2.513,3.98,bar,19.19,1767.1,20442.0,0
2026-06-09 18:00:00,M05,107,OP-07,3,64.05,3.808,3.927,bar,21.0,1752.3,13722.0,1
2026-06-09 18:00:00,M06,141,OP-08,3,62.1,2.701,3.956,bar,18.09,1756.6,17802.0,0
2026-06-09 18:00:00,M07,151,OP-05,3,66.34,3.033,4.128,bar,19.57,1756.2,19002.0,0
2026-06-09 18:00:00,M08,45,OP-12,3,67.61,2.327,3.985,bar,17.55,1759.1,6282.0,0
2026-06-09 18:00:00,M09,15,OP-03,3,69.61,,3.92,bar,19.37,1764.4,2682.0,0
2026-06-09 18:00:00,M10,58,OP-10,3,72.51,4.249,3.754,bar,20.66,1728.5,7842.0,0
2026-06-09 18:00:00,M11,55,OP-01,3,56.66,,4.37,bar,18.04,1776.1,7482.0,0
2026-06-09 18:00:00,M12,158,OP-04,3,67.04,2.409,3.906,bar,18.37,1752.0,19842.0,0
2026-06-09 18:00:00,M13,165,OP-08,3,76.26,4.142,3.676,bar,21.18,1751.1,20682.0,0
2026-06-09 18:00:00,M14,6,OP-12,3,66.42,3.094,3.831,bar,19.34,1749.0,1602.0,0
2026-06-09 18:00:00,M15,93,OP-03,3,66.41,3.732,3.79,bar,20.34,1736.6,12042.0,0
2026-06-09 18:00:00,M16,149,OP-01,3,68.43,2.912,4.167,bar,17.73,1778.4,18762.0,0
2026-06-09 18:00:00,M17,29,OP-07,3,60.18,1.496,4.064,bar,16.94,1795.2,4362.0,0
2026-06-09 18:00:00,M18,145,OP-11,3,68.97,4.105,50.312,psi,20.37,1742.0,18282.0,0
2026-06-09 18:00:00,M19,26,OP-11,3,72.75,3.766,57.095,psi,20.33,1754.3,4002.0,0
2026-06-09 18:00:00,M20,87,OP-07,3,64.57,2.555,58.796,psi,18.32,1790.5,11322.0,0
2026-06-09 18:00:00,M21,148,OP-11,3,59.99,1.904,59.368,psi,17.25,1776.8,18642.0,0
2026-06-09 18:00:00,M22,59,OP-07,3,70.31,2.807,55.269,psi,19.54,1752.8,7962.0,0
2026-06-09 18:00:00,M23,65,OP-07,3,72.64,4.242,51.815,psi,20.58,1738.2,8682.0,0
2026-06-09 18:00:00,M24,54,OP-12,3,57.58,2.411,58.214,psi,17.32,1764.0,7362.0,0
2026-06-09 18:00:00,M25,131,OP-10,3,66.83,4.015,54.943,psi,21.56,1733.6,16602.0,0
2026-06-09 19:00:00,M01,171,OP-07,3,66.69,2.552,3.77,bar,18.7,1766.5,21403.0,0
2026-06-09 19:00:00,M02,115,OP-07,3,68.32,3.379,3.752,bar,19.34,1742.3,14683.0,0
2026-06-09 19:00:00,M03,125,OP-02,3,68.14,4.133,3.668,bar,20.96,1737.0,15883.0,1
2026-06-09 19:00:00,M04,163,OP-06,3,68.94,,4.193,bar,18.64,1767.2,20443.0,0
2026-06-09 19:00:00,M05,107,OP-07,3,65.83,3.664,3.78,bar,20.58,1750.6,13723.0,1
2026-06-09 19:00:00,M06,141,OP-09,3,64.47,2.756,4.167,bar,19.01,1775.7,17803.0,0
2026-06-09 19:00:00,M07,151,OP-11,3,73.6,2.874,3.934,bar,18.82,1748.9,19003.0,0
2026-06-09 19:00:00,M08,45,OP-10,3,62.9,2.4,4.403,bar,18.4,1765.3,6283.0,0
2026-06-09 19:00:00,M09,15,OP-05,3,66.59,2.862,3.819,bar,19.48,1772.0,2683.0,0
2026-06-09 19:00:00,M10,58,OP-04,3,75.01,4.106,3.7,bar,20.61,1751.8,7843.0,0
2026-06-09 19:00:00,M11,55,OP-10,3,65.98,1.703,4.144,bar,17.05,1775.6,7483.0,0
2026-06-09 19:00:00,M12,158,OP-01,3,61.93,2.337,4.11,bar,18.39,1774.6,19843.0,0
2026-06-09 19:00:00,M13,165,OP-07,3,73.59,3.993,3.767,bar,21.94,1751.5,20683.0,0
2026-06-09 19:00:00,M14,6,OP-01,3,63.69,2.964,4.046,bar,19.83,1759.6,1603.0,0
2026-06-09 19:00:00,M15,93,OP-08,3,68.32,3.629,3.932,bar,20.18,1738.5,12043.0,0
2026-06-09 19:00:00,M16,149,OP-07,3,62.08,2.573,3.776,bar,19.67,1773.8,18763.0,0
2026-06-09 19:00:00,M17,29,OP-02,3,63.4,1.598,4.115,bar,17.42,1782.9,4363.0,0
2026-06-09 19:00:00,M18,145,OP-05,3,72.73,,50.334,psi,21.99,1734.8,18283.0,0
2026-06-09 19:00:00,M19,26,OP-06,3,68.74,3.639,56.25,psi,21.29,1754.7,4003.0,0
2026-06-09 19:00:00,M20,87,OP-08,3,64.42,2.506,61.345,psi,18.12,1776.4,11323.0,0
2026-06-09 19:00:00,M21,148,OP-07,3,59.1,1.65,60.448,psi,17.58,1773.9,18643.0,0
2026-06-09 19:00:00,M22,59,OP-08,3,66.1,2.885,55.045,psi,19.61,1770.9,7963.0,0
2026-06-09 19:00:00,M23,65,OP-04,3,72.55,,55.997,psi,22.29,1743.3,8683.0,0
2026-06-09 19:00:00,M24,54,OP-09,3,63.58,2.327,59.57,psi,19.02,1758.7,7363.0,0
2026-06-09 19:00:00,M25,131,OP-09,3,70.39,4.116,51.855,psi,21.81,1747.6,16603.0,0
2026-06-09 20:00:00,M01,171,OP-07,3,70.13,2.684,4.027,bar,19.41,1770.4,21404.0,0
2026-06-09 20:00:00,M02,115,OP-06,3,73.08,3.628,3.792,bar,20.4,1750.3,14684.0,0
2026-06-09 20:00:00,M03,125,OP-10,3,75.73,4.079,3.734,bar,20.79,1738.3,15884.0,1
2026-06-09 20:00:00,M04,163,OP-02,3,68.23,2.618,4.005,bar,18.74,1759.0,20444.0,0
2026-06-09 20:00:00,M05,107,OP-07,3,71.19,3.946,3.731,bar,21.18,1739.7,13724.0,1
2026-06-09 20:00:00,M06,141,OP-10,3,69.17,2.812,4.127,bar,18.93,1783.2,17804.0,0
2026-06-09 20:00:00,M07,151,OP-10,3,68.5,2.868,3.988,bar,18.15,1765.5,19004.0,0
2026-06-09 20:00:00,M08,45,OP-01,3,65.09,2.06,3.823,bar,18.87,1770.5,6284.0,0
2026-06-09 20:00:00,M09,15,OP-09,3,60.97,2.899,4.003,bar,19.94,1761.5,2684.0,0
2026-06-09 20:00:00,M10,58,OP-05,3,77.87,3.941,3.746,bar,21.08,1742.8,7844.0,0
2026-06-09 20:00:00,M11,55,OP-06,3,63.7,,4.263,bar,17.63,1776.4,7484.0,0
2026-06-09 20:00:00,M12,158,OP-07,3,68.37,2.591,4.103,bar,18.93,1766.7,19844.0,0
2026-06-09 20:00:00,M13,165,OP-11,3,74.89,4.135,3.573,bar,20.53,1746.9,20684.0,0
2026-06-09 20:00:00,M14,6,OP-08,3,64.6,2.906,3.95,bar,18.9,1765.7,1604.0,0
2026-06-09 20:00:00,M15,93,OP-01,3,69.98,3.692,3.986,bar,19.35,1746.2,12044.0,0
2026-06-09 20:00:00,M16,149,OP-07,3,64.13,2.575,3.929,bar,19.14,1766.9,18764.0,0
2026-06-09 20:00:00,M17,29,OP-10,3,61.73,2.057,4.17,bar,17.1,1784.3,4364.0,0
2026-06-09 20:00:00,M18,145,OP-10,3,74.79,4.404,53.973,psi,21.64,1738.5,18284.0,0
2026-06-09 20:00:00,M19,26,OP-04,3,74.44,3.445,53.753,psi,20.84,1753.8,4004.0,0
2026-06-09 20:00:00,M20,87,OP-04,3,64.71,2.367,59.657,psi,18.07,1757.2,11324.0,0
2026-06-09 20:00:00,M21,148,OP-08,3,57.58,1.951,63.687,psi,17.71,1772.9,18644.0,0
2026-06-09 20:00:00,M22,59,OP-07,3,65.45,3.202,57.219,psi,20.37,1757.2,7964.0,0
2026-06-09 20:00:00,M23,65,OP-12,3,74.96,4.091,53.811,psi,21.95,1735.8,8684.0,0
2026-06-09 20:00:00,M24,54,OP-10,3,62.46,2.285,59.367,psi,17.89,1777.5,7364.0,0
2026-06-09 20:00:00,M25,131,OP-05,3,77.33,4.2,54.486,psi,20.47,1749.0,16604.0,0
2026-06-09 21:00:00,M01,171,OP-10,3,64.05,2.499,4.166,bar,19.14,1752.8,21405.0,0
2026-06-09 21:00:00,M02,115,OP-12,3,64.71,,3.995,bar,19.99,1749.7,14685.0,0
2026-06-09 21:00:00,M03,125,OP-05,3,65.49,4.212,3.721,bar,21.62,1726.9,15885.0,1
2026-06-09 21:00:00,M04,163,OP-07,3,63.29,2.585,4.019,bar,19.54,1767.7,20445.0,0
2026-06-09 21:00:00,M05,107,OP-07,3,68.89,3.735,3.804,bar,20.56,1736.3,13725.0,1
2026-06-09 21:00:00,M06,141,OP-01,3,63.46,2.594,4.088,bar,18.8,1766.9,17805.0,0
2026-06-09 21:00:00,M07,151,OP-08,3,62.38,3.182,4.128,bar,20.11,1749.6,19005.0,0
2026-06-09 21:00:00,M08,45,OP-04,3,59.42,2.111,4.18,bar,18.41,1772.4,6285.0,0
2026-06-09 21:00:00,M09,15,OP-08,3,62.1,2.724,3.787,bar,18.4,1764.2,2685.0,0
2026-06-09 21:00:00,M10,58,OP-07,3,72.83,4.059,3.742,bar,21.58,1734.8,7845.0,0
2026-06-09 21:00:00,M11,55,OP-04,3,54.05,1.906,4.071,bar,16.71,1781.3,7485.0,0
2026-06-09 21:00:00,M12,158,OP-06,3,66.85,2.312,4.03,bar,18.56,1765.6,19845.0,0
2026-06-09 21:00:00,M13,165,OP-09,3,77.79,4.114,3.668,bar,21.54,1740.4,20685.0,0
2026-06-09 21:00:00,M14,6,OP-12,3,67.19,2.802,3.999,bar,19.27,1779.0,1605.0,0
2026-06-09 21:00:00,M15,93,OP-10,3,72.56,3.428,3.712,bar,21.11,1747.2,12045.0,0
2026-06-09 21:00:00,M16,149,OP-07,3,63.7,,3.7,bar,19.52,1748.7,18765.0,0
2026-06-09 21:00:00,M17,29,OP-11,3,56.51,,4.116,bar,16.42,1783.2,4365.0,0
2026-06-09 21:00:00,M18,145,OP-12,3,70.28,4.518,53.466,psi,21.93,1730.3,18285.0,0
2026-06-09 21:00:00,M19,26,OP-03,3,68.12,,53.351,psi,21.06,1745.0,4005.0,0
2026-06-09 21:00:00,M20,87,OP-02,3,63.1,2.584,56.665,psi,19.36,1755.4,11325.0,0
2026-06-09 21:00:00,M21,148,OP-01,3,60.19,1.765,63.432,psi,17.06,1770.1,18645.0,0
2026-06-09 21:00:00,M22,59,OP-01,3,73.88,3.171,57.326,psi,19.21,1751.6,7965.0,0
2026-06-09 21:00:00,M23,65,OP-02,3,64.67,,52.062,psi,22.13,1730.6,8685.0,0
2026-06-09 21:00:00,M24,54,OP-05,3,69.49,2.231,58.013,psi,19.51,1780.4,7365.0,0
2026-06-09 21:00:00,M25,131,OP-06,3,72.83,4.488,53.733,psi,22.56,1733.0,16605.0,0
2026-06-09 22:00:00,M01,171,OP-06,3,72.57,2.53,3.939,bar,18.95,1776.6,21406.0,0
2026-06-09 22:00:00,M02,115,OP-07,3,71.1,,3.888,bar,20.37,1751.6,14686.0,1
2026-06-09 22:00:00,M03,125,OP-11,3,74.3,4.077,3.534,bar,21.64,1737.5,15886.0,1
2026-06-09 22:00:00,M04,163,OP-11,3,64.08,2.573,3.907,bar,19.42,1764.8,20446.0,0
2026-06-09 22:00:00,M05,107,OP-12,3,73.64,3.536,3.722,bar,20.1,1746.6,13726.0,1
2026-06-09 22:00:00,M06,141,OP-07,3,68.14,2.623,4.111,bar,18.44,1764.4,17806.0,0
2026-06-09 22:00:00,M07,151,OP-10,3,66.17,3.146,4.16,bar,19.79,1750.0,19006.0,0
2026-06-09 22:00:00,M08,45,OP-07,3,62.49,2.281,4.252,bar,18.72,1775.2,6286.0,0
2026-06-09 22:00:00,M09,15,OP-08,3,70.84,2.939,4.163,bar,19.06,1754.9,2686.0,0
2026-06-09 22:00:00,M10,58,OP-09,3,74.56,4.013,3.778,bar,20.71,1740.0,7846.0,0
2026-06-09 22:00:00,M11,55,OP-07,3,68.51,1.845,4.127,bar,18.54,1771.7,7486.0,0
2026-06-09 22:00:00,M12,158,OP-01,3,65.25,2.451,3.961,bar,19.06,1763.5,19846.0,0
2026-06-09 22:00:00,M13,165,OP-01,3,75.03,4.26,3.704,bar,22.56,1744.8,20686.0,0
2026-06-09 22:00:00,M14,6,OP-03,3,67.87,2.627,4.175,bar,19.03,1756.2,1606.0,0
2026-06-09 22:00:00,M15,93,OP-07,3,67.04,3.766,3.836,bar,21.26,1740.2,12046.0,0
2026-06-09 22:00:00,M16,149,OP-03,3,70.87,2.646,4.206,bar,17.44,1777.1,18766.0,0
2026-06-09 22:00:00,M17,29,OP-07,3,62.21,2.036,4.016,bar,18.55,1787.1,4366.0,0
2026-06-09 22:00:00,M18,145,OP-12,3,75.05,,49.515,psi,22.4,1728.2,18286.0,0
2026-06-09 22:00:00,M19,26,OP-10,3,67.24,3.602,56.133,psi,20.04,1754.2,4006.0,0
2026-06-09 22:00:00,M20,87,OP-03,3,64.74,2.411,58.569,psi,19.45,1776.8,11326.0,0
2026-06-09 22:00:00,M21,148,OP-11,3,64.07,1.813,59.993,psi,19.41,1778.8,18646.0,0
2026-06-09 22:00:00,M22,59,OP-02,3,62.86,2.739,54.206,psi,19.21,1772.2,7966.0,0
2026-06-09 22:00:00,M23,65,OP-08,3,66.82,4.345,54.154,psi,21.36,1747.3,8686.0,0
2026-06-09 22:00:00,M24,54,OP-09,3,58.47,2.387,62.276,psi,18.82,1758.5,7366.0,0
2026-06-09 22:00:00,M25,131,OP-03,3,71.0,4.495,51.896,psi,21.62,1735.2,16606.0,0
2026-06-09 23:00:00,M01,171,OP-02,3,65.47,,4.042,bar,19.07,1756.1,21407.0,0
2026-06-09 23:00:00,M02,115,OP-08,3,69.66,3.751,3.953,bar,20.01,1763.0,14687.0,1
2026-06-09 23:00:00,M03,125,OP-07,3,75.83,4.138,3.452,bar,20.43,1742.0,15887.0,1
2026-06-09 23:00:00,M04,163,OP-04,3,70.94,2.467,4.19,bar,18.34,1765.6,20447.0,0
2026-06-09 23:00:00,M05,107,OP-07,3,72.36,,3.98,bar,19.35,1752.7,13727.0,1
2026-06-09 23:00:00,M06,141,OP-07,3,62.18,2.796,4.132,bar,19.85,1755.7,17807.0,0
2026-06-09 23:00:00,M07,151,OP-11,3,59.82,3.101,3.775,bar,18.89,1755.8,19007.0,0
2026-06-09 23:00:00,M08,45,OP-04,3,62.56,2.246,3.985,bar,18.84,1773.5,6287.0,0
2026-06-09 23:00:00,M09,15,OP-04,3,64.52,2.807,4.018,bar,19.67,1780.0,2687.0,0
2026-06-09 23:00:00,M10,58,OP-06,3,73.87,4.126,3.645,bar,21.15,1738.1,7847.0,0
2026-06-09 23:00:00,M11,55,OP-03,3,58.72,,4.274,bar,17.57,1774.1,7487.0,0
2026-06-09 23:00:00,M12,158,OP-11,3,65.33,2.525,4.432,bar,19.43,1780.1,19847.0,0
2026-06-09 23:00:00,M13,165,OP-04,3,74.2,,3.515,bar,23.03,1748.2,20687.0,0
2026-06-09 23:00:00,M14,6,OP-08,3,63.11,2.899,3.832,bar,19.01,1758.4,1607.0,0
2026-06-09 23:00:00,M15,93,OP-10,3,68.41,3.374,3.706,bar,20.06,1766.6,12047.0,0
2026-06-09 23:00:00,M16,149,OP-02,3,70.97,2.844,3.957,bar,19.21,1763.4,18767.0,0
2026-06-09 23:00:00,M17,29,OP-10,3,62.01,1.891,3.962,bar,17.87,1770.4,4367.0,0
2026-06-09 23:00:00,M18,145,OP-07,3,72.11,4.221,50.847,psi,20.58,1742.3,18287.0,0
2026-06-09 23:00:00,M19,26,OP-10,3,73.74,,57.644,psi,21.06,1741.0,4007.0,0
2026-06-09 23:00:00,M20,87,OP-03,3,65.99,2.533,61.15,psi,17.92,1755.9,11327.0,0
2026-06-09 23:00:00,M21,148,OP-12,3,58.41,2.086,58.37,psi,17.77,1776.1,18647.0,0
2026-06-09 23:00:00,M22,59,OP-03,3,68.38,3.01,54.585,psi,18.59,1752.5,7967.0,0
2026-06-09 23:00:00,M23,65,OP-11,3,73.61,4.168,54.641,psi,20.96,1745.7,8687.0,0
2026-06-09 23:00:00,M24,54,OP-10,3,61.67,2.233,60.946,psi,19.22,1764.9,7367.0,0
2026-06-09 23:00:00,M25,131,OP-07,3,74.09,4.172,55.434,psi,21.58,1746.3,16607.0,0
2026-06-10 00:00:00,M01,171,OP-09,1,64.14,2.473,3.841,bar,19.05,1773.0,21408.0,0
2026-06-10 00:00:00,M02,115,OP-07,1,74.93,3.596,3.658,bar,21.26,1764.5,14688.0,1
2026-06-10 00:00:00,M03,125,OP-07,1,73.26,4.363,3.47,bar,20.71,1736.4,15888.0,1
2026-06-10 00:00:00,M04,163,OP-06,1,64.16,2.763,3.968,bar,18.46,1773.9,20448.0,0
2026-06-10 00:00:00,M05,107,OP-05,1,68.66,3.61,3.864,bar,20.48,1757.1,13728.0,1
2026-06-10 00:00:00,M06,141,OP-09,1,63.59,2.683,4.033,bar,18.18,1762.8,17808.0,0
2026-06-10 00:00:00,M07,151,OP-07,1,65.77,2.676,3.841,bar,19.15,1763.2,19008.0,0
2026-06-10 00:00:00,M08,45,OP-10,1,69.76,2.184,4.179,bar,19.14,1766.8,6288.0,0
2026-06-10 00:00:00,M09,15,OP-11,1,66.42,2.885,3.838,bar,19.37,1757.8,2688.0,0
2026-06-10 00:00:00,M10,58,OP-07,1,76.98,4.226,3.746,bar,21.04,1752.5,7848.0,0
2026-06-10 00:00:00,M11,55,OP-02,1,59.33,1.645,4.199,bar,17.86,1764.7,7488.0,0
2026-06-10 00:00:00,M12,158,OP-07,1,65.15,2.754,4.015,bar,17.49,1758.5,19848.0,0
2026-06-10 00:00:00,M13,165,OP-08,1,74.17,3.748,3.881,bar,20.68,1738.9,20688.0,0
2026-06-10 00:00:00,M14,6,OP-09,1,67.51,2.893,3.652,bar,18.62,1771.4,1608.0,0
2026-06-10 00:00:00,M15,93,OP-01,1,66.91,3.566,3.871,bar,21.9,1743.7,12048.0,0
2026-06-10 00:00:00,M16,149,OP-07,1,64.78,2.703,3.89,bar,17.73,1765.5,18768.0,0
2026-06-10 00:00:00,M17,29,OP-11,1,62.58,1.96,4.153,bar,17.95,1784.3,4368.0,0
2026-06-10 00:00:00,M18,145,OP-07,1,67.62,4.323,53.338,psi,20.39,1749.6,18288.0,0
2026-06-10 00:00:00,M19,26,OP-04,1,64.01,3.522,53.572,psi,20.12,1744.7,4008.0,0
2026-06-10 00:00:00,M20,87,OP-12,1,62.8,2.551,60.595,psi,18.74,1762.6,11328.0,0
2026-06-10 00:00:00,M21,148,OP-07,1,54.31,1.783,61.62,psi,17.75,1775.3,18648.0,0
2026-06-10 00:00:00,M22,59,OP-03,1,65.11,3.22,57.041,psi,19.21,1761.7,7968.0,0
2026-06-10 00:00:00,M23,65,OP-02,1,72.25,4.322,54.032,psi,21.56,1743.7,8688.0,0
2026-06-10 00:00:00,M24,54,OP-05,1,60.76,,62.103,psi,18.66,1772.3,7368.0,0
2026-06-10 00:00:00,M25,131,OP-08,1,71.54,4.099,50.869,psi,20.95,1740.9,16608.0,0
2026-06-10 01:00:00,M01,171,OP-10,1,60.63,2.355,4.109,bar,18.71,1766.3,21409.0,0
2026-06-10 01:00:00,M02,115,OP-07,1,65.59,3.663,3.823,bar,19.3,1763.5,14689.0,1
2026-06-10 01:00:00,M03,125,OP-02,1,70.08,3.943,3.845,bar,21.17,1740.2,15889.0,1
2026-06-10 01:00:00,M04,163,OP-01,1,60.71,2.797,3.92,bar,18.83,1757.5,20449.0,0
2026-06-10 01:00:00,M05,107,OP-07,1,71.92,,3.908,bar,19.83,1745.3,13729.0,1
2026-06-10 01:00:00,M06,141,OP-03,1,59.77,2.771,3.963,bar,19.31,1756.2,17809.0,0
2026-06-10 01:00:00,M07,151,OP-01,1,65.61,3.057,3.848,bar,19.43,1750.3,19009.0,0
2026-06-10 01:00:00,M08,45,OP-07,1,61.16,1.997,4.28,bar,18.69,1767.6,6289.0,0
2026-06-10 01:00:00,M09,15,OP-09,1,65.29,2.911,3.982,bar,19.45,1760.5,2689.0,0
2026-06-10 01:00:00,M10,58,OP-07,1,72.0,,3.716,bar,21.25,1735.1,7849.0,0
2026-06-10 01:00:00,M11,55,OP-09,1,62.94,1.822,3.992,bar,17.86,1777.2,7489.0,0
2026-06-10 01:00:00,M12,158,OP-01,1,63.35,2.417,3.969,bar,19.7,1749.9,19849.0,0
2026-06-10 01:00:00,M13,165,OP-07,1,71.89,,3.729,bar,21.98,1752.7,20689.0,0
2026-06-10 01:00:00,M14,6,OP-07,1,62.48,2.733,3.796,bar,19.5,1774.1,1609.0,0
2026-06-10 01:00:00,M15,93,OP-10,1,69.43,3.958,3.765,bar,20.4,1759.1,12049.0,0
2026-06-10 01:00:00,M16,149,OP-11,1,67.45,2.915,3.982,bar,18.84,1778.8,18769.0,0
2026-06-10 01:00:00,M17,29,OP-03,1,62.07,2.039,4.054,bar,17.98,1765.6,4369.0,0
2026-06-10 01:00:00,M18,145,OP-03,1,70.71,4.271,52.258,psi,20.75,1743.4,18289.0,0
2026-06-10 01:00:00,M19,26,OP-09,1,68.92,3.787,55.882,psi,21.03,1753.8,4009.0,0
2026-06-10 01:00:00,M20,87,OP-03,1,65.33,2.536,57.372,psi,19.48,1770.1,11329.0,0
2026-06-10 01:00:00,M21,148,OP-01,1,60.52,1.833,61.376,psi,18.62,1781.4,18649.0,0
2026-06-10 01:00:00,M22,59,OP-07,1,66.67,3.19,57.164,psi,19.01,1753.5,7969.0,0
2026-06-10 01:00:00,M23,65,OP-06,1,73.47,4.148,54.843,psi,20.22,1739.6,8689.0,0
2026-06-10 01:00:00,M24,54,OP-04,1,65.0,2.412,58.168,psi,18.85,1763.0,7369.0,0
2026-06-10 01:00:00,M25,131,OP-01,1,75.62,4.265,52.48,psi,21.63,1746.8,16609.0,0
2026-06-10 02:00:00,M01,171,OP-03,1,61.57,2.692,3.879,bar,18.65,1775.0,21410.0,0
2026-06-10 02:00:00,M02,115,OP-12,1,67.25,3.556,3.952,bar,19.62,1745.8,14690.0,1
2026-06-10 02:00:00,M03,125,OP-11,1,77.1,4.063,3.673,bar,21.0,1733.1,15890.0,1
2026-06-10 02:00:00,M04,163,OP-02,1,68.46,2.766,4.041,bar,19.03,1766.2,20450.0,0
2026-06-10 02:00:00,M05,107,OP-07,1,73.35,3.543,3.772,bar,20.22,1737.4,13730.0,1
2026-06-10 02:00:00,M06,141,OP-05,1,65.47,2.728,3.994,bar,18.74,1774.4,17810.0,0
2026-06-10 02:00:00,M07,151,OP-02,1,65.57,2.861,3.767,bar,20.39,1755.7,19010.0,0
2026-06-10 02:00:00,M08,45,OP-05,1,60.46,2.207,4.071,bar,18.51,1760.8,6290.0,0
2026-06-10 02:00:00,M09,15,OP-04,1,67.24,2.833,4.056,bar,18.39,1747.3,2690.0,0
2026-06-10 02:00:00,M10,58,OP-04,1,77.92,4.255,3.758,bar,21.37,1744.8,7850.0,0
2026-06-10 02:00:00,M11,55,OP-10,1,61.27,1.845,3.971,bar,18.42,1795.5,7490.0,0
2026-06-10 02:00:00,M12,158,OP-01,1,63.53,2.756,3.944,bar,18.07,1781.1,19850.0,0
2026-06-10 02:00:00,M13,165,OP-04,1,75.57,4.141,3.68,bar,20.98,1744.8,20690.0,0
2026-06-10 02:00:00,M14,6,OP-05,1,61.85,2.813,3.898,bar,18.76,1758.2,1610.0,0
2026-06-10 02:00:00,M15,93,OP-02,1,68.56,3.718,3.899,bar,21.8,1749.7,12050.0,0
2026-06-10 02:00:00,M16,149,OP-03,1,66.42,2.908,3.788,bar,19.5,1772.9,18770.0,0
2026-06-10 02:00:00,M17,29,OP-03,1,64.14,1.926,4.069,bar,17.35,1774.0,4370.0,0
2026-06-10 02:00:00,M18,145,OP-06,1,73.11,4.359,51.012,psi,22.49,1736.5,18290.0,0
2026-06-10 02:00:00,M19,26,OP-08,1,70.33,3.694,58.034,psi,20.09,1764.7,4010.0,0
2026-06-10 02:00:00,M20,87,OP-08,1,58.44,2.301,57.28,psi,19.2,1751.9,11330.0,0
2026-06-10 02:00:00,M21,148,OP-01,1,68.22,1.97,60.86,psi,17.74,1777.4,18650.0,0
2026-06-10 02:00:00,M22,59,OP-07,1,71.63,3.06,58.041,psi,18.69,1750.5,7970.0,0
2026-06-10 02:00:00,M23,65,OP-08,1,70.59,4.326,55.901,psi,21.31,1752.4,8690.0,0
2026-06-10 02:00:00,M24,54,OP-03,1,59.62,2.039,59.827,psi,19.2,1772.3,7370.0,0
2026-06-10 02:00:00,M25,131,OP-06,1,71.76,3.984,54.834,psi,21.2,1748.2,16610.0,0
2026-06-10 03:00:00,M01,171,OP-07,1,61.84,2.464,3.862,bar,18.95,1766.4,21411.0,0
2026-06-10 03:00:00,M02,115,OP-07,1,72.92,3.502,3.664,bar,19.85,1744.8,14691.0,1
2026-06-10 03:00:00,M03,125,OP-07,1,73.24,4.119,3.703,bar,21.49,1733.7,15891.0,1
2026-06-10 03:00:00,M04,163,OP-05,1,68.52,2.853,3.923,bar,18.99,1771.8,20451.0,0
2026-06-10 03:00:00,M05,107,OP-07,1,74.2,3.686,3.692,bar,19.19,1740.2,13731.0,1
2026-06-10 03:00:00,M06,141,OP-10,1,61.64,2.783,4.043,bar,19.06,1750.8,17811.0,0
2026-06-10 03:00:00,M07,151,OP-07,1,67.45,3.112,4.012,bar,19.73,1760.8,19011.0,0
2026-06-10 03:00:00,M08,45,OP-07,1,60.55,2.253,4.311,bar,19.04,1778.9,6291.0,0
2026-06-10 03:00:00,M09,15,OP-11,1,60.61,2.917,4.07,bar,19.55,1762.4,2691.0,0
2026-06-10 03:00:00,M10,58,OP-05,1,71.96,4.102,3.546,bar,21.61,1737.1,7851.0,0
2026-06-10 03:00:00,M11,55,OP-05,1,63.52,1.951,4.155,bar,18.21,1766.9,7491.0,0
2026-06-10 03:00:00,M12,158,OP-02,1,66.05,2.469,4.17,bar,18.63,1759.5,19851.0,0
2026-06-10 03:00:00,M13,165,OP-09,1,73.56,4.159,3.598,bar,21.09,1734.4,20691.0,0
2026-06-10 03:00:00,M14,6,OP-04,1,63.05,2.872,4.02,bar,18.67,1754.4,1611.0,0
2026-06-10 03:00:00,M15,93,OP-02,1,67.3,,3.764,bar,20.12,1760.6,12051.0,0
2026-06-10 03:00:00,M16,149,OP-01,1,68.48,2.626,4.174,bar,18.93,1755.2,18771.0,0
2026-06-10 03:00:00,M17,29,OP-12,1,65.72,1.879,4.408,bar,16.39,1768.2,4371.0,0
2026-06-10 03:00:00,M18,145,OP-07,1,68.16,4.492,54.471,psi,21.71,1755.9,18291.0,1
2026-06-10 03:00:00,M19,26,OP-04,1,69.32,3.849,56.991,psi,20.46,1759.7,4011.0,0
2026-06-10 03:00:00,M20,87,OP-07,1,65.03,2.455,57.825,psi,19.41,1770.2,11331.0,0
2026-06-10 03:00:00,M21,148,OP-07,1,55.33,2.114,61.031,psi,17.89,1769.7,18651.0,0
2026-06-10 03:00:00,M22,59,OP-07,1,67.21,2.809,57.748,psi,19.73,1747.5,7971.0,0
2026-06-10 03:00:00,M23,65,OP-03,1,74.74,4.318,53.554,psi,22.15,1735.4,8691.0,0
2026-06-10 03:00:00,M24,54,OP-03,1,64.69,2.445,58.03,psi,18.65,1758.0,7371.0,0
2026-06-10 03:00:00,M25,131,OP-08,1,73.85,3.98,54.836,psi,22.03,1749.7,16611.0,0
2026-06-10 04:00:00,M01,171,OP-12,1,65.37,2.577,3.97,bar,18.37,1758.4,21412.0,0
2026-06-10 04:00:00,M02,115,OP-07,1,65.08,3.385,3.841,bar,19.63,1750.9,14692.0,1
2026-06-10 04:00:00,M03,125,OP-05,1,69.82,3.877,3.871,bar,21.66,1742.9,15892.0,1
2026-06-10 04:00:00,M04,163,OP-07,1,60.5,2.58,3.967,bar,18.54,1759.8,20452.0,0
2026-06-10 04:00:00,M05,107,OP-07,1,72.82,3.794,3.863,bar,19.4,1744.7,13732.0,1
2026-06-10 04:00:00,M06,141,OP-03,1,66.89,2.593,4.057,bar,19.05,1760.0,17812.0,0
2026-06-10 04:00:00,M07,151,OP-12,1,66.84,2.891,4.096,bar,20.01,1747.4,19012.0,0
2026-06-10 04:00:00,M08,45,OP-06,1,61.43,1.949,4.06,bar,18.39,1769.3,6292.0,0
2026-06-10 04:00:00,M09,15,OP-02,1,62.29,2.914,4.019,bar,20.24,1769.8,2692.0,0
2026-06-10 04:00:00,M10,58,OP-07,1,73.17,4.245,3.714,bar,21.71,1734.7,7852.0,0
2026-06-10 04:00:00,M11,55,OP-11,1,59.83,2.001,4.158,bar,17.05,1777.5,7492.0,0
2026-06-10 04:00:00,M12,158,OP-10,1,62.66,2.62,4.025,bar,18.85,1763.7,19852.0,0
2026-06-10 04:00:00,M13,165,OP-12,1,68.09,4.232,3.638,bar,21.72,1747.6,20692.0,0
2026-06-10 04:00:00,M14,6,OP-06,1,67.89,2.847,3.883,bar,19.42,1752.5,1612.0,0
2026-06-10 04:00:00,M15,93,OP-05,1,70.73,3.539,3.973,bar,21.37,1755.5,12052.0,0
2026-06-10 04:00:00,M16,149,OP-09,1,67.69,2.704,4.053,bar,19.88,1766.5,18772.0,0
2026-06-10 04:00:00,M17,29,OP-02,1,65.69,1.985,4.429,bar,16.81,1780.1,4372.0,0
2026-06-10 04:00:00,M18,145,OP-07,1,70.51,,50.817,psi,21.9,1753.8,18292.0,1
2026-06-10 04:00:00,M19,26,OP-11,1,62.46,3.673,53.489,psi,19.8,1751.0,4012.0,0
2026-06-10 04:00:00,M20,87,OP-11,1,67.88,2.739,55.982,psi,18.39,1762.3,11332.0,0
2026-06-10 04:00:00,M21,148,OP-02,1,64.92,1.946,60.247,psi,17.42,1777.3,18652.0,0
2026-06-10 04:00:00,M22,59,OP-05,1,65.46,3.064,57.457,psi,19.24,1765.8,7972.0,0
2026-06-10 04:00:00,M23,65,OP-08,1,73.45,,54.457,psi,22.87,1742.1,8692.0,0
2026-06-10 04:00:00,M24,54,OP-02,1,63.36,2.233,59.06,psi,16.79,1765.3,7372.0,0
2026-06-10 04:00:00,M25,131,OP-07,1,72.35,4.507,54.962,psi,21.84,1746.5,16612.0,0
2026-06-10 05:00:00,M01,171,OP-06,1,62.94,2.781,4.286,bar,18.19,1774.5,21413.0,0
2026-06-10 05:00:00,M02,115,OP-07,1,71.1,3.615,3.865,bar,20.09,1754.2,14693.0,1
2026-06-10 05:00:00,M03,125,OP-07,1,77.35,,3.569,bar,22.44,1728.3,15893.0,1
2026-06-10 05:00:00,M04,163,OP-10,1,63.69,2.798,3.793,bar,19.26,1774.2,20453.0,0
2026-06-10 05:00:00,M05,107,OP-07,1,69.83,3.608,3.721,bar,20.56,1754.2,13733.0,1
2026-06-10 05:00:00,M06,141,OP-05,1,65.31,2.639,4.139,bar,18.57,1769.4,17813.0,0
2026-06-10 05:00:00,M07,151,OP-07,1,67.89,2.854,3.779,bar,18.35,1756.1,19013.0,0
2026-06-10 05:00:00,M08,45,OP-06,1,64.98,2.163,3.857,bar,18.21,1785.9,6293.0,0
2026-06-10 05:00:00,M09,15,OP-05,1,65.96,2.808,3.963,bar,19.17,1759.3,2693.0,0
2026-06-10 05:00:00,M10,58,OP-01,1,78.7,3.974,3.877,bar,22.01,1725.0,7853.0,0
2026-06-10 05:00:00,M11,55,OP-06,1,58.76,1.935,4.112,bar,16.71,1776.4,7493.0,0
2026-06-10 05:00:00,M12,158,OP-06,1,63.28,2.307,4.125,bar,18.5,1779.4,19853.0,0
2026-06-10 05:00:00,M13,165,OP-07,1,71.18,4.493,3.658,bar,21.42,1744.9,20693.0,0
2026-06-10 05:00:00,M14,6,OP-04,1,69.71,2.683,3.893,bar,20.17,1760.9,1613.0,0
2026-06-10 05:00:00,M15,93,OP-02,1,69.18,4.071,3.839,bar,20.02,1761.1,12053.0,0
2026-06-10 05:00:00,M16,149,OP-09,1,59.81,2.898,3.964,bar,18.06,1773.7,18773.0,0
2026-06-10 05:00:00,M17,29,OP-03,1,61.98,1.914,4.424,bar,17.34,1761.1,4373.0,0
2026-06-10 05:00:00,M18,145,OP-02,1,71.11,4.393,53.696,psi,21.44,1741.2,18293.0,1
2026-06-10 05:00:00,M19,26,OP-09,1,72.02,3.597,55.774,psi,20.86,1740.9,4013.0,0
2026-06-10 05:00:00,M20,87,OP-07,1,65.68,2.725,58.563,psi,18.6,1773.7,11333.0,0
2026-06-10 05:00:00,M21,148,OP-07,1,61.09,,58.964,psi,17.6,1776.1,18653.0,0
2026-06-10 05:00:00,M22,59,OP-09,1,65.9,2.888,59.729,psi,19.49,1764.1,7973.0,0
2026-06-10 05:00:00,M23,65,OP-07,1,71.71,4.044,48.104,psi,21.37,1741.2,8693.0,0
2026-06-10 05:00:00,M24,54,OP-10,1,62.17,2.345,57.891,psi,18.21,1775.8,7373.0,0
2026-06-10 05:00:00,M25,131,OP-07,1,73.95,,53.723,psi,21.05,1741.7,16613.0,0
2026-06-10 06:00:00,M01,171,OP-01,1,66.58,2.525,3.935,bar,19.73,1767.4,21414.0,0
2026-06-10 06:00:00,M02,115,OP-06,1,73.42,3.563,3.538,bar,20.42,1734.1,14694.0,1
2026-06-10 06:00:00,M03,125,OP-07,1,81.43,,3.743,bar,21.59,1740.7,15894.0,1
2026-06-10 06:00:00,M04,163,OP-04,1,66.74,2.708,3.797,bar,17.85,1757.0,20454.0,0
2026-06-10 06:00:00,M05,107,OP-05,1,73.09,3.815,3.828,bar,20.71,1735.1,13734.0,1
2026-06-10 06:00:00,M06,141,OP-06,1,59.91,2.643,4.079,bar,19.51,1755.5,17814.0,0
2026-06-10 06:00:00,M07,151,OP-01,1,66.69,3.051,4.118,bar,18.73,1741.6,19014.0,0
2026-06-10 06:00:00,M08,45,OP-03,1,58.91,2.631,4.119,bar,17.24,1771.7,6294.0,0
2026-06-10 06:00:00,M09,15,OP-08,1,65.19,2.69,4.137,bar,20.49,1759.6,2694.0,0
2026-06-10 06:00:00,M10,58,OP-04,1,67.37,3.965,3.59,bar,21.82,1736.2,7854.0,0
2026-06-10 06:00:00,M11,55,OP-02,1,65.01,2.043,4.161,bar,16.96,1769.8,7494.0,0
2026-06-10 06:00:00,M12,158,OP-03,1,67.91,2.582,3.991,bar,19.54,1773.0,19854.0,0
2026-06-10 06:00:00,M13,165,OP-04,1,75.34,4.345,3.682,bar,21.9,1744.3,20694.0,0
2026-06-10 06:00:00,M14,6,OP-02,1,61.34,2.691,4.037,bar,19.46,1760.2,1614.0,0
2026-06-10 06:00:00,M15,93,OP-07,1,67.98,,3.965,bar,20.05,1751.5,12054.0,0
2026-06-10 06:00:00,M16,149,OP-10,1,66.16,2.908,4.293,bar,20.1,1771.6,18774.0,0
2026-06-10 06:00:00,M17,29,OP-06,1,60.7,1.812,4.042,bar,18.06,1775.1,4374.0,0
2026-06-10 06:00:00,M18,145,OP-07,1,71.63,4.08,54.762,psi,22.69,1737.8,18294.0,1
2026-06-10 06:00:00,M19,26,OP-12,1,71.98,,58.359,psi,19.86,1750.8,4014.0,0
2026-06-10 06:00:00,M20,87,OP-02,1,62.78,2.668,56.913,psi,18.89,1766.5,11334.0,0
2026-06-10 06:00:00,M21,148,OP-05,1,63.25,2.117,61.058,psi,18.24,1779.4,18654.0,0
2026-06-10 06:00:00,M22,59,OP-07,1,64.59,2.926,58.16,psi,17.99,1762.1,7974.0,0
2026-06-10 06:00:00,M23,65,OP-06,1,71.54,4.483,53.486,psi,22.98,1751.5,8694.0,0
2026-06-10 06:00:00,M24,54,OP-04,1,61.57,2.351,61.391,psi,18.19,1763.7,7374.0,0
2026-06-10 06:00:00,M25,131,OP-06,1,73.76,4.448,53.215,psi,20.52,1733.4,16614.0,0
2026-06-10 07:00:00,M01,171,OP-09,1,66.11,2.781,3.857,bar,18.81,1766.8,21415.0,0
2026-06-10 07:00:00,M02,115,OP-07,1,74.75,3.521,4.005,bar,19.67,1745.6,14695.0,1
2026-06-10 07:00:00,M03,125,OP-11,1,76.11,4.244,3.609,bar,21.91,1750.1,15895.0,1
2026-06-10 07:00:00,M04,163,OP-12,1,67.84,2.65,4.055,bar,18.56,1750.4,20455.0,0
2026-06-10 07:00:00,M05,107,OP-05,1,69.8,3.769,3.697,bar,21.79,1744.1,13735.0,1
2026-06-10 07:00:00,M06,141,OP-05,1,64.55,2.669,4.124,bar,19.07,1758.0,17815.0,0
2026-06-10 07:00:00,M07,151,OP-04,1,62.61,2.861,3.851,bar,19.79,1779.7,19015.0,0
2026-06-10 07:00:00,M08,45,OP-12,1,61.17,2.328,3.854,bar,17.9,1756.7,6295.0,0
2026-06-10 07:00:00,M09,15,OP-11,1,66.72,2.766,3.987,bar,19.33,1758.9,2695.0,0
2026-06-10 07:00:00,M10,58,OP-11,1,72.05,4.06,3.684,bar,21.07,1750.6,7855.0,0
2026-06-10 07:00:00,M11,55,OP-07,1,52.43,2.0,4.257,bar,18.96,1773.2,7495.0,0
2026-06-10 07:00:00,M12,158,OP-01,1,61.23,2.718,3.868,bar,18.13,1758.4,19855.0,0
2026-06-10 07:00:00,M13,165,OP-07,1,74.66,4.164,3.671,bar,21.3,1735.9,20695.0,1
2026-06-10 07:00:00,M14,6,OP-11,1,65.66,2.791,4.04,bar,19.41,1769.7,1615.0,0
2026-06-10 07:00:00,M15,93,OP-11,1,69.59,3.528,3.578,bar,20.98,1753.2,12055.0,0
2026-06-10 07:00:00,M16,149,OP-03,1,63.24,2.705,3.758,bar,19.89,1763.3,18775.0,0
2026-06-10 07:00:00,M17,29,OP-02,1,66.92,1.787,4.12,bar,17.98,1789.2,4375.0,0
2026-06-10 07:00:00,M18,145,OP-07,1,73.65,4.028,54.786,psi,22.08,1736.3,18295.0,1
2026-06-10 07:00:00,M19,26,OP-05,1,67.6,3.577,54.427,psi,18.76,1756.9,4015.0,0
2026-06-10 07:00:00,M20,87,OP-09,1,66.25,2.332,57.292,psi,19.12,1769.0,11335.0,0
2026-06-10 07:00:00,M21,148,OP-07,1,63.76,1.754,58.924,psi,16.43,1782.3,18655.0,0
2026-06-10 07:00:00,M22,59,OP-10,1,61.68,3.1,56.498,psi,19.65,1762.6,7975.0,0
2026-06-10 07:00:00,M23,65,OP-10,1,75.0,4.208,52.454,psi,21.26,1745.9,8695.0,0
2026-06-10 07:00:00,M24,54,OP-07,1,62.22,2.346,58.802,psi,18.83,1762.8,7375.0,0
2026-06-10 07:00:00,M25,131,OP-06,1,73.18,4.435,51.529,psi,21.24,1740.8,16615.0,0
2026-06-10 08:00:00,M01,171,OP-03,2,65.18,2.55,4.06,bar,18.94,1766.5,21416.0,0
2026-06-10 08:00:00,M02,115,OP-07,2,72.24,3.571,3.727,bar,20.66,1764.7,14696.0,1
2026-06-10 08:00:00,M03,125,OP-07,2,76.1,4.15,3.714,bar,20.5,1736.0,15896.0,1
2026-06-10 08:00:00,M04,163,OP-11,2,62.54,2.731,3.892,bar,19.1,1754.9,20456.0,0
2026-06-10 08:00:00,M05,107,OP-07,2,70.32,3.727,3.668,bar,21.35,1742.9,13736.0,1
2026-06-10 08:00:00,M06,141,OP-09,2,64.49,2.866,3.961,bar,19.11,1777.7,17816.0,0
2026-06-10 08:00:00,M07,151,OP-05,2,69.61,3.1,3.949,bar,20.16,1755.7,19016.0,0
2026-06-10 08:00:00,M08,45,OP-07,2,67.96,2.274,4.042,bar,19.02,1778.3,6296.0,0
2026-06-10 08:00:00,M09,15,OP-02,2,66.99,2.853,3.956,bar,20.22,1761.8,2696.0,0
2026-06-10 08:00:00,M10,58,OP-10,2,70.73,3.896,3.448,bar,20.61,1731.1,7856.0,0
2026-06-10 08:00:00,M11,55,OP-04,2,60.86,1.799,4.213,bar,17.92,1777.4,7496.0,0
2026-06-10 08:00:00,M12,158,OP-09,2,60.94,2.361,3.831,bar,19.65,1765.5,19856.0,0
2026-06-10 08:00:00,M13,165,OP-11,2,75.01,4.161,3.704,bar,21.69,1739.3,20696.0,1
2026-06-10 08:00:00,M14,6,OP-07,2,64.72,2.89,4.129,bar,19.27,1773.9,1616.0,0
2026-06-10 08:00:00,M15,93,OP-12,2,65.56,3.616,3.892,bar,20.18,1752.8,12056.0,0
2026-06-10 08:00:00,M16,149,OP-04,2,61.55,2.822,4.099,bar,19.62,1759.8,18776.0,0
2026-06-10 08:00:00,M17,29,OP-03,2,62.72,1.908,4.165,bar,17.09,1786.6,4376.0,0
2026-06-10 08:00:00,M18,145,OP-01,2,77.79,4.349,55.264,psi,21.66,1742.7,18296.0,1
2026-06-10 08:00:00,M19,26,OP-11,2,67.09,3.459,55.565,psi,20.28,1768.0,4016.0,0
2026-06-10 08:00:00,M20,87,OP-01,2,59.15,2.497,59.434,psi,18.68,1770.7,11336.0,0
2026-06-10 08:00:00,M21,148,OP-06,2,59.54,1.915,61.409,psi,18.65,1776.9,18656.0,0
2026-06-10 08:00:00,M22,59,OP-03,2,68.8,3.256,57.846,psi,20.18,1748.5,7976.0,0
2026-06-10 08:00:00,M23,65,OP-05,2,75.75,4.169,55.769,psi,21.76,1748.0,8696.0,0
2026-06-10 08:00:00,M24,54,OP-12,2,64.18,2.191,54.836,psi,17.82,1769.6,7376.0,0
2026-06-10 08:00:00,M25,131,OP-11,2,78.26,4.28,51.491,psi,22.29,1740.2,16616.0,0
2026-06-10 09:00:00,M01,171,OP-02,2,60.26,2.882,4.031,bar,18.89,1773.7,21417.0,0
2026-06-10 09:00:00,M02,115,OP-07,2,67.14,3.557,3.796,bar,21.21,1740.5,14697.0,1
2026-06-10 09:00:00,M03,125,OP-07,2,75.61,4.364,3.46,bar,21.0,1736.6,15897.0,1
2026-06-10 09:00:00,M04,163,OP-03,2,66.21,2.595,4.05,bar,19.09,1764.4,20457.0,0
2026-06-10 09:00:00,M05,107,OP-05,2,74.43,3.895,3.891,bar,19.94,1748.1,13737.0,1
2026-06-10 09:00:00,M06,141,OP-04,2,65.58,2.708,3.926,bar,19.04,1748.0,17817.0,0
2026-06-10 09:00:00,M07,151,OP-07,2,71.58,3.042,4.074,bar,19.9,1758.1,19017.0,0
2026-06-10 09:00:00,M08,45,OP-11,2,64.06,2.385,3.932,bar,17.59,1768.6,6297.0,0
2026-06-10 09:00:00,M09,15,OP-09,2,71.68,3.166,4.113,bar,19.53,1765.7,2697.0,0
2026-06-10 09:00:00,M10,58,OP-10,2,76.09,4.11,3.648,bar,22.05,1734.2,7857.0,0
2026-06-10 09:00:00,M11,55,OP-08,2,64.44,1.84,4.191,bar,18.04,1783.1,7497.0,0
2026-06-10 09:00:00,M12,158,OP-02,2,63.36,2.338,3.946,bar,18.07,1749.7,19857.0,0
2026-06-10 09:00:00,M13,165,OP-09,2,77.65,4.329,3.704,bar,22.23,1736.3,20697.0,1
2026-06-10 09:00:00,M14,6,OP-11,2,65.19,2.843,4.127,bar,19.15,1761.5,1617.0,0
2026-06-10 09:00:00,M15,93,OP-02,2,69.37,3.638,3.685,bar,19.12,1748.1,12057.0,0
2026-06-10 09:00:00,M16,149,OP-10,2,61.68,2.951,3.976,bar,18.66,1764.4,18777.0,0
2026-06-10 09:00:00,M17,29,OP-07,2,58.18,2.092,4.094,bar,18.34,1785.2,4377.0,0
2026-06-10 09:00:00,M18,145,OP-12,2,71.05,4.228,50.061,psi,22.05,1727.2,18297.0,1
2026-06-10 09:00:00,M19,26,OP-12,2,72.85,3.41,53.983,psi,20.64,1736.6,4017.0,0
2026-06-10 09:00:00,M20,87,OP-04,2,66.21,2.449,57.789,psi,19.08,1768.4,11337.0,0
2026-06-10 09:00:00,M21,148,OP-12,2,54.65,1.865,63.958,psi,18.5,1758.8,18657.0,0
2026-06-10 09:00:00,M22,59,OP-05,2,62.91,3.161,57.644,psi,19.07,1763.4,7977.0,0
2026-06-10 09:00:00,M23,65,OP-07,2,76.04,4.389,50.293,psi,21.85,1740.1,8697.0,0
2026-06-10 09:00:00,M24,54,OP-10,2,64.65,2.205,57.894,psi,17.89,1771.5,7377.0,0
2026-06-10 09:00:00,M25,131,OP-08,2,71.7,4.327,53.681,psi,21.87,1733.7,16617.0,0
2026-06-10 10:00:00,M01,171,OP-07,2,64.41,2.864,4.198,bar,18.99,1772.1,21418.0,0
2026-06-10 10:00:00,M02,115,OP-07,2,67.54,3.433,4.012,bar,21.1,1744.4,14698.0,1
2026-06-10 10:00:00,M03,125,OP-04,2,77.14,,3.64,bar,22.0,1733.8,15898.0,1
2026-06-10 10:00:00,M04,163,OP-10,2,65.73,2.69,4.039,bar,19.03,1771.9,20458.0,0
2026-06-10 10:00:00,M05,107,OP-10,2,72.45,,3.775,bar,21.12,1746.2,13738.0,1
2026-06-10 10:00:00,M06,141,OP-01,2,68.25,2.801,3.924,bar,18.57,1759.4,17818.0,0
2026-06-10 10:00:00,M07,151,OP-12,2,67.8,2.998,3.913,bar,19.84,1756.0,19018.0,0
2026-06-10 10:00:00,M08,45,OP-04,2,62.45,2.095,3.869,bar,17.57,1771.8,6298.0,0
2026-06-10 10:00:00,M09,15,OP-05,2,67.46,2.933,4.013,bar,19.27,1752.7,2698.0,0
2026-06-10 10:00:00,M10,58,OP-09,2,72.31,4.01,3.725,bar,22.01,1738.6,7858.0,0
2026-06-10 10:00:00,M11,55,OP-08,2,58.34,1.841,4.102,bar,17.26,1778.3,7498.0,0
2026-06-10 10:00:00,M12,158,OP-04,2,65.1,2.52,4.113,bar,18.79,1772.2,19858.0,0
2026-06-10 10:00:00,M13,165,OP-05,2,68.68,4.318,3.537,bar,21.59,1738.4,20698.0,1
2026-06-10 10:00:00,M14,6,OP-09,2,66.13,2.826,3.894,bar,18.17,1763.9,1618.0,0
2026-06-10 10:00:00,M15,93,OP-05,2,73.69,3.913,3.738,bar,21.09,1742.3,12058.0,0
2026-06-10 10:00:00,M16,149,OP-10,2,65.48,2.603,3.955,bar,18.84,1744.9,18778.0,0
2026-06-10 10:00:00,M17,29,OP-10,2,59.04,1.914,4.186,bar,17.82,1787.2,4378.0,0
2026-06-10 10:00:00,M18,145,OP-07,2,72.83,4.535,53.187,psi,21.49,1731.3,18298.0,1
2026-06-10 10:00:00,M19,26,OP-01,2,76.64,3.448,54.944,psi,20.97,1739.6,4018.0,0
2026-06-10 10:00:00,M20,87,OP-02,2,60.45,2.506,57.452,psi,18.38,1745.2,11338.0,0
2026-06-10 10:00:00,M21,148,OP-07,2,58.91,2.304,61.239,psi,17.2,1774.1,18658.0,0
2026-06-10 10:00:00,M22,59,OP-07,2,74.86,3.283,58.479,psi,19.53,1747.3,7978.0,0
2026-06-10 10:00:00,M23,65,OP-05,2,75.88,4.326,53.032,psi,22.36,1752.3,8698.0,0
2026-06-10 10:00:00,M24,54,OP-11,2,65.65,2.549,60.677,psi,18.6,1771.3,7378.0,0
2026-06-10 10:00:00,M25,131,OP-07,2,70.81,3.867,54.913,psi,21.7,1747.6,16618.0,0
2026-06-10 11:00:00,M01,171,OP-09,2,63.72,2.598,3.853,bar,19.0,1767.4,21419.0,0
2026-06-10 11:00:00,M02,115,OP-10,2,70.85,3.516,3.595,bar,21.63,1744.6,14699.0,1
2026-06-10 11:00:00,M03,125,OP-07,2,72.87,,3.68,bar,20.58,1730.0,15899.0,1
2026-06-10 11:00:00,M04,163,OP-09,2,66.73,2.739,4.069,bar,19.32,1760.4,20459.0,0
2026-06-10 11:00:00,M05,107,OP-07,2,69.25,3.508,3.754,bar,20.44,1740.8,13739.0,1
2026-06-10 11:00:00,M06,141,OP-12,2,60.7,2.787,3.98,bar,20.59,1781.3,17819.0,0
2026-06-10 11:00:00,M07,151,OP-12,2,59.96,3.002,4.105,bar,20.43,1759.9,19019.0,0
2026-06-10 11:00:00,M08,45,OP-07,2,62.02,2.222,4.006,bar,17.89,1773.3,6299.0,0
2026-06-10 11:00:00,M09,15,OP-10,2,66.7,3.066,3.826,bar,20.34,1761.8,2699.0,0
2026-06-10 11:00:00,M10,58,OP-06,2,71.35,4.111,3.476,bar,21.7,1738.8,7859.0,0
2026-06-10 11:00:00,M11,55,OP-01,2,60.27,,4.037,bar,18.06,1763.2,7499.0,0
2026-06-10 11:00:00,M12,158,OP-08,2,61.86,2.557,4.126,bar,18.75,1773.2,19859.0,0
2026-06-10 11:00:00,M13,165,OP-07,2,68.91,4.331,3.627,bar,21.3,1742.2,20699.0,1
2026-06-10 11:00:00,M14,6,OP-02,2,67.92,2.695,3.711,bar,19.03,1757.6,1619.0,0
2026-06-10 11:00:00,M15,93,OP-08,2,61.65,3.808,3.872,bar,20.71,1744.2,12059.0,0
2026-06-10 11:00:00,M16,149,OP-05,2,62.23,2.696,3.817,bar,18.76,1766.1,18779.0,0
2026-06-10 11:00:00,M17,29,OP-08,2,62.28,1.994,4.258,bar,18.8,1779.6,4379.0,0
2026-06-10 11:00:00,M18,145,OP-07,2,70.64,,51.577,psi,21.75,1750.5,18299.0,1
2026-06-10 11:00:00,M19,26,OP-03,2,73.35,3.729,53.251,psi,20.82,1741.8,4019.0,0
2026-06-10 11:00:00,M20,87,OP-06,2,70.05,2.466,55.443,psi,17.86,1770.7,11339.0,0
2026-06-10 11:00:00,M21,148,OP-09,2,62.93,1.918,59.07,psi,18.2,1780.2,18659.0,0
2026-06-10 11:00:00,M22,59,OP-08,2,67.47,,59.023,psi,18.8,1761.5,7979.0,0
2026-06-10 11:00:00,M23,65,OP-10,2,68.63,4.293,55.405,psi,21.26,1737.0,8699.0,0
2026-06-10 11:00:00,M24,54,OP-05,2,63.32,2.329,55.348,psi,18.11,1764.7,7379.0,0
2026-06-10 11:00:00,M25,131,OP-04,2,75.92,4.216,51.559,psi,21.79,1746.5,16619.0,0
2026-06-10 12:00:00,M01,171,OP-02,2,59.72,2.642,3.813,bar,19.03,1753.1,21420.0,0
2026-06-10 12:00:00,M02,115,OP-07,2,68.18,3.778,3.864,bar,21.14,1754.0,14700.0,1
2026-06-10 12:00:00,M03,125,OP-04,2,72.88,4.176,3.701,bar,22.17,1735.7,15900.0,1
2026-06-10 12:00:00,M04,163,OP-07,2,66.75,2.483,4.065,bar,19.21,1763.0,20460.0,0
2026-06-10 12:00:00,M05,107,OP-07,2,70.0,3.731,3.916,bar,19.5,1755.3,13740.0,1
2026-06-10 12:00:00,M06,141,OP-11,2,65.36,2.841,3.832,bar,18.85,1771.3,17820.0,0
2026-06-10 12:00:00,M07,151,OP-07,2,64.2,3.152,3.95,bar,19.64,1763.6,19020.0,0
2026-06-10 12:00:00,M08,45,OP-01,2,62.98,2.098,3.974,bar,17.92,1762.4,6300.0,0
2026-06-10 12:00:00,M09,15,OP-11,2,60.37,2.74,4.01,bar,18.89,1753.2,2700.0,0
2026-06-10 12:00:00,M10,58,OP-08,2,75.43,4.183,3.816,bar,21.31,1742.5,7860.0,0
2026-06-10 12:00:00,M11,55,OP-05,2,59.65,1.705,4.222,bar,18.19,1785.4,7500.0,0
2026-06-10 12:00:00,M12,158,OP-08,2,65.47,2.403,3.975,bar,18.45,1778.6,19860.0,0
2026-06-10 12:00:00,M13,165,OP-07,2,69.82,4.135,3.868,bar,22.37,1726.8,20700.0,1
2026-06-10 12:00:00,M14,6,OP-10,2,64.87,2.803,4.074,bar,19.74,1761.9,1620.0,0
2026-06-10 12:00:00,M15,93,OP-01,2,67.63,3.43,3.782,bar,21.29,1751.9,12060.0,0
2026-06-10 12:00:00,M16,149,OP-09,2,59.05,2.98,3.993,bar,18.75,1756.3,18780.0,0
2026-06-10 12:00:00,M17,29,OP-05,2,63.39,1.754,4.134,bar,17.61,1770.5,4380.0,0
2026-06-10 12:00:00,M18,145,OP-10,2,73.98,4.111,53.598,psi,21.31,1745.0,18300.0,1
2026-06-10 12:00:00,M19,26,OP-12,2,66.44,3.687,54.287,psi,20.19,1740.8,4020.0,0
2026-06-10 12:00:00,M20,87,OP-03,2,70.91,2.539,60.299,psi,18.92,1786.1,11340.0,0
2026-06-10 12:00:00,M21,148,OP-09,2,70.9,1.939,61.824,psi,17.82,1772.7,18660.0,0
2026-06-10 12:00:00,M22,59,OP-04,2,64.86,3.072,55.188,psi,20.6,1754.7,7980.0,0
2026-06-10 12:00:00,M23,65,OP-07,2,73.93,4.222,53.484,psi,20.78,1735.9,8700.0,0
2026-06-10 12:00:00,M24,54,OP-11,2,59.19,2.527,58.831,psi,17.96,1762.8,7380.0,0
2026-06-10 12:00:00,M25,131,OP-06,2,74.7,4.517,52.324,psi,21.44,1725.6,16620.0,0
2026-06-10 13:00:00,M01,171,OP-02,2,62.33,2.559,3.962,bar,18.53,1762.1,21421.0,0
2026-06-10 13:00:00,M02,115,OP-07,2,71.03,3.575,3.753,bar,20.48,1749.5,14701.0,1
2026-06-10 13:00:00,M03,125,OP-01,2,73.94,4.1,3.511,bar,21.73,1730.1,15901.0,1
2026-06-10 13:00:00,M04,163,OP-08,2,64.96,2.967,4.115,bar,18.92,1763.2,20461.0,0
2026-06-10 13:00:00,M05,107,OP-07,2,71.3,3.78,3.533,bar,20.94,1758.1,13741.0,1
2026-06-10 13:00:00,M06,141,OP-10,2,70.6,3.065,3.918,bar,18.76,1751.5,17821.0,0
2026-06-10 13:00:00,M07,151,OP-12,2,74.05,3.1,3.918,bar,17.66,1761.0,19021.0,0
2026-06-10 13:00:00,M08,45,OP-04,2,67.7,2.121,4.024,bar,17.73,1775.9,6301.0,0
2026-06-10 13:00:00,M09,15,OP-04,2,60.84,2.985,4.162,bar,19.87,1770.4,2701.0,0
2026-06-10 13:00:00,M10,58,OP-07,2,71.9,4.15,3.823,bar,21.29,1729.8,7861.0,0
2026-06-10 13:00:00,M11,55,OP-02,2,62.27,1.869,4.158,bar,17.89,1779.0,7501.0,0
2026-06-10 13:00:00,M12,158,OP-05,2,66.59,2.452,3.921,bar,18.57,1767.1,19861.0,0
2026-06-10 13:00:00,M13,165,OP-10,2,71.98,4.303,3.557,bar,22.2,1735.8,20701.0,1
2026-06-10 13:00:00,M14,6,OP-05,2,66.57,2.799,4.172,bar,18.54,1757.1,1621.0,0
2026-06-10 13:00:00,M15,93,OP-03,2,68.89,3.651,3.743,bar,21.14,1753.2,12061.0,0
2026-06-10 13:00:00,M16,149,OP-05,2,62.21,2.808,4.109,bar,18.9,1758.1,18781.0,0
2026-06-10 13:00:00,M17,29,OP-04,2,59.84,1.889,4.184,bar,17.12,1784.6,4381.0,0
2026-06-10 13:00:00,M18,145,OP-04,2,75.15,4.579,54.088,psi,21.91,1747.2,18301.0,1
2026-06-10 13:00:00,M19,26,OP-02,2,63.77,,58.25,psi,21.19,1762.0,4021.0,0
2026-06-10 13:00:00,M20,87,OP-03,2,64.02,2.64,57.915,psi,19.76,1769.1,11341.0,0
2026-06-10 13:00:00,M21,148,OP-03,2,59.87,1.818,61.597,psi,18.03,1779.3,18661.0,0
2026-06-10 13:00:00,M22,59,OP-02,2,66.88,3.112,56.632,psi,20.53,1752.1,7981.0,0
2026-06-10 13:00:00,M23,65,OP-08,2,71.94,4.325,54.298,psi,21.09,1730.1,8701.0,0
2026-06-10 13:00:00,M24,54,OP-07,2,68.3,2.255,59.638,psi,18.36,1772.9,7381.0,0
2026-06-10 13:00:00,M25,131,OP-06,2,71.74,4.417,55.971,psi,22.11,1730.1,16621.0,0
2026-06-10 14:00:00,M01,171,OP-04,2,64.42,2.72,4.042,bar,19.58,1766.1,21422.0,0
2026-06-10 14:00:00,M02,115,OP-08,2,69.31,3.827,3.811,bar,21.53,1747.3,14702.0,1
2026-06-10 14:00:00,M03,125,OP-07,2,74.26,4.354,3.655,bar,21.5,1738.3,15902.0,1
2026-06-10 14:00:00,M04,163,OP-03,2,68.7,2.896,3.966,bar,20.09,1768.4,20462.0,0
2026-06-10 14:00:00,M05,107,OP-07,2,71.66,3.533,3.918,bar,20.13,1755.7,13742.0,1
2026-06-10 14:00:00,M06,141,OP-01,2,67.28,2.709,4.05,bar,20.49,1757.8,17822.0,0
2026-06-10 14:00:00,M07,151,OP-07,2,68.42,3.12,3.988,bar,19.32,1747.3,19022.0,0
2026-06-10 14:00:00,M08,45,OP-02,2,57.69,2.159,3.961,bar,17.59,1768.6,6302.0,0
2026-06-10 14:00:00,M09,15,OP-07,2,69.53,2.816,4.059,bar,20.18,1745.3,2702.0,0
2026-06-10 14:00:00,M10,58,OP-10,2,71.83,4.012,3.729,bar,21.55,1748.3,7862.0,0
2026-06-10 14:00:00,M11,55,OP-07,2,68.11,1.98,4.131,bar,17.24,1766.5,7502.0,0
2026-06-10 14:00:00,M12,158,OP-07,2,61.33,2.256,3.968,bar,19.4,1749.8,19862.0,0
2026-06-10 14:00:00,M13,165,OP-07,2,69.88,4.272,3.502,bar,21.21,1737.1,20702.0,1
2026-06-10 14:00:00,M14,6,OP-03,2,62.39,2.895,4.08,bar,19.56,1761.0,1622.0,0
2026-06-10 14:00:00,M15,93,OP-02,2,68.19,3.438,3.823,bar,20.72,1746.8,12062.0,0
2026-06-10 14:00:00,M16,149,OP-12,2,65.75,2.773,3.858,bar,20.83,1767.1,18782.0,0
2026-06-10 14:00:00,M17,29,OP-09,2,56.31,1.576,4.193,bar,18.9,1773.6,4382.0,0
2026-06-10 14:00:00,M18,145,OP-07,2,76.68,4.473,52.221,psi,21.18,1742.4,18302.0,1
2026-06-10 14:00:00,M19,26,OP-12,2,69.13,3.521,56.131,psi,21.16,1750.6,4022.0,0
2026-06-10 14:00:00,M20,87,OP-02,2,70.17,2.403,59.533,psi,18.73,1774.7,11342.0,0
2026-06-10 14:00:00,M21,148,OP-07,2,63.93,1.993,59.968,psi,18.15,1784.3,18662.0,0
2026-06-10 14:00:00,M22,59,OP-03,2,74.46,2.77,57.085,psi,19.87,1752.6,7982.0,0
2026-06-10 14:00:00,M23,65,OP-11,2,62.36,4.021,50.97,psi,21.93,1732.7,8702.0,0
2026-06-10 14:00:00,M24,54,OP-07,2,63.53,2.404,62.454,psi,18.71,1750.2,7382.0,0
2026-06-10 14:00:00,M25,131,OP-06,2,70.86,4.515,50.667,psi,22.4,1740.9,16622.0,0
2026-06-10 15:00:00,M01,171,OP-07,2,68.27,2.871,4.038,bar,18.62,1779.5,21423.0,0
2026-06-10 15:00:00,M02,115,OP-07,2,70.2,3.444,3.707,bar,20.92,1737.7,14703.0,1
2026-06-10 15:00:00,M03,125,OP-07,2,74.33,4.276,3.793,bar,21.36,1735.6,15903.0,1
2026-06-10 15:00:00,M04,163,OP-03,2,66.81,2.878,3.94,bar,19.07,1755.1,20463.0,0
2026-06-10 15:00:00,M05,107,OP-07,2,73.6,,3.789,bar,19.94,1752.5,13743.0,1
2026-06-10 15:00:00,M06,141,OP-10,2,67.59,2.59,3.936,bar,18.45,1751.2,17823.0,0
2026-06-10 15:00:00,M07,151,OP-04,2,70.0,2.985,3.995,bar,19.11,1765.7,19023.0,0
2026-06-10 15:00:00,M08,45,OP-09,2,66.72,2.359,4.069,bar,17.52,1780.7,6303.0,0
2026-06-10 15:00:00,M09,15,OP-09,2,58.39,2.714,3.996,bar,19.38,1748.3,2703.0,0
2026-06-10 15:00:00,M10,58,OP-02,2,74.19,4.211,3.929,bar,20.96,1740.0,7863.0,0
2026-06-10 15:00:00,M11,55,OP-09,2,60.85,,4.099,bar,17.71,1778.2,7503.0,0
2026-06-10 15:00:00,M12,158,OP-07,2,60.91,2.452,4.027,bar,17.65,1750.0,19863.0,0
2026-06-10 15:00:00,M13,165,OP-07,2,77.75,,3.658,bar,21.06,1755.3,20703.0,1
2026-06-10 15:00:00,M14,6,OP-06,2,63.89,2.822,3.825,bar,18.68,1763.8,1623.0,0
2026-06-10 15:00:00,M15,93,OP-07,2,75.01,,3.76,bar,19.83,1747.3,12063.0,0
2026-06-10 15:00:00,M16,149,OP-09,2,69.0,2.97,3.751,bar,19.39,1760.9,18783.0,0
2026-06-10 15:00:00,M17,29,OP-04,2,60.53,2.083,4.201,bar,17.07,1776.8,4383.0,0
2026-06-10 15:00:00,M18,145,OP-07,2,69.8,,50.585,psi,22.09,1745.1,18303.0,1
2026-06-10 15:00:00,M19,26,OP-05,2,69.84,3.457,55.625,psi,20.31,1748.6,4023.0,0
2026-06-10 15:00:00,M20,87,OP-12,2,69.34,2.662,57.905,psi,17.05,1772.7,11343.0,0
2026-06-10 15:00:00,M21,148,OP-09,2,57.15,2.073,62.855,psi,16.87,1775.9,18663.0,0
2026-06-10 15:00:00,M22,59,OP-01,2,66.66,3.081,57.484,psi,19.1,1761.6,7983.0,0
2026-06-10 15:00:00,M23,65,OP-03,2,77.99,4.449,52.795,psi,21.64,1739.6,8703.0,0
2026-06-10 15:00:00,M24,54,OP-11,2,55.83,2.222,58.028,psi,19.37,1756.7,7383.0,0
2026-06-10 15:00:00,M25,131,OP-05,2,77.29,4.264,53.717,psi,21.17,1737.5,16623.0,0
2026-06-10 16:00:00,M01,171,OP-07,3,64.37,2.489,4.122,bar,19.67,1768.0,21424.0,0
2026-06-10 16:00:00,M02,115,OP-11,3,76.04,3.414,3.968,bar,21.59,1754.7,14704.0,1
2026-06-10 16:00:00,M03,125,OP-11,3,71.58,4.231,3.673,bar,20.78,1731.0,15904.0,1
2026-06-10 16:00:00,M04,163,OP-04,3,65.65,3.023,4.108,bar,20.73,1762.0,20464.0,0
2026-06-10 16:00:00,M05,107,OP-07,3,67.21,3.685,3.63,bar,20.01,1754.7,13744.0,1
2026-06-10 16:00:00,M06,141,OP-03,3,64.41,2.614,3.859,bar,19.51,1768.5,17824.0,0
2026-06-10 16:00:00,M07,151,OP-09,3,64.71,3.21,3.975,bar,19.05,1763.5,19024.0,0
2026-06-10 16:00:00,M08,45,OP-04,3,60.3,2.143,4.082,bar,17.71,1762.2,6304.0,0
2026-06-10 16:00:00,M09,15,OP-11,3,67.2,3.161,3.895,bar,19.06,1764.3,2704.0,0
2026-06-10 16:00:00,M10,58,OP-04,3,74.84,4.021,3.796,bar,21.57,1744.9,7864.0,0
2026-06-10 16:00:00,M11,55,OP-05,3,54.64,1.85,4.072,bar,18.29,1781.5,7504.0,0
2026-06-10 16:00:00,M12,158,OP-02,3,63.51,2.617,3.98,bar,18.85,1762.3,19864.0,0
2026-06-10 16:00:00,M13,165,OP-10,3,71.5,4.175,3.666,bar,20.86,1743.4,20704.0,1
2026-06-10 16:00:00,M14,6,OP-03,3,61.99,2.795,3.711,bar,20.6,1740.6,1624.0,0
2026-06-10 16:00:00,M15,93,OP-12,3,67.17,3.927,4.131,bar,20.68,1747.1,12064.0,0
2026-06-10 16:00:00,M16,149,OP-12,3,66.75,2.73,3.938,bar,19.43,1764.6,18784.0,0
2026-06-10 16:00:00,M17,29,OP-07,3,61.84,1.549,4.308,bar,16.86,1755.8,4384.0,0
2026-06-10 16:00:00,M18,145,OP-05,3,71.88,4.465,53.137,psi,22.06,1735.0,18304.0,1
2026-06-10 16:00:00,M19,26,OP-11,3,69.47,3.55,52.824,psi,20.84,1747.1,4024.0,0
2026-06-10 16:00:00,M20,87,OP-09,3,57.4,2.644,57.379,psi,19.19,1762.6,11344.0,0
2026-06-10 16:00:00,M21,148,OP-05,3,60.14,2.205,62.42,psi,17.85,1769.6,18664.0,0
2026-06-10 16:00:00,M22,59,OP-01,3,63.31,2.846,56.885,psi,19.2,1751.6,7984.0,0
2026-06-10 16:00:00,M23,65,OP-07,3,73.7,4.523,50.694,psi,21.32,1745.6,8704.0,1
2026-06-10 16:00:00,M24,54,OP-04,3,61.64,2.251,60.418,psi,18.38,1758.8,7384.0,0
2026-06-10 16:00:00,M25,131,OP-09,3,70.2,4.387,50.785,psi,22.04,1734.4,16624.0,0
2026-06-10 17:00:00,M01,171,OP-01,3,65.5,2.852,3.817,bar,17.91,1764.1,21425.0,0
2026-06-10 17:00:00,M02,115,OP-11,3,68.62,,3.669,bar,20.41,1749.8,14705.0,1
2026-06-10 17:00:00,M03,125,OP-07,3,72.39,4.19,3.788,bar,20.83,1740.1,15905.0,1
2026-06-10 17:00:00,M04,163,OP-09,3,59.13,2.877,3.842,bar,18.15,1755.4,20465.0,0
2026-06-10 17:00:00,M05,107,OP-11,3,73.28,3.565,3.627,bar,20.59,1752.1,13745.0,1
2026-06-10 17:00:00,M06,141,OP-07,3,68.89,2.723,3.838,bar,20.49,1758.2,17825.0,0
2026-06-10 17:00:00,M07,151,OP-10,3,64.74,3.066,4.22,bar,20.58,1751.0,19025.0,0
2026-06-10 17:00:00,M08,45,OP-10,3,62.81,2.505,4.163,bar,18.5,1761.8,6305.0,0
2026-06-10 17:00:00,M09,15,OP-03,3,69.86,2.89,3.852,bar,19.19,1770.8,2705.0,0
2026-06-10 17:00:00,M10,58,OP-09,3,71.76,4.171,3.804,bar,20.3,1742.9,7865.0,0
2026-06-10 17:00:00,M11,55,OP-07,3,57.0,2.069,4.102,bar,17.11,1775.2,7505.0,0
2026-06-10 17:00:00,M12,158,OP-08,3,64.33,2.522,3.965,bar,17.79,1783.3,19865.0,0
2026-06-10 17:00:00,M13,165,OP-07,3,73.82,4.105,3.626,bar,22.15,1748.2,20705.0,1
2026-06-10 17:00:00,M14,6,OP-02,3,70.3,2.875,3.863,bar,19.53,1764.0,1625.0,0
2026-06-10 17:00:00,M15,93,OP-05,3,72.7,3.634,3.743,bar,20.98,1759.6,12065.0,0
2026-06-10 17:00:00,M16,149,OP-05,3,61.67,2.828,3.927,bar,19.37,1766.4,18785.0,0
2026-06-10 17:00:00,M17,29,OP-09,3,61.59,2.264,3.986,bar,18.12,1763.2,4385.0,0
2026-06-10 17:00:00,M18,145,OP-07,3,75.92,4.574,53.257,psi,21.93,1737.6,18305.0,1
2026-06-10 17:00:00,M19,26,OP-11,3,69.72,3.736,52.473,psi,20.34,1740.5,4025.0,0
2026-06-10 17:00:00,M20,87,OP-02,3,67.77,2.62,59.598,psi,19.13,1775.2,11345.0,0
2026-06-10 17:00:00,M21,148,OP-05,3,65.44,2.004,59.328,psi,17.09,1771.0,18665.0,0
2026-06-10 17:00:00,M22,59,OP-01,3,65.16,3.289,57.073,psi,19.67,1751.5,7985.0,0
2026-06-10 17:00:00,M23,65,OP-01,3,74.58,4.494,54.266,psi,22.34,1736.2,8705.0,1
2026-06-10 17:00:00,M24,54,OP-04,3,59.09,2.589,57.962,psi,18.91,1776.6,7385.0,0
2026-06-10 17:00:00,M25,131,OP-09,3,74.06,3.982,47.964,psi,21.84,1740.0,16625.0,0
2026-06-10 18:00:00,M01,171,OP-10,3,60.71,2.52,3.894,bar,18.43,1774.3,21426.0,0
2026-06-10 18:00:00,M02,115,OP-07,3,71.42,3.747,3.846,bar,19.31,1744.3,14706.0,1
2026-06-10 18:00:00,M03,125,OP-03,3,76.11,,3.763,bar,21.15,1747.7,15906.0,1
2026-06-10 18:00:00,M04,163,OP-09,3,60.41,2.871,3.865,bar,19.71,1766.5,20466.0,0
2026-06-10 18:00:00,M05,107,OP-07,3,76.84,3.682,3.707,bar,20.41,1749.4,13746.0,1
2026-06-10 18:00:00,M06,141,OP-05,3,62.77,2.892,3.879,bar,19.37,1759.5,17826.0,0
2026-06-10 18:00:00,M07,151,OP-08,3,64.72,3.063,3.969,bar,19.49,1752.8,19026.0,0
2026-06-10 18:00:00,M08,45,OP-09,3,68.71,2.321,4.057,bar,18.21,1776.1,6306.0,0
2026-06-10 18:00:00,M09,15,OP-03,3,63.65,2.996,3.987,bar,19.73,1766.6,2706.0,0
2026-06-10 18:00:00,M10,58,OP-04,3,70.48,4.248,3.572,bar,21.84,1734.5,7866.0,0
2026-06-10 18:00:00,M11,55,OP-01,3,55.77,1.887,4.122,bar,16.95,1787.5,7506.0,0
2026-06-10 18:00:00,M12,158,OP-07,3,66.53,2.481,3.904,bar,19.52,1784.5,19866.0,0
2026-06-10 18:00:00,M13,165,OP-07,3,73.63,4.335,3.814,bar,21.45,1738.3,20706.0,1
2026-06-10 18:00:00,M14,6,OP-06,3,70.13,2.857,3.905,bar,19.91,1762.7,1626.0,0
2026-06-10 18:00:00,M15,93,OP-01,3,71.43,3.531,3.769,bar,20.18,1734.6,12066.0,0
2026-06-10 18:00:00,M16,149,OP-09,3,69.57,2.532,4.111,bar,19.93,1756.3,18786.0,0
2026-06-10 18:00:00,M17,29,OP-12,3,64.79,2.06,4.049,bar,16.96,1774.8,4386.0,0
2026-06-10 18:00:00,M18,145,OP-07,3,72.67,4.618,52.789,psi,21.43,1741.1,18306.0,1
2026-06-10 18:00:00,M19,26,OP-10,3,70.84,,54.472,psi,20.89,1747.9,4026.0,0
2026-06-10 18:00:00,M20,87,OP-09,3,67.02,2.811,58.645,psi,19.22,1757.7,11346.0,0
2026-06-10 18:00:00,M21,148,OP-11,3,70.7,2.109,58.532,psi,16.88,1770.6,18666.0,0
2026-06-10 18:00:00,M22,59,OP-11,3,70.48,3.073,56.053,psi,18.92,1782.2,7986.0,0
2026-06-10 18:00:00,M23,65,OP-07,3,71.74,4.045,49.576,psi,22.55,1752.8,8706.0,1
2026-06-10 18:00:00,M24,54,OP-01,3,65.97,2.46,58.419,psi,18.41,1774.6,7386.0,0
2026-06-10 18:00:00,M25,131,OP-12,3,71.47,,54.855,psi,21.63,1738.2,16626.0,0
2026-06-10 19:00:00,M01,171,OP-09,3,66.81,2.596,3.975,bar,19.67,1763.8,21427.0,0
2026-06-10 19:00:00,M02,115,OP-07,3,71.61,,3.867,bar,19.86,1749.8,14707.0,1
2026-06-10 19:00:00,M03,125,OP-09,3,73.13,3.905,3.711,bar,21.21,1746.0,15907.0,1
2026-06-10 19:00:00,M04,163,OP-04,3,62.22,3.029,3.824,bar,18.41,1769.6,20467.0,0
2026-06-10 19:00:00,M05,107,OP-07,3,70.6,3.53,3.823,bar,20.4,1735.0,13747.0,1
2026-06-10 19:00:00,M06,141,OP-03,3,66.06,2.646,3.878,bar,19.38,1753.6,17827.0,0
2026-06-10 19:00:00,M07,151,OP-06,3,64.02,3.194,4.074,bar,18.52,1772.9,19027.0,0
2026-06-10 19:00:00,M08,45,OP-06,3,58.68,2.343,4.275,bar,18.07,1764.9,6307.0,0
2026-06-10 19:00:00,M09,15,OP-08,3,64.57,2.574,4.003,bar,20.91,1739.8,2707.0,0
2026-06-10 19:00:00,M10,58,OP-04,3,73.65,,3.757,bar,21.35,1748.8,7867.0,0
2026-06-10 19:00:00,M11,55,OP-04,3,61.65,1.658,4.368,bar,18.1,1767.9,7507.0,0
2026-06-10 19:00:00,M12,158,OP-11,3,61.66,2.508,4.135,bar,20.06,1754.6,19867.0,0
2026-06-10 19:00:00,M13,165,OP-07,3,78.41,4.313,3.703,bar,21.31,1744.2,20707.0,1
2026-06-10 19:00:00,M14,6,OP-01,3,63.61,3.154,3.862,bar,19.32,1751.2,1627.0,0
2026-06-10 19:00:00,M15,93,OP-05,3,74.35,3.654,3.794,bar,20.87,1747.3,12067.0,0
2026-06-10 19:00:00,M16,149,OP-07,3,62.8,2.92,3.83,bar,19.43,1758.8,18787.0,0
2026-06-10 19:00:00,M17,29,OP-03,3,64.12,2.09,4.091,bar,17.87,1779.0,4387.0,0
2026-06-10 19:00:00,M18,145,OP-08,3,74.77,4.585,54.041,psi,21.85,1737.6,18307.0,1
2026-06-10 19:00:00,M19,26,OP-02,3,70.87,3.558,57.031,psi,20.32,1742.2,4027.0,0
2026-06-10 19:00:00,M20,87,OP-04,3,69.24,2.581,58.425,psi,19.27,1765.2,11347.0,0
2026-06-10 19:00:00,M21,148,OP-07,3,63.16,1.948,61.407,psi,18.39,1776.5,18667.0,0
2026-06-10 19:00:00,M22,59,OP-05,3,67.23,3.09,58.737,psi,19.58,1766.0,7987.0,0
2026-06-10 19:00:00,M23,65,OP-03,3,75.38,4.353,53.648,psi,21.35,1739.1,8707.0,1
2026-06-10 19:00:00,M24,54,OP-01,3,66.7,2.483,59.721,psi,19.19,1775.1,7387.0,0
2026-06-10 19:00:00,M25,131,OP-07,3,75.17,4.502,53.104,psi,21.36,1734.3,16627.0,0
2026-06-10 20:00:00,M01,171,OP-07,3,63.05,2.468,4.087,bar,19.0,1764.3,21428.0,0
2026-06-10 20:00:00,M02,115,OP-07,3,67.81,,3.79,bar,20.64,1755.9,14708.0,1
2026-06-10 20:00:00,M03,125,OP-07,3,75.86,,3.635,bar,22.16,1737.4,15908.0,1
2026-06-10 20:00:00,M04,163,OP-03,3,67.03,2.724,3.879,bar,18.16,1744.2,20468.0,0
2026-06-10 20:00:00,M05,107,OP-07,3,74.58,3.822,3.601,bar,20.63,1749.6,13748.0,1
2026-06-10 20:00:00,M06,141,OP-07,3,64.8,2.782,4.181,bar,19.36,1770.9,17828.0,0
2026-06-10 20:00:00,M07,151,OP-07,3,67.46,3.082,3.841,bar,18.86,1767.7,19028.0,0
2026-06-10 20:00:00,M08,45,OP-07,3,64.35,2.214,4.1,bar,18.17,1769.8,6308.0,0
2026-06-10 20:00:00,M09,15,OP-04,3,67.25,2.866,4.016,bar,20.03,1759.1,2708.0,0
2026-06-10 20:00:00,M10,58,OP-12,3,70.07,4.356,3.685,bar,20.19,1737.1,7868.0,0
2026-06-10 20:00:00,M11,55,OP-07,3,61.04,1.96,4.218,bar,18.12,1777.9,7508.0,0
2026-06-10 20:00:00,M12,158,OP-10,3,62.74,2.637,3.938,bar,19.35,1770.8,19868.0,0
2026-06-10 20:00:00,M13,165,OP-07,3,71.78,4.346,3.641,bar,22.45,1742.3,20708.0,1
2026-06-10 20:00:00,M14,6,OP-07,3,64.69,3.14,4.051,bar,19.26,1761.7,1628.0,0
2026-06-10 20:00:00,M15,93,OP-07,3,74.89,3.69,3.928,bar,20.42,1739.7,12068.0,0
2026-06-10 20:00:00,M16,149,OP-11,3,67.4,3.151,3.972,bar,19.48,1746.8,18788.0,0
2026-06-10 20:00:00,M17,29,OP-11,3,59.36,1.835,3.936,bar,18.38,1768.7,4388.0,0
2026-06-10 20:00:00,M18,145,OP-07,3,73.57,4.473,49.717,psi,22.06,1736.7,18308.0,1
2026-06-10 20:00:00,M19,26,OP-03,3,66.88,3.962,56.071,psi,20.88,1739.7,4028.0,0
2026-06-10 20:00:00,M20,87,OP-02,3,66.28,2.704,57.232,psi,18.57,1772.1,11348.0,0
2026-06-10 20:00:00,M21,148,OP-12,3,62.16,2.183,58.925,psi,18.12,1785.9,18668.0,0
2026-06-10 20:00:00,M22,59,OP-11,3,70.89,3.014,53.874,psi,20.67,1744.4,7988.0,0
2026-06-10 20:00:00,M23,65,OP-07,3,71.69,4.491,50.517,psi,21.08,1729.0,8708.0,1
2026-06-10 20:00:00,M24,54,OP-02,3,58.91,2.299,60.921,psi,18.32,1778.6,7388.0,0
2026-06-10 20:00:00,M25,131,OP-06,3,75.52,4.178,54.957,psi,21.67,1736.0,16628.0,0
2026-06-10 21:00:00,M01,171,OP-10,3,59.1,3.055,4.043,bar,18.7,1765.7,21429.0,0
2026-06-10 21:00:00,M02,115,OP-07,3,69.13,3.781,3.768,bar,20.86,1737.7,14709.0,1
2026-06-10 21:00:00,M03,125,OP-06,3,71.87,,3.689,bar,20.89,1739.3,15909.0,1
2026-06-10 21:00:00,M04,163,OP-09,3,63.8,2.603,4.123,bar,18.6,1764.3,20469.0,0
2026-06-10 21:00:00,M05,107,OP-03,3,70.43,3.552,3.877,bar,21.04,1752.1,13749.0,1
2026-06-10 21:00:00,M06,141,OP-01,3,69.05,2.712,4.165,bar,18.21,1739.8,17829.0,0
2026-06-10 21:00:00,M07,151,OP-01,3,62.42,3.103,3.957,bar,19.68,1759.8,19029.0,0
2026-06-10 21:00:00,M08,45,OP-10,3,55.9,1.957,4.369,bar,18.31,1777.2,6309.0,0
2026-06-10 21:00:00,M09,15,OP-06,3,65.81,3.05,3.865,bar,19.69,1763.3,2709.0,0
2026-06-10 21:00:00,M10,58,OP-03,3,72.78,4.302,3.494,bar,21.64,1753.2,7869.0,0
2026-06-10 21:00:00,M11,55,OP-03,3,60.78,1.6,4.098,bar,17.66,1771.1,7509.0,0
2026-06-10 21:00:00,M12,158,OP-11,3,67.16,2.469,4.085,bar,18.68,1765.5,19869.0,0
2026-06-10 21:00:00,M13,165,OP-07,3,72.68,4.293,3.422,bar,22.18,1737.0,20709.0,1
2026-06-10 21:00:00,M14,6,OP-03,3,63.54,2.927,3.976,bar,20.21,1762.1,1629.0,0
2026-06-10 21:00:00,M15,93,OP-06,3,70.61,3.66,3.67,bar,20.08,1747.9,12069.0,0
2026-06-10 21:00:00,M16,149,OP-02,3,62.54,2.607,3.937,bar,19.65,1765.0,18789.0,0
2026-06-10 21:00:00,M17,29,OP-08,3,59.67,1.829,4.206,bar,17.44,1777.1,4389.0,0
2026-06-10 21:00:00,M18,145,OP-07,3,76.97,4.349,52.404,psi,22.1,1722.4,18309.0,1
2026-06-10 21:00:00,M19,26,OP-12,3,68.53,3.57,56.316,psi,20.79,1750.6,4029.0,0
2026-06-10 21:00:00,M20,87,OP-10,3,66.09,2.624,56.45,psi,19.18,1770.5,11349.0,0
2026-06-10 21:00:00,M21,148,OP-07,3,60.53,2.174,59.435,psi,18.43,1778.7,18669.0,0
2026-06-10 21:00:00,M22,59,OP-07,3,68.05,3.182,55.479,psi,21.27,1753.8,7989.0,0
2026-06-10 21:00:00,M23,65,OP-05,3,75.5,4.237,52.406,psi,20.88,1731.3,8709.0,1
2026-06-10 21:00:00,M24,54,OP-10,3,62.55,2.658,58.014,psi,18.22,1763.9,7389.0,0
2026-06-10 21:00:00,M25,131,OP-07,3,67.41,4.143,52.178,psi,21.32,1738.8,16629.0,0
2026-06-10 22:00:00,M01,171,OP-04,3,66.07,2.751,3.937,bar,19.33,1752.4,21430.0,0
2026-06-10 22:00:00,M02,115,OP-07,3,71.4,3.803,3.769,bar,20.43,1737.1,14710.0,1
2026-06-10 22:00:00,M03,125,OP-07,3,72.91,4.11,3.564,bar,21.12,1731.1,15910.0,1
2026-06-10 22:00:00,M04,163,OP-11,3,64.59,2.94,4.136,bar,17.44,1760.9,20470.0,0
2026-06-10 22:00:00,M05,107,OP-07,3,70.76,3.517,3.77,bar,20.26,1743.8,13750.0,1
2026-06-10 22:00:00,M06,141,OP-01,3,65.64,2.565,4.204,bar,19.63,1749.5,17830.0,0
2026-06-10 22:00:00,M07,151,OP-06,3,62.09,3.046,4.008,bar,19.14,1767.4,19030.0,0
2026-06-10 22:00:00,M08,45,OP-06,3,62.35,2.315,4.11,bar,18.66,1767.1,6310.0,0
2026-06-10 22:00:00,M09,15,OP-04,3,68.0,2.951,3.883,bar,19.47,1759.9,2710.0,0
2026-06-10 22:00:00,M10,58,OP-10,3,74.11,4.315,3.693,bar,20.58,1722.0,7870.0,0
2026-06-10 22:00:00,M11,55,OP-01,3,56.92,1.955,4.392,bar,17.43,1790.4,7510.0,0
2026-06-10 22:00:00,M12,158,OP-01,3,71.28,2.62,3.981,bar,19.67,1769.5,19870.0,0
2026-06-10 22:00:00,M13,165,OP-03,3,75.93,4.28,3.47,bar,21.85,1744.2,20710.0,1
2026-06-10 22:00:00,M14,6,OP-10,3,67.24,2.833,3.812,bar,18.31,1756.5,1630.0,0
2026-06-10 22:00:00,M15,93,OP-06,3,71.43,3.47,3.435,bar,21.43,1749.0,12070.0,0
2026-06-10 22:00:00,M16,149,OP-08,3,60.6,2.586,4.054,bar,19.98,1760.1,18790.0,0
2026-06-10 22:00:00,M17,29,OP-06,3,62.89,1.732,4.304,bar,17.4,1764.4,4390.0,0
2026-06-10 22:00:00,M18,145,OP-11,3,69.81,,47.742,psi,21.49,1735.7,18310.0,1
2026-06-10 22:00:00,M19,26,OP-06,3,73.28,3.459,53.381,psi,20.32,1757.8,4030.0,0
2026-06-10 22:00:00,M20,87,OP-11,3,59.45,2.824,56.066,psi,19.51,1762.1,11350.0,0
2026-06-10 22:00:00,M21,148,OP-02,3,62.92,1.781,59.169,psi,17.65,1768.0,18670.0,0
2026-06-10 22:00:00,M22,59,OP-03,3,61.0,3.143,55.999,psi,18.89,1751.6,7990.0,0
2026-06-10 22:00:00,M23,65,OP-06,3,76.78,4.506,51.706,psi,21.94,1738.3,8710.0,1
2026-06-10 22:00:00,M24,54,OP-12,3,61.98,2.511,59.929,psi,17.86,1768.4,7390.0,0
2026-06-10 22:00:00,M25,131,OP-11,3,75.26,4.054,53.558,psi,21.18,1749.2,16630.0,0
2026-06-10 23:00:00,M01,171,OP-08,3,60.33,2.787,3.865,bar,18.49,1771.9,21431.0,0
2026-06-10 23:00:00,M02,115,OP-11,3,68.99,3.63,3.922,bar,21.13,1741.2,14711.0,1
2026-06-10 23:00:00,M03,125,OP-07,3,76.23,4.249,3.758,bar,20.5,1737.3,15911.0,1
2026-06-10 23:00:00,M04,163,OP-02,3,64.98,2.771,3.919,bar,18.89,1768.3,20471.0,0
2026-06-10 23:00:00,M05,107,OP-07,3,69.45,3.688,3.804,bar,20.34,1755.1,13751.0,1
2026-06-10 23:00:00,M06,141,OP-06,3,64.98,2.543,3.947,bar,19.85,1766.7,17831.0,0
2026-06-10 23:00:00,M07,151,OP-03,3,71.74,3.089,3.872,bar,19.94,1761.4,19031.0,0
2026-06-10 23:00:00,M08,45,OP-10,3,64.04,2.502,4.064,bar,18.4,1762.1,6311.0,0
2026-06-10 23:00:00,M09,15,OP-10,3,68.88,3.041,4.052,bar,19.96,1767.5,2711.0,0
2026-06-10 23:00:00,M10,58,OP-08,3,71.61,3.782,3.778,bar,21.44,1738.1,7871.0,0
2026-06-10 23:00:00,M11,55,OP-07,3,65.36,,4.158,bar,17.73,1764.2,7511.0,0
2026-06-10 23:00:00,M12,158,OP-07,3,68.98,2.895,3.969,bar,18.86,1771.5,19871.0,0
2026-06-10 23:00:00,M13,165,OP-07,3,77.55,4.182,3.618,bar,21.42,1723.3,20711.0,1
2026-06-10 23:00:00,M14,6,OP-04,3,63.99,2.843,3.806,bar,19.13,1762.3,1631.0,0
2026-06-10 23:00:00,M15,93,OP-02,3,70.71,3.603,3.622,bar,21.04,1744.8,12071.0,0
2026-06-10 23:00:00,M16,149,OP-01,3,66.0,2.903,3.989,bar,19.28,1759.4,18791.0,0
2026-06-10 23:00:00,M17,29,OP-04,3,63.04,2.141,4.121,bar,17.8,1781.9,4391.0,0
2026-06-10 23:00:00,M18,145,OP-10,3,69.78,4.331,51.627,psi,21.46,1726.6,18311.0,1
2026-06-10 23:00:00,M19,26,OP-05,3,68.36,3.85,55.243,psi,21.67,1742.0,4031.0,0
2026-06-10 23:00:00,M20,87,OP-09,3,62.61,2.887,57.71,psi,20.03,1776.7,11351.0,0
2026-06-10 23:00:00,M21,148,OP-07,3,63.71,2.155,62.701,psi,18.47,1778.0,18671.0,0
2026-06-10 23:00:00,M22,59,OP-06,3,65.47,3.412,58.03,psi,19.68,1746.6,7991.0,0
2026-06-10 23:00:00,M23,65,OP-05,3,73.08,4.516,52.981,psi,21.21,1734.3,8711.0,1
2026-06-10 23:00:00,M24,54,OP-01,3,64.98,2.448,59.438,psi,18.43,1761.4,7391.0,0
2026-06-10 23:00:00,M25,131,OP-03,3,78.88,4.345,54.993,psi,21.42,1732.9,16631.0,0
2026-06-11 00:00:00,M01,171,OP-08,1,64.76,2.653,4.088,bar,19.17,1767.6,21432.0,0
2026-06-11 00:00:00,M02,115,OP-07,1,67.44,3.641,3.853,bar,19.89,1742.3,14712.0,1
2026-06-11 00:00:00,M03,125,OP-07,1,72.0,4.007,3.716,bar,21.59,1744.5,15912.0,1
2026-06-11 00:00:00,M04,163,OP-07,1,56.85,2.963,3.797,bar,19.15,1756.3,20472.0,0
2026-06-11 00:00:00,M05,107,OP-07,1,70.18,3.75,3.712,bar,20.75,1748.1,13752.0,1
2026-06-11 00:00:00,M06,141,OP-09,1,63.79,2.576,3.871,bar,19.22,1752.0,17832.0,0
2026-06-11 00:00:00,M07,151,OP-06,1,72.65,3.092,4.045,bar,19.98,1758.4,19032.0,0
2026-06-11 00:00:00,M08,45,OP-09,1,62.64,2.267,4.027,bar,18.45,1770.7,6312.0,0
2026-06-11 00:00:00,M09,15,OP-03,1,67.22,3.043,4.154,bar,19.08,1756.1,2712.0,0
2026-06-11 00:00:00,M10,58,OP-10,1,70.6,4.352,3.749,bar,21.03,1733.5,7872.0,0
2026-06-11 00:00:00,M11,55,OP-12,1,62.0,,4.178,bar,17.25,1776.4,7512.0,0
2026-06-11 00:00:00,M12,158,OP-05,1,63.8,2.782,4.036,bar,18.55,1776.5,19872.0,0
2026-06-11 00:00:00,M13,165,OP-07,1,72.77,4.345,3.64,bar,21.43,1735.6,20712.0,1
2026-06-11 00:00:00,M14,6,OP-06,1,67.95,2.952,3.807,bar,19.79,1749.8,1632.0,0
2026-06-11 00:00:00,M15,93,OP-05,1,63.62,,3.85,bar,20.49,1744.1,12072.0,0
2026-06-11 00:00:00,M16,149,OP-04,1,65.98,2.802,3.993,bar,19.8,1768.4,18792.0,0
2026-06-11 00:00:00,M17,29,OP-05,1,65.24,1.884,4.09,bar,17.73,1786.9,4392.0,0
2026-06-11 00:00:00,M18,145,OP-07,1,73.71,4.417,50.151,psi,22.38,1732.5,18312.0,1
2026-06-11 00:00:00,M19,26,OP-11,1,73.03,3.545,52.856,psi,20.58,1728.0,4032.0,0
2026-06-11 00:00:00,M20,87,OP-06,1,59.3,2.68,56.346,psi,18.33,1769.3,11352.0,0
2026-06-11 00:00:00,M21,148,OP-12,1,56.64,2.256,58.345,psi,19.7,1802.9,18672.0,0
2026-06-11 00:00:00,M22,59,OP-06,1,65.57,3.099,59.726,psi,18.89,1748.8,7992.0,0
2026-06-11 00:00:00,M23,65,OP-07,1,71.97,4.361,52.437,psi,21.43,1741.1,8712.0,1
2026-06-11 00:00:00,M24,54,OP-04,1,60.84,2.205,58.728,psi,18.1,1766.0,7392.0,0
2026-06-11 00:00:00,M25,131,OP-02,1,73.06,4.105,52.843,psi,21.96,1733.5,16632.0,0
2026-06-11 01:00:00,M01,171,OP-08,1,65.5,2.92,4.095,bar,17.8,1761.9,21433.0,0
2026-06-11 01:00:00,M02,115,OP-07,1,68.32,3.4,3.788,bar,20.16,1724.9,14713.0,1
2026-06-11 01:00:00,M03,125,OP-05,1,76.61,4.021,3.821,bar,21.5,1745.2,15913.0,1
2026-06-11 01:00:00,M04,163,OP-02,1,68.25,2.912,3.879,bar,18.6,1762.5,20473.0,0
2026-06-11 01:00:00,M05,107,OP-07,1,69.08,3.584,3.742,bar,20.9,1738.9,13753.0,1
2026-06-11 01:00:00,M06,141,OP-08,1,66.87,2.709,3.903,bar,18.66,1772.2,17833.0,0
2026-06-11 01:00:00,M07,151,OP-10,1,69.91,3.283,3.799,bar,19.51,1761.8,19033.0,0
2026-06-11 01:00:00,M08,45,OP-11,1,62.42,2.252,4.077,bar,18.59,1770.1,6313.0,0
2026-06-11 01:00:00,M09,15,OP-11,1,57.37,2.688,4.093,bar,19.21,1770.1,2713.0,0
2026-06-11 01:00:00,M10,58,OP-12,1,78.73,4.154,3.429,bar,21.17,1737.0,7873.0,0
2026-06-11 01:00:00,M11,55,OP-07,1,58.28,1.99,4.267,bar,17.7,1779.5,7513.0,0
2026-06-11 01:00:00,M12,158,OP-04,1,65.99,2.627,4.363,bar,19.24,1769.2,19873.0,0
2026-06-11 01:00:00,M13,165,OP-03,1,74.81,4.049,3.555,bar,22.42,1756.1,20713.0,1
2026-06-11 01:00:00,M14,6,OP-03,1,66.52,2.789,3.981,bar,19.62,1756.9,1633.0,0
2026-06-11 01:00:00,M15,93,OP-12,1,69.81,3.807,3.907,bar,20.44,1749.8,12073.0,0
2026-06-11 01:00:00,M16,149,OP-04,1,68.48,3.04,4.222,bar,17.7,1751.2,18793.0,0
2026-06-11 01:00:00,M17,29,OP-07,1,59.15,1.958,4.342,bar,17.98,1776.9,4393.0,0
2026-06-11 01:00:00,M18,145,OP-07,1,74.84,4.676,52.654,psi,22.57,1729.5,18313.0,1
2026-06-11 01:00:00,M19,26,OP-04,1,70.73,3.747,55.017,psi,21.06,1741.2,4033.0,0
2026-06-11 01:00:00,M20,87,OP-12,1,62.12,2.598,57.189,psi,18.72,1769.0,11353.0,0
2026-06-11 01:00:00,M21,148,OP-12,1,56.66,2.11,59.203,psi,17.28,1777.8,18673.0,0
2026-06-11 01:00:00,M22,59,OP-06,1,65.96,3.232,56.051,psi,18.96,1757.8,7993.0,0
2026-06-11 01:00:00,M23,65,OP-07,1,78.0,4.555,49.321,psi,22.76,1732.0,8713.0,1
2026-06-11 01:00:00,M24,54,OP-10,1,62.19,2.802,56.255,psi,18.79,1766.5,7393.0,0
2026-06-11 01:00:00,M25,131,OP-03,1,69.3,,53.416,psi,22.18,1740.1,16633.0,0
2026-06-11 02:00:00,M01,171,OP-01,1,68.85,2.451,4.301,bar,18.87,1754.9,21434.0,0
2026-06-11 02:00:00,M02,115,OP-02,1,62.14,,3.665,bar,21.15,1744.3,14714.0,1
2026-06-11 02:00:00,M03,125,OP-07,1,76.94,4.236,3.951,bar,22.13,1749.8,15914.0,1
2026-06-11 02:00:00,M04,163,OP-07,1,59.65,2.717,3.993,bar,18.94,1752.3,20474.0,0
2026-06-11 02:00:00,M05,107,OP-07,1,75.17,,3.851,bar,21.07,1756.1,13754.0,1
2026-06-11 02:00:00,M06,141,OP-07,1,65.5,2.835,3.83,bar,19.53,1761.9,17834.0,0
2026-06-11 02:00:00,M07,151,OP-11,1,70.43,3.199,3.957,bar,19.54,1772.3,19034.0,0
2026-06-11 02:00:00,M08,45,OP-02,1,61.62,2.471,4.244,bar,17.76,1769.9,6314.0,0
2026-06-11 02:00:00,M09,15,OP-09,1,71.33,2.852,4.041,bar,18.91,1763.1,2714.0,0
2026-06-11 02:00:00,M10,58,OP-05,1,71.23,4.457,3.594,bar,20.4,1735.8,7874.0,0
2026-06-11 02:00:00,M11,55,OP-05,1,63.86,1.916,4.287,bar,17.2,1772.5,7514.0,0
2026-06-11 02:00:00,M12,158,OP-07,1,69.73,2.629,4.367,bar,18.64,1774.2,19874.0,0
2026-06-11 02:00:00,M13,165,OP-05,1,78.74,4.234,3.713,bar,21.21,1736.3,20714.0,1
2026-06-11 02:00:00,M14,6,OP-07,1,72.13,2.85,3.909,bar,18.84,1761.8,1634.0,0
2026-06-11 02:00:00,M15,93,OP-11,1,70.49,3.881,3.85,bar,20.5,1736.3,12074.0,0
2026-06-11 02:00:00,M16,149,OP-03,1,64.81,2.894,4.05,bar,19.22,1768.9,18794.0,0
2026-06-11 02:00:00,M17,29,OP-06,1,60.99,1.898,4.051,bar,17.54,1774.3,4394.0,0
2026-06-11 02:00:00,M18,145,OP-08,1,74.12,4.332,53.0,psi,20.84,1735.7,18314.0,1
2026-06-11 02:00:00,M19,26,OP-07,1,69.35,3.729,54.548,psi,20.41,1743.9,4034.0,0
2026-06-11 02:00:00,M20,87,OP-12,1,65.28,2.715,56.618,psi,18.11,1768.6,11354.0,0
2026-06-11 02:00:00,M21,148,OP-07,1,62.83,1.787,59.792,psi,18.46,1765.8,18674.0,0
2026-06-11 02:00:00,M22,59,OP-08,1,63.16,3.058,60.955,psi,19.24,1754.1,7994.0,0
2026-06-11 02:00:00,M23,65,OP-07,1,73.23,4.401,50.573,psi,22.08,1742.2,8714.0,1
2026-06-11 02:00:00,M24,54,OP-01,1,61.51,2.416,54.331,psi,18.57,1771.9,7394.0,0
2026-06-11 02:00:00,M25,131,OP-09,1,76.2,4.36,53.946,psi,21.74,1734.0,16634.0,0
2026-06-11 03:00:00,M01,171,OP-10,1,68.29,2.775,3.96,bar,18.76,1765.7,21435.0,0
2026-06-11 03:00:00,M02,115,OP-09,1,73.31,3.706,3.815,bar,20.61,1758.0,14715.0,1
2026-06-11 03:00:00,M03,125,OP-06,1,73.67,4.353,3.777,bar,22.61,1727.0,15915.0,1
2026-06-11 03:00:00,M04,163,OP-12,1,66.26,2.82,4.156,bar,19.51,1768.5,20475.0,0
2026-06-11 03:00:00,M05,107,OP-07,1,69.0,3.572,3.85,bar,21.57,1741.0,13755.0,1
2026-06-11 03:00:00,M06,141,OP-07,1,64.69,2.7,3.994,bar,20.0,1770.2,17835.0,0
2026-06-11 03:00:00,M07,151,OP-06,1,66.8,3.026,3.907,bar,18.72,1761.6,19035.0,0
2026-06-11 03:00:00,M08,45,OP-02,1,63.41,2.235,3.985,bar,18.06,1767.0,6315.0,0
2026-06-11 03:00:00,M09,15,OP-02,1,70.28,2.724,4.055,bar,19.73,1770.8,2715.0,0
2026-06-11 03:00:00,M10,58,OP-10,1,74.53,4.402,3.436,bar,21.98,1730.0,7875.0,0
2026-06-11 03:00:00,M11,55,OP-03,1,64.28,1.723,4.156,bar,17.15,1778.8,7515.0,0
2026-06-11 03:00:00,M12,158,OP-10,1,69.61,2.91,3.975,bar,18.43,1767.8,19875.0,0
2026-06-11 03:00:00,M13,165,OP-03,1,71.54,4.34,3.848,bar,21.52,1735.8,20715.0,1
2026-06-11 03:00:00,M14,6,OP-06,1,67.67,2.899,3.942,bar,18.32,1763.2,1635.0,0
2026-06-11 03:00:00,M15,93,OP-10,1,67.98,3.666,3.862,bar,20.59,1747.9,12075.0,0
2026-06-11 03:00:00,M16,149,OP-04,1,65.65,3.038,4.226,bar,18.89,1751.9,18795.0,0
2026-06-11 03:00:00,M17,29,OP-08,1,58.57,2.116,4.229,bar,18.19,1780.7,4395.0,0
2026-06-11 03:00:00,M18,145,OP-04,1,80.25,4.574,53.33,psi,22.45,1749.3,18315.0,1
2026-06-11 03:00:00,M19,26,OP-04,1,67.61,3.526,56.303,psi,20.46,1754.8,4035.0,0
2026-06-11 03:00:00,M20,87,OP-10,1,62.53,2.592,59.674,psi,18.22,1765.5,11355.0,0
2026-06-11 03:00:00,M21,148,OP-09,1,58.74,2.149,58.578,psi,18.56,1760.2,18675.0,0
2026-06-11 03:00:00,M22,59,OP-12,1,69.65,2.891,55.121,psi,20.4,1746.4,7995.0,0
2026-06-11 03:00:00,M23,65,OP-07,1,73.2,4.133,53.434,psi,21.37,1745.3,8715.0,1
2026-06-11 03:00:00,M24,54,OP-08,1,61.63,2.296,59.108,psi,19.17,1768.2,7395.0,0
2026-06-11 03:00:00,M25,131,OP-07,1,72.81,4.586,52.242,psi,20.53,1746.0,16635.0,0
2026-06-11 04:00:00,M01,171,OP-11,1,71.23,3.107,4.17,bar,19.48,1775.1,21436.0,0
2026-06-11 04:00:00,M02,115,OP-07,1,65.18,3.885,3.858,bar,20.65,1746.4,14716.0,1
2026-06-11 04:00:00,M03,125,OP-01,1,71.9,4.364,3.742,bar,21.83,1751.3,15916.0,1
2026-06-11 04:00:00,M04,163,OP-11,1,69.88,2.675,3.94,bar,18.87,1780.6,20476.0,0
2026-06-11 04:00:00,M05,107,OP-03,1,70.86,,3.661,bar,19.19,1750.8,13756.0,1
2026-06-11 04:00:00,M06,141,OP-08,1,69.57,3.027,3.891,bar,19.33,1763.3,17836.0,0
2026-06-11 04:00:00,M07,151,OP-11,1,71.53,3.072,3.935,bar,18.62,1754.0,19036.0,0
2026-06-11 04:00:00,M08,45,OP-10,1,67.38,2.011,3.954,bar,18.21,1763.7,6316.0,0
2026-06-11 04:00:00,M09,15,OP-12,1,64.99,3.037,3.882,bar,19.12,1756.6,2716.0,0
2026-06-11 04:00:00,M10,58,OP-01,1,65.63,4.122,3.537,bar,22.55,1746.1,7876.0,0
2026-06-11 04:00:00,M11,55,OP-06,1,55.75,1.88,4.511,bar,17.99,1779.9,7516.0,0
2026-06-11 04:00:00,M12,158,OP-08,1,62.3,2.814,4.012,bar,18.43,1774.7,19876.0,0
2026-06-11 04:00:00,M13,165,OP-07,1,75.54,4.132,3.679,bar,21.26,1735.3,20716.0,1
2026-06-11 04:00:00,M14,6,OP-02,1,62.53,2.735,3.989,bar,19.64,1766.5,1636.0,0
2026-06-11 04:00:00,M15,93,OP-06,1,67.71,3.709,3.643,bar,20.03,1742.0,12076.0,0
2026-06-11 04:00:00,M16,149,OP-01,1,65.69,2.742,4.179,bar,18.83,1754.3,18796.0,0
2026-06-11 04:00:00,M17,29,OP-07,1,63.98,1.745,4.195,bar,17.97,1780.3,4396.0,0
2026-06-11 04:00:00,M18,145,OP-07,1,78.51,4.576,51.989,psi,21.36,1747.7,18316.0,1
2026-06-11 04:00:00,M19,26,OP-06,1,69.4,,53.047,psi,20.41,1747.6,4036.0,0
2026-06-11 04:00:00,M20,87,OP-07,1,62.06,2.928,58.588,psi,19.69,1774.7,11356.0,0
2026-06-11 04:00:00,M21,148,OP-08,1,61.32,2.174,58.449,psi,16.98,1766.9,18676.0,0
2026-06-11 04:00:00,M22,59,OP-12,1,65.49,3.12,57.127,psi,19.15,1741.2,7996.0,0
2026-06-11 04:00:00,M23,65,OP-07,1,73.37,4.098,54.032,psi,21.42,1732.5,8716.0,1
2026-06-11 04:00:00,M24,54,OP-04,1,59.98,2.381,57.836,psi,18.07,1773.2,7396.0,0
2026-06-11 04:00:00,M25,131,OP-02,1,72.91,4.4,53.053,psi,22.5,1734.4,16636.0,0
2026-06-11 05:00:00,M01,171,OP-04,1,68.3,2.721,3.837,bar,19.69,1758.7,21437.0,0
2026-06-11 05:00:00,M02,115,OP-10,1,72.7,3.484,3.789,bar,21.42,1757.0,14717.0,1
2026-06-11 05:00:00,M03,125,OP-07,1,71.56,4.437,3.695,bar,21.05,1741.9,15917.0,1
2026-06-11 05:00:00,M04,163,OP-08,1,67.71,2.849,4.079,bar,19.83,1763.9,20477.0,0
2026-06-11 05:00:00,M05,107,OP-07,1,70.29,,3.669,bar,21.38,1738.9,13757.0,1
2026-06-11 05:00:00,M06,141,OP-09,1,66.34,2.735,4.088,bar,18.74,1764.4,17837.0,0
2026-06-11 05:00:00,M07,151,OP-05,1,64.08,3.154,3.854,bar,19.61,1757.8,19037.0,0
2026-06-11 05:00:00,M08,45,OP-12,1,59.89,2.576,4.117,bar,18.23,1769.2,6317.0,0
2026-06-11 05:00:00,M09,15,OP-03,1,71.83,2.805,3.91,bar,19.62,1764.0,2717.0,0
2026-06-11 05:00:00,M10,58,OP-08,1,73.8,4.163,3.766,bar,21.34,1734.9,7877.0,0
2026-06-11 05:00:00,M11,55,OP-09,1,58.84,1.634,4.009,bar,18.01,1784.4,7517.0,0
2026-06-11 05:00:00,M12,158,OP-12,1,65.08,3.024,3.877,bar,18.71,1754.5,19877.0,0
2026-06-11 05:00:00,M13,165,OP-07,1,72.36,,3.727,bar,21.61,1741.1,20717.0,1
2026-06-11 05:00:00,M14,6,OP-09,1,64.89,3.139,3.902,bar,20.1,1753.8,1637.0,0
2026-06-11 05:00:00,M15,93,OP-03,1,73.89,3.514,3.805,bar,19.91,1765.7,12077.0,0
2026-06-11 05:00:00,M16,149,OP-02,1,65.91,2.802,4.035,bar,19.47,1769.3,18797.0,0
2026-06-11 05:00:00,M17,29,OP-09,1,54.27,1.936,4.184,bar,17.54,1767.3,4397.0,0
2026-06-11 05:00:00,M18,145,OP-06,1,75.67,,52.321,psi,22.07,1749.6,18317.0,1
2026-06-11 05:00:00,M19,26,OP-05,1,68.94,3.645,56.397,psi,20.25,1748.7,4037.0,0
2026-06-11 05:00:00,M20,87,OP-03,1,58.5,2.797,57.343,psi,19.07,1775.6,11357.0,0
2026-06-11 05:00:00,M21,148,OP-03,1,49.18,1.904,61.331,psi,18.83,1774.2,18677.0,0
2026-06-11 05:00:00,M22,59,OP-08,1,71.41,3.153,56.576,psi,20.33,1759.3,7997.0,0
2026-06-11 05:00:00,M23,65,OP-07,1,77.51,3.991,53.913,psi,21.82,1734.3,8717.0,1
2026-06-11 05:00:00,M24,54,OP-08,1,63.36,2.26,63.046,psi,17.43,1775.3,7397.0,0
2026-06-11 05:00:00,M25,131,OP-04,1,76.38,4.198,53.845,psi,21.49,1743.7,16637.0,0
2026-06-11 06:00:00,M01,171,OP-09,1,65.6,2.786,3.914,bar,18.66,1755.3,21438.0,0
2026-06-11 06:00:00,M02,115,OP-09,1,67.79,3.551,3.965,bar,21.24,1725.8,14718.0,1
2026-06-11 06:00:00,M03,125,OP-10,1,73.02,4.147,3.775,bar,21.67,1751.0,15918.0,1
2026-06-11 06:00:00,M04,163,OP-10,1,68.07,2.822,4.06,bar,18.82,1774.4,20478.0,0
2026-06-11 06:00:00,M05,107,OP-05,1,75.54,3.833,3.714,bar,20.94,1737.6,13758.0,1
2026-06-11 06:00:00,M06,141,OP-08,1,69.47,2.72,3.871,bar,19.35,1761.4,17838.0,0
2026-06-11 06:00:00,M07,151,OP-08,1,66.59,2.885,3.77,bar,19.85,1755.5,19038.0,0
2026-06-11 06:00:00,M08,45,OP-09,1,61.12,2.438,3.968,bar,19.16,1770.3,6318.0,0
2026-06-11 06:00:00,M09,15,OP-04,1,63.24,3.168,3.961,bar,19.92,1767.4,2718.0,0
2026-06-11 06:00:00,M10,58,OP-08,1,69.5,4.026,3.594,bar,21.44,1731.7,7878.0,0
2026-06-11 06:00:00,M11,55,OP-01,1,61.47,2.117,4.203,bar,17.32,1777.8,7518.0,0
2026-06-11 06:00:00,M12,158,OP-09,1,61.69,2.717,3.937,bar,19.25,1763.1,19878.0,0
2026-06-11 06:00:00,M13,165,OP-07,1,71.01,4.392,3.687,bar,21.2,1744.8,20718.0,1
2026-06-11 06:00:00,M14,6,OP-12,1,64.45,2.864,4.027,bar,20.58,1771.6,1638.0,0
2026-06-11 06:00:00,M15,93,OP-09,1,70.38,,3.934,bar,21.2,1750.0,12078.0,0
2026-06-11 06:00:00,M16,149,OP-05,1,66.62,3.01,3.865,bar,19.03,1761.9,18798.0,0
2026-06-11 06:00:00,M17,29,OP-02,1,61.44,1.901,4.135,bar,18.39,1775.9,4398.0,0
2026-06-11 06:00:00,M18,145,OP-10,1,75.22,4.204,52.627,psi,21.16,1726.2,18318.0,1
2026-06-11 06:00:00,M19,26,OP-12,1,72.86,3.698,54.473,psi,20.74,1746.5,4038.0,0
2026-06-11 06:00:00,M20,87,OP-07,1,63.07,2.536,59.49,psi,18.96,1751.6,11358.0,0
2026-06-11 06:00:00,M21,148,OP-11,1,60.73,1.814,59.55,psi,18.42,1759.1,18678.0,0
2026-06-11 06:00:00,M22,59,OP-05,1,62.45,3.025,58.822,psi,20.07,1772.2,7998.0,0
2026-06-11 06:00:00,M23,65,OP-08,1,71.26,4.426,53.306,psi,21.29,1732.0,8718.0,1
2026-06-11 06:00:00,M24,54,OP-12,1,62.48,2.428,57.314,psi,18.8,1788.4,7398.0,0
2026-06-11 06:00:00,M25,131,OP-07,1,78.6,4.346,55.884,psi,22.35,1743.7,16638.0,0
2026-06-11 07:00:00,M01,171,OP-03,1,67.86,2.886,3.898,bar,20.14,1767.1,21439.0,0
2026-06-11 07:00:00,M02,115,OP-07,1,72.34,3.532,3.562,bar,20.16,1747.9,14719.0,1
2026-06-11 07:00:00,M03,125,OP-07,1,72.71,4.241,3.839,bar,21.7,1738.8,15919.0,1
2026-06-11 07:00:00,M04,163,OP-06,1,68.21,2.97,3.79,bar,20.4,1774.4,20479.0,0
2026-06-11 07:00:00,M05,107,OP-07,1,79.35,3.78,3.974,bar,21.38,1751.3,13759.0,1
2026-06-11 07:00:00,M06,141,OP-12,1,65.48,2.624,4.002,bar,18.75,1766.0,17839.0,0
2026-06-11 07:00:00,M07,151,OP-09,1,68.76,3.007,3.912,bar,19.7,1777.1,19039.0,0
2026-06-11 07:00:00,M08,45,OP-10,1,58.91,2.167,4.167,bar,18.35,1770.8,6319.0,0
2026-06-11 07:00:00,M09,15,OP-05,1,68.62,3.069,4.003,bar,19.32,1751.6,2719.0,0
2026-06-11 07:00:00,M10,58,OP-05,1,77.05,,3.815,bar,21.09,1727.4,7879.0,0
2026-06-11 07:00:00,M11,55,OP-10,1,60.03,1.76,4.203,bar,18.49,1771.1,7519.0,0
2026-06-11 07:00:00,M12,158,OP-05,1,65.25,2.685,4.079,bar,18.14,1769.9,19879.0,0
2026-06-11 07:00:00,M13,165,OP-10,1,77.65,4.317,3.596,bar,21.12,1751.4,20719.0,1
2026-06-11 07:00:00,M14,6,OP-10,1,65.59,3.056,3.846,bar,19.84,1759.6,1639.0,0
2026-06-11 07:00:00,M15,93,OP-10,1,74.43,3.634,3.611,bar,21.04,1753.5,12079.0,0
2026-06-11 07:00:00,M16,149,OP-05,1,65.24,2.62,3.864,bar,20.02,1749.9,18799.0,0
2026-06-11 07:00:00,M17,29,OP-07,1,58.59,1.864,4.08,bar,17.51,1761.3,4399.0,0
2026-06-11 07:00:00,M18,145,OP-07,1,76.74,4.167,50.948,psi,21.67,1741.8,18319.0,1
2026-06-11 07:00:00,M19,26,OP-10,1,69.4,3.715,53.88,psi,19.95,1742.1,4039.0,0
2026-06-11 07:00:00,M20,87,OP-08,1,62.4,2.305,61.87,psi,19.02,1776.1,11359.0,0
2026-06-11 07:00:00,M21,148,OP-12,1,61.01,2.062,59.577,psi,17.54,1781.8,18679.0,0
2026-06-11 07:00:00,M22,59,OP-03,1,72.54,3.4,58.127,psi,20.08,1761.9,7999.0,0
2026-06-11 07:00:00,M23,65,OP-10,1,72.62,4.238,54.373,psi,22.15,1738.1,8719.0,1
2026-06-11 07:00:00,M24,54,OP-04,1,65.35,2.302,56.407,psi,17.9,1761.0,7399.0,0
2026-06-11 07:00:00,M25,131,OP-12,1,71.99,4.472,53.796,psi,22.23,1734.7,16639.0,0
2026-06-11 08:00:00,M01,171,OP-11,2,62.36,2.67,3.922,bar,18.83,1750.8,21440.0,0
2026-06-11 08:00:00,M02,115,OP-07,2,72.87,3.822,4.09,bar,20.74,1759.8,14720.0,1
2026-06-11 08:00:00,M03,125,OP-07,2,73.32,4.389,3.634,bar,21.52,1748.3,15920.0,1
2026-06-11 08:00:00,M04,163,OP-04,2,63.83,3.131,4.102,bar,19.26,1759.6,20480.0,0
2026-06-11 08:00:00,M05,107,OP-07,2,72.78,3.788,3.711,bar,20.18,1742.2,13760.0,1
2026-06-11 08:00:00,M06,141,OP-09,2,65.38,2.798,3.641,bar,18.2,1749.0,17840.0,0
2026-06-11 08:00:00,M07,151,OP-02,2,72.37,3.107,3.939,bar,18.81,1768.4,19040.0,0
2026-06-11 08:00:00,M08,45,OP-06,2,62.67,2.226,3.948,bar,18.31,1787.6,6320.0,0
2026-06-11 08:00:00,M09,15,OP-12,2,65.88,3.257,4.083,bar,18.99,1766.0,2720.0,0
2026-06-11 08:00:00,M10,58,OP-05,2,72.04,4.097,3.776,bar,21.39,1743.8,7880.0,0
2026-06-11 08:00:00,M11,55,OP-07,2,60.51,1.911,4.062,bar,17.56,1773.4,7520.0,0
2026-06-11 08:00:00,M12,158,OP-10,2,68.68,2.661,4.147,bar,19.0,1763.1,19880.0,0
2026-06-11 08:00:00,M13,165,OP-07,2,73.0,4.346,3.704,bar,21.87,1739.7,20720.0,1
2026-06-11 08:00:00,M14,6,OP-04,2,67.41,2.781,3.869,bar,20.06,1746.1,1640.0,0
2026-06-11 08:00:00,M15,93,OP-04,2,66.88,3.817,3.813,bar,21.45,1741.2,12080.0,0
2026-06-11 08:00:00,M16,149,OP-03,2,68.84,2.932,3.926,bar,19.05,1762.3,18800.0,0
2026-06-11 08:00:00,M17,29,OP-09,2,59.98,2.094,4.227,bar,16.72,1754.4,4400.0,0
2026-06-11 08:00:00,M18,145,OP-03,2,76.86,4.522,53.712,psi,22.45,1729.5,18320.0,1
2026-06-11 08:00:00,M19,26,OP-02,2,67.79,3.683,55.265,psi,20.57,1748.8,4040.0,0
2026-06-11 08:00:00,M20,87,OP-07,2,64.74,2.348,55.63,psi,19.95,1756.6,11360.0,0
2026-06-11 08:00:00,M21,148,OP-06,2,58.25,2.158,57.628,psi,18.85,1770.1,18680.0,0
2026-06-11 08:00:00,M22,59,OP-05,2,67.84,2.875,58.534,psi,20.65,1761.0,8000.0,0
2026-06-11 08:00:00,M23,65,OP-06,2,75.91,4.368,53.262,psi,22.45,1748.3,8720.0,1
2026-06-11 08:00:00,M24,54,OP-03,2,64.38,2.526,57.648,psi,18.37,1775.1,7400.0,0
2026-06-11 08:00:00,M25,131,OP-02,2,67.93,4.474,52.283,psi,21.13,1742.5,16640.0,0
2026-06-11 09:00:00,M01,171,OP-02,2,69.26,2.8,3.872,bar,17.96,1745.8,21441.0,0
2026-06-11 09:00:00,M02,115,OP-07,2,65.76,3.307,3.768,bar,19.65,1761.2,14721.0,1
2026-06-11 09:00:00,M03,125,OP-07,2,70.93,4.131,3.511,bar,20.95,1738.3,15921.0,1
2026-06-11 09:00:00,M04,163,OP-09,2,62.12,2.896,4.12,bar,18.47,1762.4,20481.0,0
2026-06-11 09:00:00,M05,107,OP-07,2,69.53,3.54,3.925,bar,20.85,1743.8,13761.0,1
2026-06-11 09:00:00,M06,141,OP-01,2,65.4,2.853,3.938,bar,19.57,1750.4,17841.0,0
2026-06-11 09:00:00,M07,151,OP-02,2,65.74,,3.952,bar,19.06,1753.9,19041.0,0
2026-06-11 09:00:00,M08,45,OP-06,2,60.95,2.411,3.906,bar,18.17,1768.9,6321.0,0
2026-06-11 09:00:00,M09,15,OP-09,2,62.39,2.81,3.933,bar,19.08,1770.2,2721.0,0
2026-06-11 09:00:00,M10,58,OP-10,2,71.47,,3.697,bar,21.73,1732.9,7881.0,0
2026-06-11 09:00:00,M11,55,OP-04,2,57.99,2.053,4.175,bar,18.78,1775.1,7521.0,0
2026-06-11 09:00:00,M12,158,OP-09,2,60.53,2.582,3.929,bar,20.66,1787.2,19881.0,0
2026-06-11 09:00:00,M13,165,OP-07,2,68.87,4.155,3.593,bar,20.14,1742.1,20721.0,1
2026-06-11 09:00:00,M14,6,OP-01,2,63.94,2.727,4.109,bar,19.95,1758.1,1641.0,0
2026-06-11 09:00:00,M15,93,OP-10,2,65.22,,3.674,bar,19.4,1745.4,12081.0,0
2026-06-11 09:00:00,M16,149,OP-10,2,62.14,2.843,3.922,bar,19.85,1761.5,18801.0,0
2026-06-11 09:00:00,M17,29,OP-05,2,61.57,2.131,4.02,bar,18.2,1773.5,4401.0,0
2026-06-11 09:00:00,M18,145,OP-07,2,70.01,4.217,55.165,psi,21.66,1745.3,18321.0,1
2026-06-11 09:00:00,M19,26,OP-07,2,64.99,3.91,56.198,psi,19.8,1750.0,4041.0,0
2026-06-11 09:00:00,M20,87,OP-02,2,66.65,2.744,60.277,psi,19.13,1773.8,11361.0,0
2026-06-11 09:00:00,M21,148,OP-09,2,61.46,2.132,56.942,psi,17.98,1771.3,18681.0,0
2026-06-11 09:00:00,M22,59,OP-03,2,71.45,,56.082,psi,19.83,1748.3,8001.0,0
2026-06-11 09:00:00,M23,65,OP-07,2,74.75,,54.477,psi,21.61,1750.5,8721.0,1
2026-06-11 09:00:00,M24,54,OP-01,2,67.65,2.341,60.141,psi,18.8,1774.0,7401.0,0
2026-06-11 09:00:00,M25,131,OP-06,2,71.66,,55.703,psi,21.5,1728.1,16641.0,0
2026-06-11 10:00:00,M01,171,OP-03,2,72.73,2.949,3.909,bar,17.78,1759.8,21442.0,0
2026-06-11 10:00:00,M02,115,OP-07,2,72.3,,3.651,bar,20.64,1744.5,14722.0,1
2026-06-11 10:00:00,M03,125,OP-07,2,76.47,,3.499,bar,21.77,1730.0,15922.0,1
2026-06-11 10:00:00,M04,163,OP-10,2,67.72,2.821,4.031,bar,19.72,1763.0,20482.0,0
2026-06-11 10:00:00,M05,107,OP-04,2,76.21,3.828,3.766,bar,21.63,1744.4,13762.0,1
2026-06-11 10:00:00,M06,141,OP-01,2,66.77,2.937,3.965,bar,18.77,1768.1,17842.0,0
2026-06-11 10:00:00,M07,151,OP-03,2,71.9,2.838,3.933,bar,19.49,1745.8,19042.0,0
2026-06-11 10:00:00,M08,45,OP-04,2,58.99,2.227,4.184,bar,18.17,1770.0,6322.0,0
2026-06-11 10:00:00,M09,15,OP-06,2,67.16,3.191,3.837,bar,19.84,1754.6,2722.0,0
2026-06-11 10:00:00,M10,58,OP-12,2,73.59,4.515,3.744,bar,21.77,1744.4,7882.0,0
2026-06-11 10:00:00,M11,55,OP-02,2,60.91,1.97,4.011,bar,17.73,1787.0,7522.0,0
2026-06-11 10:00:00,M12,158,OP-12,2,68.12,2.526,4.097,bar,19.26,1774.3,19882.0,0
2026-06-11 10:00:00,M13,165,OP-07,2,71.16,4.182,3.63,bar,21.32,1749.9,20722.0,1
2026-06-11 10:00:00,M14,6,OP-06,2,64.78,2.686,3.927,bar,19.37,1750.3,1642.0,0
2026-06-11 10:00:00,M15,93,OP-10,2,72.87,3.639,3.612,bar,21.04,1742.3,12082.0,0
2026-06-11 10:00:00,M16,149,OP-07,2,69.07,2.946,3.859,bar,18.62,1766.1,18802.0,0
2026-06-11 10:00:00,M17,29,OP-01,2,63.55,1.718,4.153,bar,18.0,1781.6,4402.0,0
2026-06-11 10:00:00,M18,145,OP-07,2,74.49,,53.32,psi,21.73,1734.3,18322.0,1
2026-06-11 10:00:00,M19,26,OP-05,2,69.72,,54.001,psi,20.83,1738.7,4042.0,0
2026-06-11 10:00:00,M20,87,OP-06,2,63.42,2.807,58.432,psi,17.4,1765.8,11362.0,0
2026-06-11 10:00:00,M21,148,OP-07,2,63.55,2.084,59.696,psi,18.55,1774.2,18682.0,0
2026-06-11 10:00:00,M22,59,OP-02,2,64.78,2.94,56.47,psi,20.89,1748.1,8002.0,0
2026-06-11 10:00:00,M23,65,OP-07,2,72.53,4.485,52.236,psi,21.56,1728.8,8722.0,1
2026-06-11 10:00:00,M24,54,OP-03,2,62.76,2.457,58.546,psi,19.24,1761.6,7402.0,0
2026-06-11 10:00:00,M25,131,OP-07,2,80.42,4.266,51.695,psi,22.13,1733.2,16642.0,0
2026-06-11 11:00:00,M01,171,OP-04,2,69.23,2.839,3.966,bar,20.14,1757.8,21443.0,0
2026-06-11 11:00:00,M02,115,OP-11,2,74.88,4.018,3.578,bar,20.88,1741.8,14723.0,1
2026-06-11 11:00:00,M03,125,OP-07,2,75.28,4.287,3.788,bar,20.89,1740.9,15923.0,1
2026-06-11 11:00:00,M04,163,OP-07,2,71.67,2.886,3.951,bar,19.45,1770.0,20483.0,0
2026-06-11 11:00:00,M05,107,OP-06,2,71.53,3.888,3.979,bar,21.7,1749.2,13763.0,0
2026-06-11 11:00:00,M06,141,OP-05,2,66.01,2.835,3.98,bar,18.18,1771.3,17843.0,0
2026-06-11 11:00:00,M07,151,OP-09,2,61.59,3.144,3.796,bar,19.54,1756.5,19043.0,0
2026-06-11 11:00:00,M08,45,OP-11,2,58.17,2.358,3.883,bar,18.96,1774.5,6323.0,0
2026-06-11 11:00:00,M09,15,OP-10,2,73.96,2.838,3.817,bar,18.67,1760.0,2723.0,0
2026-06-11 11:00:00,M10,58,OP-01,2,72.01,4.348,3.602,bar,20.65,1736.0,7883.0,0
2026-06-11 11:00:00,M11,55,OP-09,2,63.56,1.933,4.134,bar,17.86,1764.2,7523.0,0
2026-06-11 11:00:00,M12,158,OP-09,2,65.39,2.812,3.989,bar,18.99,1779.5,19883.0,0
2026-06-11 11:00:00,M13,165,OP-07,2,67.34,4.509,3.729,bar,21.86,1731.5,20723.0,1
2026-06-11 11:00:00,M14,6,OP-05,2,65.98,2.735,4.103,bar,18.32,1763.0,1643.0,0
2026-06-11 11:00:00,M15,93,OP-11,2,74.77,3.757,3.72,bar,20.64,1741.4,12083.0,0
2026-06-11 11:00:00,M16,149,OP-08,2,66.35,3.082,3.946,bar,19.31,1755.2,18803.0,0
2026-06-11 11:00:00,M17,29,OP-07,2,63.39,1.816,4.28,bar,17.37,1779.5,4403.0,0
2026-06-11 11:00:00,M18,145,OP-07,2,74.54,4.47,55.787,psi,21.54,1734.8,18323.0,1
2026-06-11 11:00:00,M19,26,OP-06,2,70.8,,54.583,psi,20.12,1750.9,4043.0,0
2026-06-11 11:00:00,M20,87,OP-09,2,61.05,2.462,59.316,psi,19.35,1760.8,11363.0,0
2026-06-11 11:00:00,M21,148,OP-03,2,59.15,2.17,59.273,psi,18.04,1782.2,18683.0,0
2026-06-11 11:00:00,M22,59,OP-06,2,67.08,3.201,55.479,psi,20.12,1757.3,8003.0,0
2026-06-11 11:00:00,M23,65,OP-07,2,76.54,4.328,55.543,psi,22.15,1754.9,8723.0,1
2026-06-11 11:00:00,M24,54,OP-06,2,60.01,2.508,60.291,psi,18.03,1761.4,7403.0,0
2026-06-11 11:00:00,M25,131,OP-02,2,66.29,4.357,51.651,psi,22.23,1741.9,16643.0,0
2026-06-11 12:00:00,M01,171,OP-06,2,66.58,2.873,3.918,bar,19.17,1761.0,21444.0,0
2026-06-11 12:00:00,M02,115,OP-07,2,74.11,3.806,3.891,bar,19.65,1751.5,14724.0,1
2026-06-11 12:00:00,M03,125,OP-07,2,73.97,4.289,3.722,bar,21.54,1734.3,15924.0,1
2026-06-11 12:00:00,M04,163,OP-01,2,70.82,2.859,4.107,bar,18.4,1756.0,20484.0,0
2026-06-11 12:00:00,M05,107,OP-07,2,62.31,1.711,4.288,bar,18.37,1791.0,13764.0,0
2026-06-11 12:00:00,M06,141,OP-05,2,63.65,2.818,3.911,bar,19.44,1763.2,17844.0,0
2026-06-11 12:00:00,M07,151,OP-07,2,67.75,3.172,3.946,bar,20.15,1761.8,19044.0,0
2026-06-11 12:00:00,M08,45,OP-01,2,59.76,2.737,3.918,bar,17.54,1766.6,6324.0,0
2026-06-11 12:00:00,M09,15,OP-10,2,70.22,2.904,3.907,bar,18.47,1747.8,2724.0,0
2026-06-11 12:00:00,M10,58,OP-10,2,65.09,4.332,3.578,bar,21.51,1733.6,7884.0,0
2026-06-11 12:00:00,M11,55,OP-08,2,63.73,1.945,4.406,bar,17.77,1775.7,7524.0,0
2026-06-11 12:00:00,M12,158,OP-09,2,67.83,2.795,4.055,bar,19.31,1755.9,19884.0,0
2026-06-11 12:00:00,M13,165,OP-07,2,76.25,4.393,3.588,bar,21.72,1736.2,20724.0,1
2026-06-11 12:00:00,M14,6,OP-08,2,69.33,2.886,4.195,bar,18.82,1769.8,1644.0,0
2026-06-11 12:00:00,M15,93,OP-03,2,69.77,,3.666,bar,20.68,1751.4,12084.0,0
2026-06-11 12:00:00,M16,149,OP-07,2,61.5,3.013,4.034,bar,20.41,1764.6,18804.0,0
2026-06-11 12:00:00,M17,29,OP-11,2,67.29,2.064,4.018,bar,18.72,1775.4,4404.0,0
2026-06-11 12:00:00,M18,145,OP-07,2,69.94,4.125,50.268,psi,21.91,1729.8,18324.0,1
2026-06-11 12:00:00,M19,26,OP-01,2,69.23,3.661,53.713,psi,19.77,1742.6,4044.0,0
2026-06-11 12:00:00,M20,87,OP-12,2,67.15,2.693,61.432,psi,18.78,1773.7,11364.0,0
2026-06-11 12:00:00,M21,148,OP-10,2,61.28,2.106,60.445,psi,18.61,1775.3,18684.0,0
2026-06-11 12:00:00,M22,59,OP-03,2,60.3,3.404,56.064,psi,20.03,1748.7,8004.0,0
2026-06-11 12:00:00,M23,65,OP-07,2,79.84,4.612,53.465,psi,21.66,1750.8,8724.0,1
2026-06-11 12:00:00,M24,54,OP-04,2,58.25,2.556,58.129,psi,17.55,1767.9,7404.0,0
2026-06-11 12:00:00,M25,131,OP-07,2,73.14,4.455,56.013,psi,21.22,1735.7,16644.0,0
2026-06-11 13:00:00,M01,171,OP-07,2,67.83,2.773,4.047,bar,18.85,1758.7,21445.0,0
2026-06-11 13:00:00,M02,115,OP-04,2,73.77,3.513,3.854,bar,21.57,1738.5,14725.0,1
2026-06-11 13:00:00,M03,125,OP-07,2,75.74,4.427,3.729,bar,21.42,1737.9,15925.0,1
2026-06-11 13:00:00,M04,163,OP-09,2,69.36,2.814,4.028,bar,20.5,1767.4,20485.0,0
2026-06-11 13:00:00,M05,107,OP-07,2,54.18,1.874,4.226,bar,17.81,1775.9,13765.0,0
2026-06-11 13:00:00,M06,141,OP-06,2,61.4,2.809,3.975,bar,19.21,1753.6,17845.0,0
2026-06-11 13:00:00,M07,151,OP-10,2,63.59,3.047,4.054,bar,19.08,1762.0,19045.0,0
2026-06-11 13:00:00,M08,45,OP-05,2,61.69,2.474,4.104,bar,18.14,1759.9,6325.0,0
2026-06-11 13:00:00,M09,15,OP-02,2,63.34,2.848,4.188,bar,18.2,1765.8,2725.0,0
2026-06-11 13:00:00,M10,58,OP-07,2,72.56,4.308,3.607,bar,21.13,1732.4,7885.0,0
2026-06-11 13:00:00,M11,55,OP-10,2,59.35,2.117,4.33,bar,16.89,1767.0,7525.0,0
2026-06-11 13:00:00,M12,158,OP-10,2,58.3,2.615,3.868,bar,19.49,1774.6,19885.0,0
2026-06-11 13:00:00,M13,165,OP-07,2,75.07,4.366,3.621,bar,22.58,1728.7,20725.0,1
2026-06-11 13:00:00,M14,6,OP-08,2,60.0,2.824,3.808,bar,19.29,1769.1,1645.0,0
2026-06-11 13:00:00,M15,93,OP-08,2,72.31,3.765,3.989,bar,20.15,1751.6,12085.0,0
2026-06-11 13:00:00,M16,149,OP-04,2,63.17,2.89,3.949,bar,20.19,1767.1,18805.0,0
2026-06-11 13:00:00,M17,29,OP-05,2,62.26,2.006,4.078,bar,16.88,1763.1,4405.0,0
2026-06-11 13:00:00,M18,145,OP-07,2,71.37,4.406,52.244,psi,21.57,1742.1,18325.0,1
2026-06-11 13:00:00,M19,26,OP-06,2,74.07,3.836,59.021,psi,21.84,1749.7,4045.0,0
2026-06-11 13:00:00,M20,87,OP-08,2,69.37,2.899,59.601,psi,19.59,1770.1,11365.0,0
2026-06-11 13:00:00,M21,148,OP-09,2,67.62,2.426,58.559,psi,18.6,1770.0,18685.0,0
2026-06-11 13:00:00,M22,59,OP-12,2,72.28,3.257,57.136,psi,19.5,1757.3,8005.0,0
2026-06-11 13:00:00,M23,65,OP-01,2,71.06,4.694,53.442,psi,21.85,1737.5,8725.0,1
2026-06-11 13:00:00,M24,54,OP-05,2,61.31,2.663,57.953,psi,18.96,1752.6,7405.0,0
2026-06-11 13:00:00,M25,131,OP-08,2,75.25,4.648,52.873,psi,21.38,1732.2,16645.0,0
2026-06-11 14:00:00,M01,171,OP-09,2,64.75,2.881,3.957,bar,18.8,1765.6,21446.0,0
2026-06-11 14:00:00,M02,115,OP-05,2,72.41,3.71,3.758,bar,21.83,1745.3,14726.0,1
2026-06-11 14:00:00,M03,125,OP-07,2,72.48,,3.456,bar,20.13,1742.2,15926.0,1
2026-06-11 14:00:00,M04,163,OP-07,2,65.08,2.918,3.981,bar,19.06,1754.4,20486.0,0
2026-06-11 14:00:00,M05,107,OP-07,2,59.49,1.684,4.178,bar,17.09,1780.1,13766.0,0
2026-06-11 14:00:00,M06,141,OP-10,2,70.64,2.989,3.98,bar,19.35,1758.9,17846.0,0
2026-06-11 14:00:00,M07,151,OP-07,2,69.67,2.955,3.822,bar,19.57,1774.6,19046.0,0
2026-06-11 14:00:00,M08,45,OP-04,2,63.24,2.522,4.07,bar,19.83,1761.2,6326.0,0
2026-06-11 14:00:00,M09,15,OP-03,2,66.2,3.069,3.933,bar,18.92,1761.2,2726.0,0
2026-06-11 14:00:00,M10,58,OP-02,2,70.75,4.351,3.592,bar,21.17,1746.1,7886.0,0
2026-06-11 14:00:00,M11,55,OP-12,2,64.42,1.983,4.444,bar,19.21,1785.0,7526.0,0
2026-06-11 14:00:00,M12,158,OP-11,2,64.69,2.897,3.934,bar,18.13,1769.7,19886.0,0
2026-06-11 14:00:00,M13,165,OP-07,2,81.98,,3.681,bar,20.89,1750.6,20726.0,1
2026-06-11 14:00:00,M14,6,OP-02,2,68.99,3.147,4.006,bar,19.29,1752.4,1646.0,0
2026-06-11 14:00:00,M15,93,OP-09,2,72.13,3.485,3.883,bar,20.26,1750.2,12086.0,0
2026-06-11 14:00:00,M16,149,OP-09,2,63.0,2.715,3.833,bar,19.53,1768.4,18806.0,0
2026-06-11 14:00:00,M17,29,OP-11,2,57.39,1.802,3.891,bar,17.06,1791.0,4406.0,0
2026-06-11 14:00:00,M18,145,OP-07,2,69.89,4.543,49.356,psi,22.53,1748.8,18326.0,1
2026-06-11 14:00:00,M19,26,OP-11,2,69.52,3.878,54.285,psi,20.4,1750.3,4046.0,0
2026-06-11 14:00:00,M20,87,OP-09,2,65.15,2.635,57.754,psi,18.92,1760.9,11366.0,0
2026-06-11 14:00:00,M21,148,OP-07,2,62.26,2.024,62.156,psi,18.2,1762.9,18686.0,0
2026-06-11 14:00:00,M22,59,OP-07,2,65.16,3.361,55.659,psi,20.26,1762.0,8006.0,0
2026-06-11 14:00:00,M23,65,OP-03,2,75.57,4.463,53.813,psi,20.61,1745.3,8726.0,1
2026-06-11 14:00:00,M24,54,OP-03,2,62.11,2.418,56.08,psi,19.25,1767.6,7406.0,0
2026-06-11 14:00:00,M25,131,OP-07,2,77.05,4.297,55.882,psi,21.78,1742.3,16646.0,0
2026-06-11 15:00:00,M01,171,OP-07,2,65.44,2.85,3.965,bar,18.61,1761.1,21447.0,0
2026-06-11 15:00:00,M02,115,OP-07,2,73.44,,3.777,bar,20.97,1734.7,14727.0,1
2026-06-11 15:00:00,M03,125,OP-07,2,71.6,4.242,3.592,bar,21.95,1744.2,15927.0,1
2026-06-11 15:00:00,M04,163,OP-06,2,65.95,2.724,4.013,bar,19.68,1766.5,20487.0,0
2026-06-11 15:00:00,M05,107,OP-03,2,59.63,1.992,4.286,bar,17.59,1775.8,13767.0,0
2026-06-11 15:00:00,M06,141,OP-02,2,68.21,2.69,3.981,bar,19.74,1769.4,17847.0,0
2026-06-11 15:00:00,M07,151,OP-11,2,71.66,3.138,4.095,bar,18.67,1754.3,19047.0,0
2026-06-11 15:00:00,M08,45,OP-04,2,69.04,2.285,4.125,bar,17.83,1761.3,6327.0,0
2026-06-11 15:00:00,M09,15,OP-03,2,65.98,2.942,4.209,bar,19.24,1758.0,2727.0,0
2026-06-11 15:00:00,M10,58,OP-09,2,74.08,4.241,3.643,bar,21.78,1743.6,7887.0,0
2026-06-11 15:00:00,M11,55,OP-02,2,58.98,1.854,4.315,bar,18.54,1783.9,7527.0,0
2026-06-11 15:00:00,M12,158,OP-05,2,62.8,2.594,4.018,bar,18.12,1761.5,19887.0,0
2026-06-11 15:00:00,M13,165,OP-07,2,74.69,,3.419,bar,21.96,1725.9,20727.0,1
2026-06-11 15:00:00,M14,6,OP-07,2,67.36,2.892,4.034,bar,19.53,1766.3,1647.0,0
2026-06-11 15:00:00,M15,93,OP-07,2,64.31,3.652,3.807,bar,20.63,1737.5,12087.0,0
2026-06-11 15:00:00,M16,149,OP-02,2,64.9,2.881,3.749,bar,19.23,1765.6,18807.0,0
2026-06-11 15:00:00,M17,29,OP-04,2,61.11,1.745,4.158,bar,16.59,1781.5,4407.0,0
2026-06-11 15:00:00,M18,145,OP-07,2,73.1,4.591,52.727,psi,22.85,1734.9,18327.0,1
2026-06-11 15:00:00,M19,26,OP-12,2,79.4,,56.079,psi,20.14,1766.5,4047.0,0
2026-06-11 15:00:00,M20,87,OP-02,2,67.82,2.696,59.118,psi,19.06,1743.0,11367.0,0
2026-06-11 15:00:00,M21,148,OP-02,2,57.61,2.217,59.02,psi,18.09,1782.0,18687.0,0
2026-06-11 15:00:00,M22,59,OP-09,2,62.07,3.323,56.92,psi,19.57,1761.6,8007.0,0
2026-06-11 15:00:00,M23,65,OP-07,2,72.35,4.33,53.383,psi,21.68,1739.7,8727.0,1
2026-06-11 15:00:00,M24,54,OP-01,2,60.61,2.219,57.829,psi,18.6,1774.4,7407.0,0
2026-06-11 15:00:00,M25,131,OP-07,2,72.97,4.392,52.814,psi,22.63,1733.1,16647.0,0
2026-06-11 16:00:00,M01,171,OP-01,3,67.69,3.066,4.138,bar,20.08,1757.9,21448.0,0
2026-06-11 16:00:00,M02,115,OP-07,3,65.97,3.813,3.802,bar,21.23,1748.7,14728.0,1
2026-06-11 16:00:00,M03,125,OP-04,3,81.28,3.969,3.469,bar,22.83,1743.1,15928.0,1
2026-06-11 16:00:00,M04,163,OP-11,3,69.53,2.769,4.134,bar,20.98,1760.9,20488.0,0
2026-06-11 16:00:00,M05,107,OP-07,3,60.36,1.87,4.334,bar,16.44,1791.5,13768.0,0
2026-06-11 16:00:00,M06,141,OP-07,3,60.67,2.645,4.14,bar,19.05,1766.2,17848.0,0
2026-06-11 16:00:00,M07,151,OP-07,3,69.19,3.051,3.96,bar,19.18,1756.1,19048.0,0
2026-06-11 16:00:00,M08,45,OP-02,3,62.28,2.185,4.013,bar,19.31,1771.3,6328.0,0
2026-06-11 16:00:00,M09,15,OP-10,3,71.94,2.952,3.746,bar,19.77,1757.8,2728.0,0
2026-06-11 16:00:00,M10,58,OP-04,3,74.57,,3.746,bar,23.68,1742.5,7888.0,0
2026-06-11 16:00:00,M11,55,OP-12,3,57.3,1.925,4.104,bar,17.79,1775.6,7528.0,0
2026-06-11 16:00:00,M12,158,OP-03,3,67.0,2.69,4.113,bar,19.05,1760.9,19888.0,0
2026-06-11 16:00:00,M13,165,OP-12,3,73.46,4.178,3.544,bar,21.79,1750.9,20728.0,1
2026-06-11 16:00:00,M14,6,OP-03,3,65.53,3.334,3.926,bar,19.13,1762.6,1648.0,0
2026-06-11 16:00:00,M15,93,OP-08,3,74.04,,3.867,bar,22.01,1751.9,12088.0,0
2026-06-11 16:00:00,M16,149,OP-08,3,62.01,3.053,4.048,bar,19.2,1749.6,18808.0,0
2026-06-11 16:00:00,M17,29,OP-11,3,55.2,2.118,4.146,bar,17.13,1773.4,4408.0,0
2026-06-11 16:00:00,M18,145,OP-07,3,73.85,4.402,54.157,psi,23.16,1734.7,18328.0,1
2026-06-11 16:00:00,M19,26,OP-06,3,71.56,3.788,55.553,psi,20.99,1743.4,4048.0,0
2026-06-11 16:00:00,M20,87,OP-11,3,65.83,2.629,57.715,psi,17.69,1753.9,11368.0,0
2026-06-11 16:00:00,M21,148,OP-01,3,57.9,2.436,60.567,psi,17.17,1770.6,18688.0,0
2026-06-11 16:00:00,M22,59,OP-07,3,64.72,3.396,61.495,psi,19.53,1756.6,8008.0,0
2026-06-11 16:00:00,M23,65,OP-03,3,71.59,4.419,57.036,psi,21.65,1733.0,8728.0,1
2026-06-11 16:00:00,M24,54,OP-07,3,66.57,2.546,59.474,psi,18.7,1741.6,7408.0,0
2026-06-11 16:00:00,M25,131,OP-11,3,70.32,4.412,52.037,psi,22.46,1749.9,16648.0,0
2026-06-11 17:00:00,M01,171,OP-05,3,63.89,2.962,4.0,bar,19.23,1759.0,21449.0,0
2026-06-11 17:00:00,M02,115,OP-07,3,69.5,3.7,3.73,bar,21.57,1748.0,14729.0,1
2026-06-11 17:00:00,M03,125,OP-07,3,77.87,4.436,3.518,bar,21.42,1745.5,15929.0,1
2026-06-11 17:00:00,M04,163,OP-03,3,73.74,2.931,3.841,bar,18.93,1747.2,20489.0,0
2026-06-11 17:00:00,M05,107,OP-10,3,60.84,2.103,4.121,bar,17.44,1779.8,13769.0,0
2026-06-11 17:00:00,M06,141,OP-05,3,65.92,2.662,3.932,bar,19.42,1752.7,17849.0,0
2026-06-11 17:00:00,M07,151,OP-03,3,71.15,3.188,3.993,bar,19.73,1766.7,19049.0,0
2026-06-11 17:00:00,M08,45,OP-07,3,61.48,2.252,4.271,bar,18.13,1773.9,6329.0,0
2026-06-11 17:00:00,M09,15,OP-05,3,59.52,3.031,4.121,bar,20.99,1759.5,2729.0,0
2026-06-11 17:00:00,M10,58,OP-04,3,70.46,,3.621,bar,21.08,1739.8,7889.0,0
2026-06-11 17:00:00,M11,55,OP-09,3,58.44,1.807,4.199,bar,17.54,1777.3,7529.0,0
2026-06-11 17:00:00,M12,158,OP-03,3,62.16,2.694,3.789,bar,19.81,1757.6,19889.0,0
2026-06-11 17:00:00,M13,165,OP-07,3,69.49,4.288,3.618,bar,21.39,1734.0,20729.0,1
2026-06-11 17:00:00,M14,6,OP-08,3,64.96,2.738,3.987,bar,18.99,1768.0,1649.0,0
2026-06-11 17:00:00,M15,93,OP-07,3,68.07,3.576,3.761,bar,20.63,1746.9,12089.0,1
2026-06-11 17:00:00,M16,149,OP-06,3,67.54,2.784,4.17,bar,21.32,1776.4,18809.0,0
2026-06-11 17:00:00,M17,29,OP-07,3,62.86,2.03,3.936,bar,18.26,1778.1,4409.0,0
2026-06-11 17:00:00,M18,145,OP-08,3,69.37,4.534,49.384,psi,21.42,1738.7,18329.0,1
2026-06-11 17:00:00,M19,26,OP-09,3,69.49,,54.387,psi,20.63,1756.8,4049.0,0
2026-06-11 17:00:00,M20,87,OP-12,3,63.83,2.614,55.752,psi,19.26,1764.7,11369.0,0
2026-06-11 17:00:00,M21,148,OP-07,3,61.89,2.195,63.555,psi,18.32,1766.1,18689.0,0
2026-06-11 17:00:00,M22,59,OP-03,3,66.13,3.143,56.277,psi,19.56,1771.6,8009.0,0
2026-06-11 17:00:00,M23,65,OP-01,3,73.15,,54.059,psi,22.31,1735.4,8729.0,1
2026-06-11 17:00:00,M24,54,OP-05,3,63.13,2.262,59.991,psi,18.35,1771.1,7409.0,0
2026-06-11 17:00:00,M25,131,OP-07,3,74.97,4.289,52.554,psi,21.93,1722.7,16649.0,0
2026-06-11 18:00:00,M01,171,OP-07,3,55.22,2.821,3.98,bar,20.36,1767.6,21450.0,0
2026-06-11 18:00:00,M02,115,OP-07,3,69.96,3.621,3.918,bar,20.61,1760.9,14730.0,1
2026-06-11 18:00:00,M03,125,OP-07,3,71.84,4.47,3.588,bar,21.28,1725.5,15930.0,1
2026-06-11 18:00:00,M04,163,OP-01,3,66.41,3.038,3.932,bar,18.92,1757.8,20490.0,0
2026-06-11 18:00:00,M05,107,OP-12,3,63.81,2.002,4.227,bar,16.9,1771.7,13770.0,0
2026-06-11 18:00:00,M06,141,OP-03,3,64.45,2.748,4.074,bar,19.56,1773.8,17850.0,0
2026-06-11 18:00:00,M07,151,OP-08,3,66.26,,3.903,bar,19.98,1743.7,19050.0,0
2026-06-11 18:00:00,M08,45,OP-09,3,58.99,2.343,3.981,bar,17.82,1775.5,6330.0,0
2026-06-11 18:00:00,M09,15,OP-06,3,65.27,3.157,4.014,bar,19.86,1770.6,2730.0,0
2026-06-11 18:00:00,M10,58,OP-03,3,74.6,,3.784,bar,22.7,1729.1,7890.0,0
2026-06-11 18:00:00,M11,55,OP-01,3,60.43,1.941,4.183,bar,17.15,1758.8,7530.0,0
2026-06-11 18:00:00,M12,158,OP-09,3,61.88,2.496,4.168,bar,20.44,1762.8,19890.0,0
2026-06-11 18:00:00,M13,165,OP-07,3,73.14,4.244,3.438,bar,21.89,1743.0,20730.0,1
2026-06-11 18:00:00,M14,6,OP-09,3,64.05,2.969,4.026,bar,19.38,1758.8,1650.0,0
2026-06-11 18:00:00,M15,93,OP-09,3,69.3,3.616,3.861,bar,20.66,1741.1,12090.0,1
2026-06-11 18:00:00,M16,149,OP-05,3,64.59,3.003,3.823,bar,19.8,1770.5,18810.0,0
2026-06-11 18:00:00,M17,29,OP-02,3,55.35,,4.358,bar,17.78,1770.9,4410.0,0
2026-06-11 18:00:00,M18,145,OP-07,3,75.27,4.727,51.813,psi,21.57,1724.3,18330.0,1
2026-06-11 18:00:00,M19,26,OP-11,3,68.76,3.554,51.096,psi,20.69,1746.1,4050.0,0
2026-06-11 18:00:00,M20,87,OP-09,3,67.54,2.87,58.884,psi,18.47,1770.9,11370.0,0
2026-06-11 18:00:00,M21,148,OP-10,3,64.86,2.096,59.603,psi,18.44,1762.9,18690.0,0
2026-06-11 18:00:00,M22,59,OP-09,3,66.62,3.02,55.276,psi,20.54,1761.8,8010.0,0
2026-06-11 18:00:00,M23,65,OP-03,3,66.73,4.29,52.256,psi,21.54,1737.6,8730.0,1
2026-06-11 18:00:00,M24,54,OP-05,3,63.05,2.629,59.153,psi,17.56,1750.0,7410.0,0
2026-06-11 18:00:00,M25,131,OP-05,3,72.98,,53.03,psi,21.08,1733.7,16650.0,0
2026-06-11 19:00:00,M01,171,OP-04,3,66.68,2.496,3.959,bar,19.18,1770.2,21451.0,0
2026-06-11 19:00:00,M02,115,OP-09,3,67.08,3.875,3.853,bar,21.33,1750.6,14731.0,1
2026-06-11 19:00:00,M03,125,OP-07,3,74.8,4.407,3.572,bar,22.18,1746.8,15931.0,1
2026-06-11 19:00:00,M04,163,OP-07,3,62.07,2.982,3.897,bar,19.65,1764.9,20491.0,0
2026-06-11 19:00:00,M05,107,OP-07,3,59.0,1.799,4.019,bar,17.49,1773.7,13771.0,0
2026-06-11 19:00:00,M06,141,OP-06,3,63.57,3.026,4.136,bar,19.78,1748.1,17851.0,0
2026-06-11 19:00:00,M07,151,OP-06,3,61.65,3.318,3.83,bar,19.88,1754.9,19051.0,0
2026-06-11 19:00:00,M08,45,OP-04,3,64.39,2.229,3.852,bar,20.09,1777.5,6331.0,0
2026-06-11 19:00:00,M09,15,OP-12,3,64.18,2.886,4.164,bar,19.47,1747.0,2731.0,0
2026-06-11 19:00:00,M10,58,OP-07,3,75.44,4.136,3.962,bar,21.77,1746.5,7891.0,0
2026-06-11 19:00:00,M11,55,OP-03,3,63.81,1.821,4.138,bar,18.06,1768.7,7531.0,0
2026-06-11 19:00:00,M12,158,OP-03,3,66.77,2.484,3.971,bar,18.34,1767.9,19891.0,0
2026-06-11 19:00:00,M13,165,OP-07,3,71.16,4.305,3.524,bar,22.15,1724.1,20731.0,1
2026-06-11 19:00:00,M14,6,OP-07,3,69.37,3.075,4.052,bar,19.23,1749.5,1651.0,0
2026-06-11 19:00:00,M15,93,OP-02,3,71.19,3.652,3.84,bar,20.33,1752.8,12091.0,1
2026-06-11 19:00:00,M16,149,OP-07,3,64.24,2.996,4.027,bar,20.23,1750.7,18811.0,0
2026-06-11 19:00:00,M17,29,OP-09,3,58.16,2.225,4.124,bar,18.54,1762.3,4411.0,0
2026-06-11 19:00:00,M18,145,OP-06,3,74.26,4.414,52.688,psi,21.38,1738.4,18331.0,1
2026-06-11 19:00:00,M19,26,OP-06,3,70.77,,56.175,psi,20.54,1742.5,4051.0,0
2026-06-11 19:00:00,M20,87,OP-03,3,62.38,2.872,58.503,psi,19.34,1767.2,11371.0,0
2026-06-11 19:00:00,M21,148,OP-06,3,53.4,2.194,63.731,psi,18.92,1765.4,18691.0,0
2026-06-11 19:00:00,M22,59,OP-06,3,73.69,3.188,55.282,psi,19.26,1766.6,8011.0,0
2026-06-11 19:00:00,M23,65,OP-02,3,73.99,4.086,50.606,psi,21.25,1740.5,8731.0,1
2026-06-11 19:00:00,M24,54,OP-04,3,64.58,2.628,58.035,psi,17.92,1771.8,7411.0,0
2026-06-11 19:00:00,M25,131,OP-07,3,77.59,4.407,53.489,psi,21.08,1746.4,16651.0,0
2026-06-11 20:00:00,M01,171,OP-09,3,62.51,2.975,3.967,bar,17.9,1769.6,21452.0,0
2026-06-11 20:00:00,M02,115,OP-07,3,69.05,,3.762,bar,20.96,1742.3,14732.0,1
2026-06-11 20:00:00,M03,125,OP-07,3,76.68,4.392,3.849,bar,20.92,1730.9,15932.0,1
2026-06-11 20:00:00,M04,163,OP-12,3,68.08,2.868,3.986,bar,17.92,1759.6,20492.0,0
2026-06-11 20:00:00,M05,107,OP-07,3,56.71,1.918,4.04,bar,17.49,1791.0,13772.0,0
2026-06-11 20:00:00,M06,141,OP-01,3,66.65,2.918,4.093,bar,18.78,1756.0,17852.0,0
2026-06-11 20:00:00,M07,151,OP-12,3,62.81,3.047,4.06,bar,20.89,1765.6,19052.0,0
2026-06-11 20:00:00,M08,45,OP-08,3,66.02,2.505,4.039,bar,17.63,1773.2,6332.0,0
2026-06-11 20:00:00,M09,15,OP-10,3,63.06,3.004,3.972,bar,19.08,1750.8,2732.0,0
2026-06-11 20:00:00,M10,58,OP-07,3,81.11,,3.92,bar,22.37,1744.4,7892.0,0
2026-06-11 20:00:00,M11,55,OP-07,3,66.76,2.041,4.299,bar,18.51,1778.4,7532.0,0
2026-06-11 20:00:00,M12,158,OP-07,3,63.91,2.704,4.225,bar,18.49,1773.9,19892.0,0
2026-06-11 20:00:00,M13,165,OP-07,3,70.46,4.677,3.545,bar,21.21,1724.0,20732.0,1
2026-06-11 20:00:00,M14,6,OP-03,3,68.31,3.15,3.946,bar,19.52,1762.2,1652.0,0
2026-06-11 20:00:00,M15,93,OP-05,3,72.12,3.567,3.578,bar,21.39,1758.2,12092.0,1
2026-06-11 20:00:00,M16,149,OP-03,3,67.05,2.863,4.131,bar,19.29,1769.8,18812.0,0
2026-06-11 20:00:00,M17,29,OP-05,3,67.34,2.177,4.084,bar,16.53,1791.9,4412.0,0
2026-06-11 20:00:00,M18,145,OP-07,3,70.46,,54.632,psi,21.98,1736.0,18332.0,1
2026-06-11 20:00:00,M19,26,OP-06,3,66.21,3.72,55.522,psi,19.85,1740.3,4052.0,0
2026-06-11 20:00:00,M20,87,OP-05,3,61.11,2.638,60.561,psi,19.21,1770.0,11372.0,0
2026-06-11 20:00:00,M21,148,OP-11,3,63.53,2.001,60.416,psi,18.79,1781.0,18692.0,0
2026-06-11 20:00:00,M22,59,OP-09,3,65.94,3.042,56.778,psi,20.8,1760.6,8012.0,0
2026-06-11 20:00:00,M23,65,OP-01,3,81.91,4.247,54.707,psi,21.75,1733.3,8732.0,1
2026-06-11 20:00:00,M24,54,OP-01,3,67.41,2.441,58.136,psi,19.08,1766.2,7412.0,0
2026-06-11 20:00:00,M25,131,OP-06,3,74.86,4.24,51.794,psi,21.84,1730.8,16652.0,0
2026-06-11 21:00:00,M01,171,OP-05,3,65.62,2.992,4.025,bar,19.83,1767.8,21453.0,0
2026-06-11 21:00:00,M02,115,OP-07,3,66.33,3.884,3.578,bar,19.86,1746.8,14733.0,1
2026-06-11 21:00:00,M03,125,OP-09,3,71.78,4.409,3.497,bar,21.68,1738.1,15933.0,1
2026-06-11 21:00:00,M04,163,OP-01,3,67.96,3.085,3.971,bar,20.05,1762.7,20493.0,0
2026-06-11 21:00:00,M05,107,OP-05,3,61.59,2.172,4.112,bar,18.0,1778.8,13773.0,0
2026-06-11 21:00:00,M06,141,OP-10,3,67.62,2.986,4.035,bar,18.88,1744.3,17853.0,0
2026-06-11 21:00:00,M07,151,OP-07,3,63.94,,3.917,bar,19.02,1761.5,19053.0,0
2026-06-11 21:00:00,M08,45,OP-10,3,62.79,2.398,3.953,bar,17.76,1779.1,6333.0,0
2026-06-11 21:00:00,M09,15,OP-09,3,63.0,2.645,4.008,bar,19.28,1767.3,2733.0,0
2026-06-11 21:00:00,M10,58,OP-02,3,65.53,4.46,3.693,bar,21.82,1742.6,7893.0,0
2026-06-11 21:00:00,M11,55,OP-05,3,63.38,2.083,4.206,bar,17.68,1773.7,7533.0,0
2026-06-11 21:00:00,M12,158,OP-12,3,68.54,2.772,4.09,bar,19.58,1758.9,19893.0,0
2026-06-11 21:00:00,M13,165,OP-03,3,79.1,4.371,3.834,bar,21.13,1728.9,20733.0,1
2026-06-11 21:00:00,M14,6,OP-04,3,69.38,2.825,4.186,bar,20.0,1759.8,1653.0,0
2026-06-11 21:00:00,M15,93,OP-07,3,65.01,,3.647,bar,20.46,1751.2,12093.0,1
2026-06-11 21:00:00,M16,149,OP-11,3,66.67,2.843,3.909,bar,19.48,1759.0,18813.0,0
2026-06-11 21:00:00,M17,29,OP-04,3,65.02,1.834,4.358,bar,18.31,1776.4,4413.0,0
2026-06-11 21:00:00,M18,145,OP-07,3,74.58,4.386,51.707,psi,21.37,1734.5,18333.0,1
2026-06-11 21:00:00,M19,26,OP-07,3,73.39,3.827,51.6,psi,20.22,1744.7,4053.0,0
2026-06-11 21:00:00,M20,87,OP-03,3,65.04,2.823,58.129,psi,19.44,1755.3,11373.0,0
2026-06-11 21:00:00,M21,148,OP-07,3,58.93,2.262,61.469,psi,18.8,1770.6,18693.0,0
2026-06-11 21:00:00,M22,59,OP-07,3,66.2,,59.223,psi,19.76,1755.3,8013.0,0
2026-06-11 21:00:00,M23,65,OP-04,3,79.9,,52.52,psi,21.57,1713.3,8733.0,1
2026-06-11 21:00:00,M24,54,OP-01,3,67.0,2.447,55.495,psi,18.21,1761.2,7413.0,0
2026-06-11 21:00:00,M25,131,OP-09,3,80.0,4.697,56.638,psi,21.98,1738.6,16653.0,0
2026-06-11 22:00:00,M01,171,OP-10,3,64.86,2.743,3.863,bar,19.11,1735.8,21454.0,0
2026-06-11 22:00:00,M02,115,OP-07,3,63.28,3.824,3.939,bar,20.23,1737.1,14734.0,1
2026-06-11 22:00:00,M03,125,OP-11,3,69.74,4.529,3.576,bar,21.82,1734.1,15934.0,1
2026-06-11 22:00:00,M04,163,OP-02,3,66.57,2.976,3.905,bar,18.87,1778.9,20494.0,0
2026-06-11 22:00:00,M05,107,OP-06,3,60.63,2.095,4.346,bar,18.1,1793.3,13774.0,0
2026-06-11 22:00:00,M06,141,OP-04,3,63.99,2.971,4.03,bar,19.92,1764.0,17854.0,0
2026-06-11 22:00:00,M07,151,OP-10,3,62.52,3.355,3.81,bar,20.48,1757.6,19054.0,0
2026-06-11 22:00:00,M08,45,OP-05,3,61.5,2.238,4.065,bar,19.89,1775.8,6334.0,0
2026-06-11 22:00:00,M09,15,OP-11,3,67.7,3.088,3.886,bar,18.87,1769.4,2734.0,0
2026-06-11 22:00:00,M10,58,OP-11,3,73.09,4.321,3.593,bar,21.29,1750.9,7894.0,0
2026-06-11 22:00:00,M11,55,OP-09,3,62.01,1.88,4.128,bar,18.18,1787.7,7534.0,0
2026-06-11 22:00:00,M12,158,OP-04,3,65.29,2.867,3.82,bar,18.65,1769.5,19894.0,0
2026-06-11 22:00:00,M13,165,OP-08,3,76.13,4.375,3.289,bar,22.25,1724.5,20734.0,1
2026-06-11 22:00:00,M14,6,OP-09,3,61.92,3.363,3.966,bar,19.98,1765.9,1654.0,0
2026-06-11 22:00:00,M15,93,OP-02,3,77.28,,3.893,bar,20.81,1749.5,12094.0,1
2026-06-11 22:00:00,M16,149,OP-01,3,66.85,2.994,4.233,bar,19.51,1748.6,18814.0,0
2026-06-11 22:00:00,M17,29,OP-08,3,56.87,1.979,4.257,bar,19.24,1781.7,4414.0,0
2026-06-11 22:00:00,M18,145,OP-06,3,73.07,,54.486,psi,20.87,1740.6,18334.0,1
2026-06-11 22:00:00,M19,26,OP-03,3,67.48,3.905,53.741,psi,21.21,1758.5,4054.0,0
2026-06-11 22:00:00,M20,87,OP-09,3,66.45,2.908,57.673,psi,18.16,1765.5,11374.0,0
2026-06-11 22:00:00,M21,148,OP-08,3,61.93,2.198,62.292,psi,17.73,1781.5,18694.0,0
2026-06-11 22:00:00,M22,59,OP-08,3,64.2,3.305,55.738,psi,19.86,1754.0,8014.0,0
2026-06-11 22:00:00,M23,65,OP-09,3,77.32,,50.104,psi,22.28,1738.0,8734.0,1
2026-06-11 22:00:00,M24,54,OP-07,3,69.93,2.696,61.489,psi,17.98,1770.3,7414.0,0
2026-06-11 22:00:00,M25,131,OP-01,3,70.56,4.228,53.65,psi,22.93,1726.3,16654.0,0
2026-06-11 23:00:00,M01,171,OP-08,3,73.61,2.586,4.091,bar,19.19,1754.1,21455.0,0
2026-06-11 23:00:00,M02,115,OP-03,3,72.05,,3.716,bar,20.43,1747.7,14735.0,1
2026-06-11 23:00:00,M03,125,OP-07,3,75.84,,3.559,bar,21.37,1728.1,15935.0,1
2026-06-11 23:00:00,M04,163,OP-11,3,68.97,3.187,3.98,bar,20.28,1750.0,20495.0,0
2026-06-11 23:00:00,M05,107,OP-08,3,60.18,1.825,4.219,bar,17.96,1770.7,13775.0,0
2026-06-11 23:00:00,M06,141,OP-01,3,64.95,2.85,4.122,bar,20.43,1778.5,17855.0,0
2026-06-11 23:00:00,M07,151,OP-11,3,71.82,3.018,3.929,bar,20.27,1749.6,19055.0,0
2026-06-11 23:00:00,M08,45,OP-06,3,58.86,2.316,3.97,bar,18.42,1775.5,6335.0,0
2026-06-11 23:00:00,M09,15,OP-02,3,68.9,3.017,3.959,bar,19.64,1741.3,2735.0,0
2026-06-11 23:00:00,M10,58,OP-02,3,72.02,4.396,3.421,bar,21.53,1734.7,7895.0,0
2026-06-11 23:00:00,M11,55,OP-07,3,61.4,2.189,4.295,bar,18.08,1775.1,7535.0,0
2026-06-11 23:00:00,M12,158,OP-09,3,61.75,2.847,3.9,bar,19.68,1754.7,19895.0,0
2026-06-11 23:00:00,M13,165,OP-11,3,72.2,4.522,3.587,bar,21.11,1722.7,20735.0,1
2026-06-11 23:00:00,M14,6,OP-11,3,73.13,2.811,3.896,bar,17.64,1755.3,1655.0,0
2026-06-11 23:00:00,M15,93,OP-07,3,72.65,3.727,3.805,bar,21.16,1752.2,12095.0,1
2026-06-11 23:00:00,M16,149,OP-03,3,62.45,2.984,3.755,bar,20.37,1756.7,18815.0,0
2026-06-11 23:00:00,M17,29,OP-07,3,60.6,1.94,4.198,bar,17.93,1775.4,4415.0,0
2026-06-11 23:00:00,M18,145,OP-07,3,75.94,4.767,48.786,psi,22.02,1737.8,18335.0,1
2026-06-11 23:00:00,M19,26,OP-02,3,72.7,3.459,54.715,psi,20.6,1746.9,4055.0,0
2026-06-11 23:00:00,M20,87,OP-10,3,68.26,2.646,59.233,psi,19.52,1765.5,11375.0,0
2026-06-11 23:00:00,M21,148,OP-07,3,63.28,2.058,59.981,psi,18.87,1781.1,18695.0,0
2026-06-11 23:00:00,M22,59,OP-08,3,68.68,3.091,56.701,psi,20.11,1746.6,8015.0,0
2026-06-11 23:00:00,M23,65,OP-03,3,74.85,4.532,51.323,psi,21.5,1732.4,8735.0,1
2026-06-11 23:00:00,M24,54,OP-03,3,66.94,2.679,54.487,psi,18.68,1776.2,7415.0,0
2026-06-11 23:00:00,M25,131,OP-10,3,70.72,,53.881,psi,21.27,1721.3,16655.0,0
2026-06-12 00:00:00,M01,171,OP-02,1,63.81,2.72,4.14,bar,20.28,1759.5,21456.0,0
2026-06-12 00:00:00,M02,115,OP-07,1,67.52,3.99,3.649,bar,21.38,1745.6,14736.0,1
2026-06-12 00:00:00,M03,125,OP-07,1,71.89,4.348,3.659,bar,21.65,1744.2,15936.0,1
2026-06-12 00:00:00,M04,163,OP-07,1,70.02,3.017,3.933,bar,20.17,1754.4,20496.0,0
2026-06-12 00:00:00,M05,107,OP-05,1,59.06,1.752,4.131,bar,17.98,1783.7,13776.0,0
2026-06-12 00:00:00,M06,141,OP-06,1,63.93,3.093,4.129,bar,19.49,1760.6,17856.0,0
2026-06-12 00:00:00,M07,151,OP-05,1,59.51,3.187,3.789,bar,18.54,1753.9,19056.0,0
2026-06-12 00:00:00,M08,45,OP-07,1,61.42,2.518,3.991,bar,19.52,1771.9,6336.0,0
2026-06-12 00:00:00,M09,15,OP-04,1,58.78,2.963,3.992,bar,19.35,1762.2,2736.0,0
2026-06-12 00:00:00,M10,58,OP-05,1,68.35,4.163,3.643,bar,21.4,1735.5,7896.0,0
2026-06-12 00:00:00,M11,55,OP-03,1,59.59,1.92,4.173,bar,18.51,1783.4,7536.0,0
2026-06-12 00:00:00,M12,158,OP-02,1,65.55,2.574,4.013,bar,20.56,1774.9,19896.0,0
2026-06-12 00:00:00,M13,165,OP-09,1,76.39,4.367,3.512,bar,20.82,1740.0,20736.0,1
2026-06-12 00:00:00,M14,6,OP-02,1,70.97,3.051,3.818,bar,20.15,1769.8,1656.0,0
2026-06-12 00:00:00,M15,93,OP-07,1,72.02,3.96,3.978,bar,20.56,1753.5,12096.0,1
2026-06-12 00:00:00,M16,149,OP-10,1,65.5,3.203,3.769,bar,19.79,1758.3,18816.0,0
2026-06-12 00:00:00,M17,29,OP-05,1,63.48,1.944,4.143,bar,16.98,1769.0,4416.0,0
2026-06-12 00:00:00,M18,145,OP-07,1,76.59,5.019,53.682,psi,23.72,1737.0,18336.0,1
2026-06-12 00:00:00,M19,26,OP-12,1,69.58,3.785,52.678,psi,19.78,1736.0,4056.0,0
2026-06-12 00:00:00,M20,87,OP-10,1,66.99,2.837,58.474,psi,18.84,1765.9,11376.0,0
2026-06-12 00:00:00,M21,148,OP-09,1,65.49,2.291,58.902,psi,18.66,1769.2,18696.0,0
2026-06-12 00:00:00,M22,59,OP-05,1,65.03,,54.214,psi,20.04,1773.5,8016.0,0
2026-06-12 00:00:00,M23,65,OP-12,1,73.33,4.365,52.67,psi,21.54,1741.9,8736.0,1
2026-06-12 00:00:00,M24,54,OP-10,1,64.9,2.466,60.689,psi,18.72,1752.1,7416.0,0
2026-06-12 00:00:00,M25,131,OP-02,1,73.58,4.37,53.4,psi,21.63,1739.8,16656.0,0
2026-06-12 01:00:00,M01,171,OP-06,1,69.71,3.033,4.09,bar,19.19,1763.6,21457.0,0
2026-06-12 01:00:00,M02,115,OP-07,1,70.06,3.699,3.927,bar,20.83,1750.7,14737.0,1
2026-06-12 01:00:00,M03,125,OP-07,1,74.94,4.213,3.739,bar,21.22,1729.1,15937.0,1
2026-06-12 01:00:00,M04,163,OP-09,1,67.65,2.946,4.1,bar,18.75,1754.0,20497.0,0
2026-06-12 01:00:00,M05,107,OP-05,1,62.3,1.818,4.39,bar,17.9,1775.9,13777.0,0
2026-06-12 01:00:00,M06,141,OP-07,1,64.53,2.721,3.902,bar,19.48,1758.0,17857.0,0
2026-06-12 01:00:00,M07,151,OP-10,1,72.94,3.07,3.797,bar,19.61,1765.3,19057.0,0
2026-06-12 01:00:00,M08,45,OP-04,1,65.09,2.363,3.897,bar,17.99,1781.2,6337.0,0
2026-06-12 01:00:00,M09,15,OP-01,1,62.37,2.787,3.84,bar,18.85,1760.9,2737.0,0
2026-06-12 01:00:00,M10,58,OP-08,1,73.78,4.225,3.657,bar,22.19,1749.0,7897.0,0
2026-06-12 01:00:00,M11,55,OP-02,1,64.75,2.183,4.07,bar,18.03,1776.3,7537.0,0
2026-06-12 01:00:00,M12,158,OP-04,1,67.18,2.698,3.831,bar,18.3,1751.7,19897.0,0
2026-06-12 01:00:00,M13,165,OP-07,1,67.35,4.504,3.636,bar,22.45,1733.6,20737.0,1
2026-06-12 01:00:00,M14,6,OP-09,1,69.21,2.614,3.819,bar,19.98,1757.9,1657.0,0
2026-06-12 01:00:00,M15,93,OP-03,1,76.07,3.732,3.786,bar,21.64,1740.8,12097.0,1
2026-06-12 01:00:00,M16,149,OP-11,1,72.87,2.73,4.121,bar,19.97,1754.8,18817.0,0
2026-06-12 01:00:00,M17,29,OP-07,1,59.5,2.175,3.984,bar,16.98,1777.2,4417.0,0
2026-06-12 01:00:00,M18,145,OP-07,1,72.11,,52.148,psi,21.17,1727.6,18337.0,1
2026-06-12 01:00:00,M19,26,OP-12,1,69.72,3.709,54.078,psi,20.3,1751.1,4057.0,0
2026-06-12 01:00:00,M20,87,OP-05,1,61.98,2.554,59.233,psi,19.63,1775.2,11377.0,0
2026-06-12 01:00:00,M21,148,OP-11,1,65.63,2.125,61.427,psi,17.57,1766.5,18697.0,0
2026-06-12 01:00:00,M22,59,OP-10,1,63.98,3.274,58.652,psi,20.5,1752.5,8017.0,0
2026-06-12 01:00:00,M23,65,OP-06,1,78.36,4.311,52.336,psi,21.56,1734.7,8737.0,1
2026-06-12 01:00:00,M24,54,OP-02,1,63.26,2.635,57.955,psi,18.9,1768.3,7417.0,0
2026-06-12 01:00:00,M25,131,OP-05,1,77.63,4.355,52.621,psi,22.49,1736.6,16657.0,0
2026-06-12 02:00:00,M01,171,OP-10,1,66.87,2.742,3.895,bar,20.06,1748.9,21458.0,0
2026-06-12 02:00:00,M02,115,OP-02,1,64.92,3.846,3.831,bar,21.35,1754.7,14738.0,1
2026-06-12 02:00:00,M03,125,OP-02,1,71.99,4.332,3.55,bar,21.37,1732.7,15938.0,1
2026-06-12 02:00:00,M04,163,OP-07,1,65.41,2.772,4.079,bar,18.64,1760.3,20498.0,0
2026-06-12 02:00:00,M05,107,OP-07,1,59.33,1.782,4.058,bar,18.72,1777.9,13778.0,0
2026-06-12 02:00:00,M06,141,OP-10,1,64.97,2.886,3.955,bar,18.34,1757.9,17858.0,0
2026-06-12 02:00:00,M07,151,OP-06,1,67.39,3.301,4.145,bar,19.11,1753.2,19058.0,0
2026-06-12 02:00:00,M08,45,OP-10,1,63.13,2.492,4.001,bar,20.58,1788.7,6338.0,0
2026-06-12 02:00:00,M09,15,OP-03,1,67.73,3.058,3.891,bar,20.1,1774.9,2738.0,0
2026-06-12 02:00:00,M10,58,OP-11,1,73.2,4.194,3.528,bar,21.14,1747.4,7898.0,0
2026-06-12 02:00:00,M11,55,OP-04,1,66.03,2.002,3.849,bar,17.79,1789.5,7538.0,0
2026-06-12 02:00:00,M12,158,OP-09,1,66.56,2.891,4.025,bar,18.69,1771.7,19898.0,0
2026-06-12 02:00:00,M13,165,OP-04,1,77.0,4.674,3.264,bar,21.85,1752.2,20738.0,1
2026-06-12 02:00:00,M14,6,OP-04,1,63.06,2.949,4.01,bar,20.38,1764.2,1658.0,0
2026-06-12 02:00:00,M15,93,OP-07,1,70.95,3.734,3.616,bar,20.53,1750.8,12098.0,1
2026-06-12 02:00:00,M16,149,OP-01,1,61.79,2.989,3.949,bar,20.24,1748.6,18818.0,0
2026-06-12 02:00:00,M17,29,OP-05,1,64.28,1.971,4.196,bar,18.24,1761.2,4418.0,0
2026-06-12 02:00:00,M18,145,OP-07,1,73.78,4.692,51.377,psi,22.03,1734.2,18338.0,1
2026-06-12 02:00:00,M19,26,OP-12,1,70.56,3.729,52.849,psi,21.02,1753.3,4058.0,0
2026-06-12 02:00:00,M20,87,OP-09,1,65.02,2.819,58.895,psi,18.86,1776.5,11378.0,0
2026-06-12 02:00:00,M21,148,OP-07,1,61.28,2.272,61.524,psi,18.97,1765.2,18698.0,0
2026-06-12 02:00:00,M22,59,OP-04,1,66.21,3.149,57.185,psi,19.99,1755.3,8018.0,0
2026-06-12 02:00:00,M23,65,OP-07,1,78.13,4.374,52.434,psi,21.96,1738.8,8738.0,1
2026-06-12 02:00:00,M24,54,OP-07,1,63.82,2.679,60.229,psi,19.03,1760.2,7418.0,0
2026-06-12 02:00:00,M25,131,OP-07,1,74.97,4.637,52.946,psi,21.34,1745.8,16658.0,0
2026-06-12 03:00:00,M01,171,OP-07,1,63.7,2.836,3.765,bar,19.36,1773.2,21459.0,0
2026-06-12 03:00:00,M02,115,OP-11,1,74.64,,3.529,bar,20.51,1731.1,14739.0,1
2026-06-12 03:00:00,M03,125,OP-07,1,72.93,,3.443,bar,22.09,1748.5,15939.0,1
2026-06-12 03:00:00,M04,163,OP-11,1,70.2,3.136,3.941,bar,20.2,1756.3,20499.0,0
2026-06-12 03:00:00,M05,107,OP-01,1,58.22,1.842,4.103,bar,17.62,1779.2,13779.0,0
2026-06-12 03:00:00,M06,141,OP-02,1,66.29,2.839,4.148,bar,20.11,1759.8,17859.0,0
2026-06-12 03:00:00,M07,151,OP-06,1,64.09,3.303,3.877,bar,19.13,1746.5,19059.0,0
2026-06-12 03:00:00,M08,45,OP-04,1,62.17,2.432,4.372,bar,18.46,1756.0,6339.0,0
2026-06-12 03:00:00,M09,15,OP-07,1,64.9,2.834,3.868,bar,19.2,1762.9,2739.0,0
2026-06-12 03:00:00,M10,58,OP-04,1,72.27,4.372,3.88,bar,21.84,1732.9,7899.0,0
2026-06-12 03:00:00,M11,55,OP-09,1,65.18,2.122,4.138,bar,18.54,1784.9,7539.0,0
2026-06-12 03:00:00,M12,158,OP-07,1,62.61,2.761,3.791,bar,19.98,1768.6,19899.0,0
2026-06-12 03:00:00,M13,165,OP-07,1,71.1,4.404,3.626,bar,21.57,1744.7,20739.0,1
2026-06-12 03:00:00,M14,6,OP-12,1,63.3,2.901,4.127,bar,19.91,1754.2,1659.0,0
2026-06-12 03:00:00,M15,93,OP-07,1,74.34,4.056,3.778,bar,21.36,1735.5,12099.0,1
2026-06-12 03:00:00,M16,149,OP-06,1,65.23,3.064,3.697,bar,19.84,1755.4,18819.0,0
2026-06-12 03:00:00,M17,29,OP-07,1,58.59,2.223,4.055,bar,18.1,1779.1,4419.0,0
2026-06-12 03:00:00,M18,145,OP-07,1,73.13,4.453,53.546,psi,21.51,1738.6,18339.0,1
2026-06-12 03:00:00,M19,26,OP-11,1,69.19,3.525,53.343,psi,21.1,1738.4,4059.0,0
2026-06-12 03:00:00,M20,87,OP-04,1,63.92,2.693,56.819,psi,19.13,1784.7,11379.0,0
2026-06-12 03:00:00,M21,148,OP-09,1,62.24,2.107,58.067,psi,17.64,1769.6,18699.0,0
2026-06-12 03:00:00,M22,59,OP-08,1,68.52,3.347,56.102,psi,19.54,1764.3,8019.0,0
2026-06-12 03:00:00,M23,65,OP-05,1,74.75,4.484,52.183,psi,21.54,1729.1,8739.0,1
2026-06-12 03:00:00,M24,54,OP-07,1,73.61,2.515,59.818,psi,18.3,1763.4,7419.0,0
2026-06-12 03:00:00,M25,131,OP-07,1,70.39,4.489,50.325,psi,21.64,1751.8,16659.0,0
2026-06-12 04:00:00,M01,171,OP-07,1,68.19,2.944,3.899,bar,18.92,1764.1,21460.0,0
2026-06-12 04:00:00,M02,115,OP-07,1,72.92,3.752,3.57,bar,20.05,1749.7,14740.0,1
2026-06-12 04:00:00,M03,125,OP-07,1,76.43,,3.594,bar,21.22,1719.0,15940.0,1
2026-06-12 04:00:00,M04,163,OP-03,1,68.09,3.096,3.957,bar,18.69,1758.4,20500.0,0
2026-06-12 04:00:00,M05,107,OP-05,1,62.64,2.365,4.128,bar,17.47,1784.4,13780.0,0
2026-06-12 04:00:00,M06,141,OP-05,1,68.71,2.76,4.017,bar,19.55,1765.0,17860.0,0
2026-06-12 04:00:00,M07,151,OP-09,1,69.68,3.174,3.895,bar,20.38,1761.0,19060.0,0
2026-06-12 04:00:00,M08,45,OP-08,1,60.79,2.131,3.726,bar,19.04,1771.2,6340.0,0
2026-06-12 04:00:00,M09,15,OP-04,1,67.89,2.87,3.867,bar,20.23,1755.6,2740.0,0
2026-06-12 04:00:00,M10,58,OP-08,1,82.01,,3.77,bar,22.06,1746.1,7900.0,0
2026-06-12 04:00:00,M11,55,OP-07,1,66.96,1.982,4.21,bar,18.58,1770.2,7540.0,0
2026-06-12 04:00:00,M12,158,OP-07,1,71.46,2.988,3.872,bar,19.13,1772.3,19900.0,0
2026-06-12 04:00:00,M13,165,OP-07,1,76.57,4.429,3.574,bar,21.97,1735.0,20740.0,1
2026-06-12 04:00:00,M14,6,OP-05,1,67.97,2.849,3.869,bar,19.05,1776.7,1660.0,0
2026-06-12 04:00:00,M15,93,OP-07,1,68.94,3.689,3.697,bar,21.58,1750.7,12100.0,1
2026-06-12 04:00:00,M16,149,OP-08,1,66.49,3.066,3.988,bar,19.55,1761.7,18820.0,0
2026-06-12 04:00:00,M17,29,OP-08,1,64.82,2.384,3.898,bar,19.27,1764.5,4420.0,0
2026-06-12 04:00:00,M18,145,OP-07,1,71.14,4.698,52.413,psi,21.38,1731.7,18340.0,1
2026-06-12 04:00:00,M19,26,OP-11,1,77.49,,52.613,psi,21.34,1756.5,4060.0,0
2026-06-12 04:00:00,M20,87,OP-09,1,59.72,2.592,53.637,psi,19.34,1763.3,11380.0,0
2026-06-12 04:00:00,M21,148,OP-08,1,61.12,2.15,56.785,psi,18.99,1769.8,18700.0,0
2026-06-12 04:00:00,M22,59,OP-08,1,64.28,3.157,55.914,psi,19.59,1746.9,8020.0,0
2026-06-12 04:00:00,M23,65,OP-10,1,76.81,,52.387,psi,20.91,1742.9,8740.0,1
2026-06-12 04:00:00,M24,54,OP-08,1,63.78,2.595,59.641,psi,19.35,1763.7,7420.0,0
2026-06-12 04:00:00,M25,131,OP-03,1,71.07,4.567,51.923,psi,20.61,1727.6,16660.0,0
2026-06-12 05:00:00,M01,171,OP-12,1,70.76,3.1,3.968,bar,19.69,1756.7,21461.0,0
2026-06-12 05:00:00,M02,115,OP-07,1,65.05,3.754,3.721,bar,21.99,1752.9,14741.0,1
2026-06-12 05:00:00,M03,125,OP-01,1,73.39,4.088,3.694,bar,21.41,1723.4,15941.0,0
2026-06-12 05:00:00,M04,163,OP-07,1,67.02,3.157,3.907,bar,19.47,1753.4,20501.0,0
2026-06-12 05:00:00,M05,107,OP-03,1,67.05,1.996,4.139,bar,17.19,1776.1,13781.0,0
2026-06-12 05:00:00,M06,141,OP-05,1,65.0,2.843,3.823,bar,18.99,1766.7,17861.0,0
2026-06-12 05:00:00,M07,151,OP-10,1,65.32,3.311,3.699,bar,20.22,1746.4,19061.0,0
2026-06-12 05:00:00,M08,45,OP-09,1,66.53,2.621,4.012,bar,18.7,1773.9,6341.0,0
2026-06-12 05:00:00,M09,15,OP-09,1,69.12,2.858,3.834,bar,19.31,1754.3,2741.0,0
2026-06-12 05:00:00,M10,58,OP-06,1,77.12,,3.554,bar,21.52,1750.2,7901.0,0
2026-06-12 05:00:00,M11,55,OP-07,1,58.36,2.105,4.135,bar,17.98,1768.8,7541.0,0
2026-06-12 05:00:00,M12,158,OP-08,1,68.63,2.939,4.012,bar,21.12,1766.2,19901.0,0
2026-06-12 05:00:00,M13,165,OP-07,1,74.19,4.68,3.531,bar,21.89,1741.9,20741.0,1
2026-06-12 05:00:00,M14,6,OP-03,1,68.73,3.186,3.927,bar,20.6,1762.3,1661.0,0
2026-06-12 05:00:00,M15,93,OP-07,1,71.22,3.834,3.79,bar,20.58,1758.4,12101.0,1
2026-06-12 05:00:00,M16,149,OP-11,1,64.07,2.821,3.866,bar,19.79,1769.0,18821.0,0
2026-06-12 05:00:00,M17,29,OP-12,1,62.38,2.076,4.019,bar,18.01,1775.5,4421.0,0
2026-06-12 05:00:00,M18,145,OP-07,1,75.28,4.682,51.729,psi,22.01,1736.0,18341.0,1
2026-06-12 05:00:00,M19,26,OP-07,1,71.44,3.699,57.489,psi,20.6,1739.5,4061.0,0
2026-06-12 05:00:00,M20,87,OP-07,1,65.06,2.787,55.261,psi,17.83,1761.8,11381.0,0
2026-06-12 05:00:00,M21,148,OP-03,1,63.36,2.247,58.586,psi,18.29,1770.0,18701.0,0
2026-06-12 05:00:00,M22,59,OP-12,1,69.93,3.191,54.876,psi,20.13,1757.9,8021.0,0
2026-06-12 05:00:00,M23,65,OP-07,1,73.43,4.389,49.47,psi,21.44,1744.8,8741.0,1
2026-06-12 05:00:00,M24,54,OP-06,1,66.6,2.429,56.802,psi,19.23,1768.7,7421.0,0
2026-06-12 05:00:00,M25,131,OP-02,1,77.62,4.638,50.563,psi,21.86,1740.1,16661.0,0
2026-06-12 06:00:00,M01,171,OP-02,1,65.09,2.915,4.047,bar,19.03,1762.9,21462.0,0
2026-06-12 06:00:00,M02,115,OP-09,1,67.8,3.695,3.617,bar,22.38,1737.4,14742.0,1
2026-06-12 06:00:00,M03,125,OP-06,1,59.84,2.007,4.011,bar,17.52,1782.5,15942.0,0
2026-06-12 06:00:00,M04,163,OP-07,1,61.84,2.884,3.842,bar,19.75,1753.8,20502.0,0
2026-06-12 06:00:00,M05,107,OP-06,1,60.35,2.159,4.172,bar,17.84,1780.7,13782.0,0
2026-06-12 06:00:00,M06,141,OP-12,1,66.11,2.949,3.982,bar,19.75,1762.5,17862.0,0
2026-06-12 06:00:00,M07,151,OP-01,1,71.24,3.203,3.797,bar,20.18,1745.0,19062.0,0
2026-06-12 06:00:00,M08,45,OP-11,1,64.12,2.341,4.295,bar,19.04,1765.1,6342.0,0
2026-06-12 06:00:00,M09,15,OP-05,1,61.09,3.275,3.969,bar,19.51,1755.1,2742.0,0
2026-06-12 06:00:00,M10,58,OP-12,1,72.5,4.232,3.468,bar,22.72,1731.0,7902.0,0
2026-06-12 06:00:00,M11,55,OP-05,1,62.8,2.192,4.018,bar,19.41,1782.6,7542.0,0
2026-06-12 06:00:00,M12,158,OP-04,1,61.92,2.674,3.524,bar,18.67,1761.2,19902.0,0
2026-06-12 06:00:00,M13,165,OP-07,1,74.62,4.227,3.642,bar,21.95,1734.9,20742.0,1
2026-06-12 06:00:00,M14,6,OP-09,1,64.94,3.134,3.888,bar,18.64,1764.2,1662.0,0
2026-06-12 06:00:00,M15,93,OP-03,1,68.0,3.843,3.714,bar,20.87,1734.4,12102.0,1
2026-06-12 06:00:00,M16,149,OP-07,1,68.1,3.314,4.11,bar,18.61,1758.0,18822.0,0
2026-06-12 06:00:00,M17,29,OP-11,1,60.48,2.17,3.864,bar,19.3,1772.4,4422.0,0
2026-06-12 06:00:00,M18,145,OP-07,1,76.71,4.23,54.333,psi,22.5,1733.1,18342.0,1
2026-06-12 06:00:00,M19,26,OP-05,1,72.29,3.719,53.919,psi,20.89,1744.7,4062.0,0
2026-06-12 06:00:00,M20,87,OP-07,1,62.54,2.836,56.384,psi,19.37,1756.6,11382.0,0
2026-06-12 06:00:00,M21,148,OP-07,1,61.29,1.834,58.607,psi,17.49,1749.3,18702.0,0
2026-06-12 06:00:00,M22,59,OP-10,1,66.45,3.399,58.599,psi,19.82,1762.2,8022.0,0
2026-06-12 06:00:00,M23,65,OP-07,1,72.57,4.259,51.918,psi,21.22,1745.5,8742.0,1
2026-06-12 06:00:00,M24,54,OP-01,1,64.65,2.884,58.923,psi,19.24,1758.3,7422.0,0
2026-06-12 06:00:00,M25,131,OP-09,1,77.47,4.671,52.723,psi,22.16,1738.0,16662.0,0
2026-06-12 07:00:00,M01,171,OP-07,1,70.14,2.909,3.927,bar,20.13,1758.7,21463.0,0
2026-06-12 07:00:00,M02,115,OP-04,1,76.0,,3.749,bar,21.03,1762.2,14743.0,1
2026-06-12 07:00:00,M03,125,OP-07,1,57.09,2.175,4.262,bar,18.21,1771.6,15943.0,0
2026-06-12 07:00:00,M04,163,OP-03,1,68.48,2.81,3.995,bar,20.0,1775.5,20503.0,0
2026-06-12 07:00:00,M05,107,OP-01,1,61.36,1.787,4.117,bar,18.26,1772.3,13783.0,0
2026-06-12 07:00:00,M06,141,OP-08,1,69.61,2.991,4.055,bar,19.13,1771.8,17863.0,0
2026-06-12 07:00:00,M07,151,OP-07,1,67.63,3.248,3.762,bar,19.73,1754.6,19063.0,0
2026-06-12 07:00:00,M08,45,OP-02,1,66.53,2.487,3.919,bar,19.1,1768.3,6343.0,0
2026-06-12 07:00:00,M09,15,OP-11,1,69.15,2.857,4.002,bar,18.48,1750.2,2743.0,0
2026-06-12 07:00:00,M10,58,OP-05,1,75.51,4.394,3.765,bar,21.96,1748.8,7903.0,0
2026-06-12 07:00:00,M11,55,OP-10,1,59.42,2.333,4.199,bar,17.87,1782.6,7543.0,0
2026-06-12 07:00:00,M12,158,OP-01,1,63.73,3.016,4.259,bar,19.93,1760.8,19903.0,0
2026-06-12 07:00:00,M13,165,OP-01,1,71.05,4.427,3.731,bar,21.86,1733.4,20743.0,1
2026-06-12 07:00:00,M14,6,OP-10,1,69.72,3.201,3.912,bar,19.37,1763.1,1663.0,0
2026-06-12 07:00:00,M15,93,OP-07,1,72.19,,3.95,bar,20.7,1737.9,12103.0,1
2026-06-12 07:00:00,M16,149,OP-11,1,67.12,3.144,4.069,bar,19.12,1747.2,18823.0,0
2026-06-12 07:00:00,M17,29,OP-08,1,60.19,2.21,4.252,bar,18.41,1776.8,4423.0,0
2026-06-12 07:00:00,M18,145,OP-09,1,75.05,4.58,52.317,psi,23.21,1746.3,18343.0,1
2026-06-12 07:00:00,M19,26,OP-12,1,67.49,3.665,58.238,psi,21.13,1745.0,4063.0,0
2026-06-12 07:00:00,M20,87,OP-06,1,65.53,3.046,54.396,psi,19.47,1768.5,11383.0,0
2026-06-12 07:00:00,M21,148,OP-02,1,62.97,2.009,59.368,psi,18.4,1757.4,18703.0,0
2026-06-12 07:00:00,M22,59,OP-04,1,66.37,3.336,57.319,psi,19.83,1756.0,8023.0,0
2026-06-12 07:00:00,M23,65,OP-07,1,74.47,,56.393,psi,21.16,1729.1,8743.0,1
2026-06-12 07:00:00,M24,54,OP-07,1,68.72,2.586,58.989,psi,18.32,1755.4,7423.0,0
2026-06-12 07:00:00,M25,131,OP-03,1,75.95,4.864,51.526,psi,23.05,1738.2,16663.0,0
2026-06-12 08:00:00,M01,171,OP-02,2,65.97,2.844,3.912,bar,19.98,1755.4,21464.0,0
2026-06-12 08:00:00,M02,115,OP-07,2,72.26,3.998,4.081,bar,20.7,1741.1,14744.0,1
2026-06-12 08:00:00,M03,125,OP-12,2,61.81,,4.017,bar,17.72,1781.0,15944.0,0
2026-06-12 08:00:00,M04,163,OP-12,2,72.41,3.174,4.059,bar,19.51,1780.4,20504.0,0
2026-06-12 08:00:00,M05,107,OP-01,2,60.57,2.014,4.234,bar,18.87,1773.3,13784.0,0
2026-06-12 08:00:00,M06,141,OP-08,2,63.02,3.118,4.023,bar,19.29,1746.9,17864.0,0
2026-06-12 08:00:00,M07,151,OP-03,2,67.59,3.227,4.056,bar,20.76,1752.8,19064.0,0
2026-06-12 08:00:00,M08,45,OP-11,2,66.76,2.116,3.896,bar,18.25,1764.2,6344.0,0
2026-06-12 08:00:00,M09,15,OP-06,2,68.45,2.725,4.114,bar,19.68,1757.0,2744.0,0
2026-06-12 08:00:00,M10,58,OP-02,2,69.1,4.339,3.538,bar,21.23,1748.5,7904.0,0
2026-06-12 08:00:00,M11,55,OP-01,2,61.4,1.889,4.113,bar,18.41,1774.0,7544.0,0
2026-06-12 08:00:00,M12,158,OP-07,2,61.75,2.706,4.168,bar,20.06,1768.7,19904.0,0
2026-06-12 08:00:00,M13,165,OP-07,2,74.83,,3.761,bar,21.82,1748.5,20744.0,1
2026-06-12 08:00:00,M14,6,OP-11,2,70.28,2.966,3.924,bar,18.79,1768.9,1664.0,0
2026-06-12 08:00:00,M15,93,OP-07,2,67.87,3.804,3.731,bar,20.97,1754.4,12104.0,1
2026-06-12 08:00:00,M16,149,OP-11,2,69.23,2.929,4.088,bar,19.86,1766.1,18824.0,0
2026-06-12 08:00:00,M17,29,OP-04,2,63.47,2.077,4.217,bar,18.55,1783.2,4424.0,0
2026-06-12 08:00:00,M18,145,OP-07,2,70.54,,52.051,psi,21.85,1725.4,18344.0,1
2026-06-12 08:00:00,M19,26,OP-03,2,72.23,,54.974,psi,21.32,1740.4,4064.0,0
2026-06-12 08:00:00,M20,87,OP-08,2,62.62,2.571,57.391,psi,20.05,1763.3,11384.0,0
2026-06-12 08:00:00,M21,148,OP-06,2,57.99,2.239,59.807,psi,17.79,1764.8,18704.0,0
2026-06-12 08:00:00,M22,59,OP-02,2,60.75,,54.905,psi,18.72,1766.6,8024.0,0
2026-06-12 08:00:00,M23,65,OP-07,2,80.17,,50.311,psi,21.19,1736.0,8744.0,1
2026-06-12 08:00:00,M24,54,OP-08,2,68.1,2.802,61.968,psi,19.79,1755.8,7424.0,0
2026-06-12 08:00:00,M25,131,OP-03,2,72.68,4.408,52.091,psi,22.23,1732.7,16664.0,0
2026-06-12 09:00:00,M01,171,OP-08,2,65.87,3.177,4.125,bar,19.45,1765.4,21465.0,0
2026-06-12 09:00:00,M02,115,OP-07,2,68.25,,4.125,bar,21.5,1766.6,14745.0,1
2026-06-12 09:00:00,M03,125,OP-11,2,62.68,2.219,4.063,bar,17.45,1774.6,15945.0,0
2026-06-12 09:00:00,M04,163,OP-05,2,60.35,2.982,3.712,bar,19.01,1758.4,20505.0,0
2026-06-12 09:00:00,M05,107,OP-07,2,60.82,2.084,4.148,bar,17.65,1781.6,13785.0,0
2026-06-12 09:00:00,M06,141,OP-06,2,59.21,2.755,3.969,bar,19.44,1758.2,17865.0,0
2026-06-12 09:00:00,M07,151,OP-06,2,65.85,3.235,3.971,bar,20.08,1766.3,19065.0,0
2026-06-12 09:00:00,M08,45,OP-04,2,67.64,2.343,4.095,bar,17.85,1767.2,6345.0,0
2026-06-12 09:00:00,M09,15,OP-12,2,68.88,2.837,4.123,bar,19.26,1745.4,2745.0,0
2026-06-12 09:00:00,M10,58,OP-01,2,69.69,4.376,3.663,bar,21.45,1742.0,7905.0,0
2026-06-12 09:00:00,M11,55,OP-10,2,65.36,2.03,4.281,bar,17.73,1777.0,7545.0,0
2026-06-12 09:00:00,M12,158,OP-02,2,64.53,2.89,4.106,bar,19.37,1766.2,19905.0,0
2026-06-12 09:00:00,M13,165,OP-07,2,68.51,4.053,3.556,bar,21.85,1732.7,20745.0,1
2026-06-12 09:00:00,M14,6,OP-01,2,65.68,2.967,4.194,bar,18.5,1760.7,1665.0,0
2026-06-12 09:00:00,M15,93,OP-07,2,66.65,3.785,3.845,bar,21.64,1737.5,12105.0,1
2026-06-12 09:00:00,M16,149,OP-09,2,67.68,2.995,4.025,bar,18.82,1768.0,18825.0,0
2026-06-12 09:00:00,M17,29,OP-02,2,56.54,1.883,4.235,bar,19.35,1770.7,4425.0,0
2026-06-12 09:00:00,M18,145,OP-07,2,71.44,,51.874,psi,21.75,1734.2,18345.0,1
2026-06-12 09:00:00,M19,26,OP-06,2,60.25,3.854,51.45,psi,19.84,1751.1,4065.0,0
2026-06-12 09:00:00,M20,87,OP-10,2,59.08,2.646,60.683,psi,19.73,1766.5,11385.0,0
2026-06-12 09:00:00,M21,148,OP-05,2,66.42,2.423,59.904,psi,17.31,1770.6,18705.0,0
2026-06-12 09:00:00,M22,59,OP-08,2,66.85,3.25,58.849,psi,18.84,1756.6,8025.0,0
2026-06-12 09:00:00,M23,65,OP-07,2,68.89,4.55,55.392,psi,22.99,1747.7,8745.0,1
2026-06-12 09:00:00,M24,54,OP-11,2,63.4,2.615,59.588,psi,17.84,1769.1,7425.0,0
2026-06-12 09:00:00,M25,131,OP-11,2,71.92,4.703,53.336,psi,20.47,1739.8,16665.0,0
2026-06-12 10:00:00,M01,171,OP-11,2,71.75,3.101,3.866,bar,19.79,1757.6,21466.0,0
2026-06-12 10:00:00,M02,115,OP-07,2,63.04,4.025,3.761,bar,20.18,1753.1,14746.0,1
2026-06-12 10:00:00,M03,125,OP-10,2,70.4,2.03,4.086,bar,18.13,1770.8,15946.0,0
2026-06-12 10:00:00,M04,163,OP-07,2,65.2,2.628,3.819,bar,20.01,1760.4,20506.0,0
2026-06-12 10:00:00,M05,107,OP-07,2,59.03,1.689,4.155,bar,18.32,1783.7,13786.0,0
2026-06-12 10:00:00,M06,141,OP-07,2,62.78,2.857,3.94,bar,19.78,1762.3,17866.0,0
2026-06-12 10:00:00,M07,151,OP-07,2,68.46,3.214,3.822,bar,19.27,1752.2,19066.0,0
2026-06-12 10:00:00,M08,45,OP-06,2,67.16,2.54,4.177,bar,18.77,1765.2,6346.0,0
2026-06-12 10:00:00,M09,15,OP-07,2,64.61,3.083,3.891,bar,19.17,1760.9,2746.0,0
2026-06-12 10:00:00,M10,58,OP-07,2,71.7,4.165,3.717,bar,21.56,1743.9,7906.0,0
2026-06-12 10:00:00,M11,55,OP-11,2,63.74,2.205,4.114,bar,17.07,1785.5,7546.0,0
2026-06-12 10:00:00,M12,158,OP-11,2,66.78,2.839,3.973,bar,19.51,1767.5,19906.0,0
2026-06-12 10:00:00,M13,165,OP-07,2,79.12,4.663,3.561,bar,22.38,1744.6,20746.0,1
2026-06-12 10:00:00,M14,6,OP-10,2,65.26,2.825,3.922,bar,20.04,1761.9,1666.0,0
2026-06-12 10:00:00,M15,93,OP-10,2,66.83,3.817,3.618,bar,21.81,1734.1,12106.0,1
2026-06-12 10:00:00,M16,149,OP-03,2,70.1,2.967,4.108,bar,19.63,1762.3,18826.0,0
2026-06-12 10:00:00,M17,29,OP-04,2,62.28,2.234,4.133,bar,17.8,1775.4,4426.0,0
2026-06-12 10:00:00,M18,145,OP-11,2,74.64,4.447,51.441,psi,22.2,1743.7,18346.0,1
2026-06-12 10:00:00,M19,26,OP-05,2,69.41,3.978,54.98,psi,19.58,1745.7,4066.0,0
2026-06-12 10:00:00,M20,87,OP-03,2,66.14,2.874,58.207,psi,19.61,1750.0,11386.0,0
2026-06-12 10:00:00,M21,148,OP-12,2,60.81,1.976,59.201,psi,18.21,1790.4,18706.0,0
2026-06-12 10:00:00,M22,59,OP-01,2,64.73,3.23,57.127,psi,19.58,1750.9,8026.0,0
2026-06-12 10:00:00,M23,65,OP-03,2,75.18,4.602,52.066,psi,22.0,1741.2,8746.0,1
2026-06-12 10:00:00,M24,54,OP-09,2,68.01,2.568,58.258,psi,19.6,1757.2,7426.0,0
2026-06-12 10:00:00,M25,131,OP-09,2,78.07,,54.437,psi,21.74,1742.0,16666.0,0
2026-06-12 11:00:00,M01,171,OP-08,2,70.77,2.934,4.068,bar,19.77,1749.8,21467.0,0
2026-06-12 11:00:00,M02,115,OP-07,2,73.33,3.787,3.861,bar,20.71,1754.4,14747.0,1
2026-06-12 11:00:00,M03,125,OP-11,2,56.42,1.94,4.375,bar,16.81,1780.1,15947.0,0
2026-06-12 11:00:00,M04,163,OP-09,2,61.97,3.084,4.068,bar,19.79,1746.0,20507.0,0
2026-06-12 11:00:00,M05,107,OP-01,2,59.29,,4.08,bar,17.68,1777.7,13787.0,0
2026-06-12 11:00:00,M06,141,OP-12,2,65.99,3.034,3.922,bar,20.59,1758.8,17867.0,0
2026-06-12 11:00:00,M07,151,OP-11,2,68.0,3.437,3.884,bar,19.05,1737.5,19067.0,0
2026-06-12 11:00:00,M08,45,OP-09,2,65.06,2.569,4.094,bar,19.33,1778.0,6347.0,0
2026-06-12 11:00:00,M09,15,OP-12,2,65.43,3.058,3.962,bar,19.54,1760.6,2747.0,0
2026-06-12 11:00:00,M10,58,OP-11,2,74.67,4.418,3.802,bar,22.09,1736.6,7907.0,0
2026-06-12 11:00:00,M11,55,OP-08,2,64.89,2.17,4.147,bar,16.81,1787.6,7547.0,0
2026-06-12 11:00:00,M12,158,OP-10,2,74.23,2.77,4.015,bar,18.54,1766.1,19907.0,0
2026-06-12 11:00:00,M13,165,OP-07,2,77.22,4.59,3.567,bar,21.48,1743.6,20747.0,1
2026-06-12 11:00:00,M14,6,OP-04,2,62.43,3.175,3.75,bar,19.76,1764.0,1667.0,0
2026-06-12 11:00:00,M15,93,OP-07,2,71.71,,3.605,bar,21.3,1746.4,12107.0,1
2026-06-12 11:00:00,M16,149,OP-11,2,69.64,3.21,4.029,bar,19.18,1765.2,18827.0,0
2026-06-12 11:00:00,M17,29,OP-07,2,58.2,2.391,4.235,bar,18.25,1785.8,4427.0,0
2026-06-12 11:00:00,M18,145,OP-07,2,69.83,4.604,48.573,psi,23.82,1733.8,18347.0,1
2026-06-12 11:00:00,M19,26,OP-09,2,64.87,3.768,56.544,psi,20.35,1749.8,4067.0,0
2026-06-12 11:00:00,M20,87,OP-07,2,67.14,2.746,57.675,psi,18.99,1769.3,11387.0,0
2026-06-12 11:00:00,M21,148,OP-10,2,60.03,2.076,60.573,psi,18.03,1768.1,18707.0,0
2026-06-12 11:00:00,M22,59,OP-09,2,65.29,3.087,57.737,psi,20.68,1747.2,8027.0,0
2026-06-12 11:00:00,M23,65,OP-07,2,76.49,4.398,55.262,psi,22.14,1741.6,8747.0,1
2026-06-12 11:00:00,M24,54,OP-01,2,62.86,2.382,60.294,psi,19.75,1771.1,7427.0,0
2026-06-12 11:00:00,M25,131,OP-04,2,82.04,,50.37,psi,21.59,1737.0,16667.0,0
2026-06-12 12:00:00,M01,171,OP-05,2,63.49,2.744,4.048,bar,19.28,1756.0,21468.0,0
2026-06-12 12:00:00,M02,115,OP-11,2,74.81,,3.87,bar,20.01,1748.8,14748.0,1
2026-06-12 12:00:00,M03,125,OP-03,2,60.97,2.087,4.236,bar,16.87,1769.0,15948.0,0
2026-06-12 12:00:00,M04,163,OP-02,2,71.63,2.804,4.105,bar,20.18,1756.3,20508.0,0
2026-06-12 12:00:00,M05,107,OP-04,2,65.73,1.717,4.082,bar,18.34,1790.7,13788.0,0
2026-06-12 12:00:00,M06,141,OP-03,2,71.14,2.934,3.82,bar,19.53,1774.0,17868.0,0
2026-06-12 12:00:00,M07,151,OP-01,2,67.02,3.188,3.855,bar,19.8,1762.2,19068.0,0
2026-06-12 12:00:00,M08,45,OP-06,2,68.92,2.324,3.903,bar,19.5,1765.8,6348.0,0
2026-06-12 12:00:00,M09,15,OP-10,2,63.62,2.954,3.981,bar,19.48,1749.0,2748.0,0
2026-06-12 12:00:00,M10,58,OP-12,2,77.68,4.206,3.659,bar,21.93,1740.8,7908.0,0
2026-06-12 12:00:00,M11,55,OP-07,2,62.21,1.891,4.204,bar,18.3,1775.3,7548.0,0
2026-06-12 12:00:00,M12,158,OP-07,2,71.79,2.712,4.014,bar,19.26,1759.0,19908.0,0
2026-06-12 12:00:00,M13,165,OP-09,2,72.66,,3.588,bar,21.61,1743.8,20748.0,1
2026-06-12 12:00:00,M14,6,OP-04,2,66.43,2.905,3.982,bar,20.37,1767.7,1668.0,0
2026-06-12 12:00:00,M15,93,OP-10,2,75.3,3.645,3.771,bar,21.49,1761.8,12108.0,1
2026-06-12 12:00:00,M16,149,OP-02,2,68.4,2.819,4.031,bar,20.05,1748.8,18828.0,0
2026-06-12 12:00:00,M17,29,OP-08,2,57.63,2.176,4.397,bar,18.26,1768.1,4428.0,0
2026-06-12 12:00:00,M18,145,OP-07,2,72.81,4.355,52.319,psi,21.81,1752.2,18348.0,1
2026-06-12 12:00:00,M19,26,OP-05,2,67.32,3.938,55.908,psi,20.42,1748.3,4068.0,0
2026-06-12 12:00:00,M20,87,OP-10,2,64.59,2.922,56.696,psi,19.47,1761.6,11388.0,0
2026-06-12 12:00:00,M21,148,OP-06,2,65.69,2.386,61.273,psi,18.34,1777.2,18708.0,0
2026-06-12 12:00:00,M22,59,OP-01,2,67.74,2.97,55.696,psi,19.57,1753.8,8028.0,0
2026-06-12 12:00:00,M23,65,OP-07,2,71.34,4.531,51.418,psi,21.93,1738.7,8748.0,1
2026-06-12 12:00:00,M24,54,OP-07,2,64.2,2.601,59.082,psi,18.5,1770.4,7428.0,0
2026-06-12 12:00:00,M25,131,OP-07,2,72.62,4.343,52.073,psi,21.94,1741.1,16668.0,0
2026-06-12 13:00:00,M01,171,OP-07,2,62.91,2.841,3.784,bar,19.99,1760.0,21469.0,0
2026-06-12 13:00:00,M02,115,OP-07,2,71.79,3.886,3.748,bar,21.13,1754.6,14749.0,1
2026-06-12 13:00:00,M03,125,OP-04,2,59.19,2.008,4.182,bar,18.12,1770.1,15949.0,0
2026-06-12 13:00:00,M04,163,OP-07,2,64.23,3.204,3.825,bar,18.89,1765.6,20509.0,0
2026-06-12 13:00:00,M05,107,OP-07,2,56.36,1.752,4.226,bar,17.11,1770.7,13789.0,0
2026-06-12 13:00:00,M06,141,OP-01,2,61.65,3.067,4.016,bar,18.95,1760.2,17869.0,0
2026-06-12 13:00:00,M07,151,OP-01,2,73.88,3.304,3.69,bar,21.26,1759.3,19069.0,0
2026-06-12 13:00:00,M08,45,OP-07,2,64.11,2.547,4.277,bar,19.16,1760.8,6349.0,0
2026-06-12 13:00:00,M09,15,OP-07,2,65.58,3.339,3.813,bar,19.25,1760.4,2749.0,0
2026-06-12 13:00:00,M10,58,OP-11,2,77.05,4.215,3.896,bar,21.08,1733.1,7909.0,0
2026-06-12 13:00:00,M11,55,OP-07,2,62.07,2.134,4.04,bar,17.66,1780.4,7549.0,0
2026-06-12 13:00:00,M12,158,OP-02,2,67.54,2.813,4.122,bar,19.48,1751.5,19909.0,0
2026-06-12 13:00:00,M13,165,OP-07,2,70.13,4.465,3.599,bar,21.97,1736.0,20749.0,1
2026-06-12 13:00:00,M14,6,OP-11,2,69.17,3.011,3.972,bar,19.78,1739.7,1669.0,0
2026-06-12 13:00:00,M15,93,OP-03,2,76.07,3.695,3.721,bar,21.22,1758.6,12109.0,1
2026-06-12 13:00:00,M16,149,OP-08,2,62.33,3.149,3.998,bar,19.22,1753.4,18829.0,0
2026-06-12 13:00:00,M17,29,OP-04,2,59.91,2.166,3.938,bar,17.52,1759.7,4429.0,0
2026-06-12 13:00:00,M18,145,OP-07,2,76.44,4.624,52.468,psi,21.18,1735.1,18349.0,1
2026-06-12 13:00:00,M19,26,OP-04,2,68.64,3.702,55.03,psi,21.17,1733.9,4069.0,0
2026-06-12 13:00:00,M20,87,OP-01,2,62.98,2.798,59.368,psi,19.32,1763.2,11389.0,0
2026-06-12 13:00:00,M21,148,OP-04,2,65.39,2.043,59.947,psi,18.56,1784.4,18709.0,0
2026-06-12 13:00:00,M22,59,OP-05,2,64.75,3.387,57.598,psi,18.56,1755.5,8029.0,0
2026-06-12 13:00:00,M23,65,OP-10,2,73.69,,50.422,psi,22.1,1732.1,8749.0,1
2026-06-12 13:00:00,M24,54,OP-12,2,64.66,2.715,60.549,psi,18.94,1756.9,7429.0,0
2026-06-12 13:00:00,M25,131,OP-04,2,71.51,4.474,52.876,psi,22.86,1737.8,16669.0,0
2026-06-12 14:00:00,M01,171,OP-04,2,62.51,3.052,3.972,bar,19.33,1752.2,21470.0,0
2026-06-12 14:00:00,M02,115,OP-07,2,70.2,4.098,3.585,bar,21.0,1738.2,14750.0,1
2026-06-12 14:00:00,M03,125,OP-04,2,60.16,2.035,4.014,bar,19.02,1776.3,15950.0,0
2026-06-12 14:00:00,M04,163,OP-05,2,63.08,3.162,3.799,bar,20.48,1762.8,20510.0,0
2026-06-12 14:00:00,M05,107,OP-09,2,61.56,1.838,4.133,bar,18.11,1766.6,13790.0,0
2026-06-12 14:00:00,M06,141,OP-07,2,65.5,2.703,3.998,bar,19.66,1750.4,17870.0,0
2026-06-12 14:00:00,M07,151,OP-01,2,69.67,3.308,3.874,bar,19.97,1747.6,19070.0,0
2026-06-12 14:00:00,M08,45,OP-07,2,57.63,2.345,4.091,bar,19.36,1774.4,6350.0,0
2026-06-12 14:00:00,M09,15,OP-07,2,64.17,2.765,3.963,bar,18.22,1774.8,2750.0,0
2026-06-12 14:00:00,M10,58,OP-01,2,75.4,4.299,3.674,bar,21.57,1737.5,7910.0,0
2026-06-12 14:00:00,M11,55,OP-07,2,59.97,2.144,4.11,bar,17.75,1785.4,7550.0,0
2026-06-12 14:00:00,M12,158,OP-11,2,69.98,2.753,3.994,bar,19.54,1766.7,19910.0,0
2026-06-12 14:00:00,M13,165,OP-11,2,76.02,4.599,3.577,bar,22.46,1721.1,20750.0,1
2026-06-12 14:00:00,M14,6,OP-03,2,69.47,2.887,3.968,bar,17.85,1763.0,1670.0,0
2026-06-12 14:00:00,M15,93,OP-04,2,75.47,3.73,3.913,bar,20.99,1758.6,12110.0,1
2026-06-12 14:00:00,M16,149,OP-05,2,67.84,3.117,4.134,bar,19.37,1758.6,18830.0,0
2026-06-12 14:00:00,M17,29,OP-03,2,61.15,2.004,4.219,bar,18.2,1773.9,4430.0,0
2026-06-12 14:00:00,M18,145,OP-01,2,72.24,4.594,49.393,psi,21.68,1727.4,18350.0,1
2026-06-12 14:00:00,M19,26,OP-05,2,69.87,,54.526,psi,22.01,1750.3,4070.0,0
2026-06-12 14:00:00,M20,87,OP-07,2,64.6,2.997,58.277,psi,19.49,1762.4,11390.0,0
2026-06-12 14:00:00,M21,148,OP-07,2,51.8,2.162,59.345,psi,17.9,1773.8,18710.0,0
2026-06-12 14:00:00,M22,59,OP-12,2,72.38,3.19,55.601,psi,20.3,1761.8,8030.0,0
2026-06-12 14:00:00,M23,65,OP-09,2,77.19,4.345,47.662,psi,22.3,1735.9,8750.0,1
2026-06-12 14:00:00,M24,54,OP-06,2,59.37,2.876,58.221,psi,18.65,1775.4,7430.0,0
2026-06-12 14:00:00,M25,131,OP-12,2,78.54,4.635,57.288,psi,21.35,1749.2,16670.0,0
2026-06-12 15:00:00,M01,171,OP-07,2,59.78,2.861,3.873,bar,19.84,1770.9,21471.0,0
2026-06-12 15:00:00,M02,115,OP-10,2,70.19,3.641,3.889,bar,20.63,1739.9,14751.0,1
2026-06-12 15:00:00,M03,125,OP-07,2,64.17,2.259,4.001,bar,17.69,1765.7,15951.0,0
2026-06-12 15:00:00,M04,163,OP-05,2,68.38,2.716,3.761,bar,19.86,1757.6,20511.0,0
2026-06-12 15:00:00,M05,107,OP-02,2,64.11,2.084,4.159,bar,18.23,1785.4,13791.0,0
2026-06-12 15:00:00,M06,141,OP-07,2,70.67,3.032,3.867,bar,19.08,1759.3,17871.0,0
2026-06-12 15:00:00,M07,151,OP-12,2,71.34,3.402,3.863,bar,19.61,1743.3,19071.0,0
2026-06-12 15:00:00,M08,45,OP-08,2,58.37,2.541,4.188,bar,18.48,1763.3,6351.0,0
2026-06-12 15:00:00,M09,15,OP-10,2,61.89,2.882,3.871,bar,19.36,1760.3,2751.0,0
2026-06-12 15:00:00,M10,58,OP-07,2,70.61,,3.836,bar,21.4,1725.1,7911.0,0
2026-06-12 15:00:00,M11,55,OP-11,2,66.56,2.102,4.032,bar,17.42,1777.1,7551.0,0
2026-06-12 15:00:00,M12,158,OP-08,2,67.01,2.783,3.898,bar,18.98,1767.5,19911.0,0
2026-06-12 15:00:00,M13,165,OP-06,2,79.62,4.648,3.641,bar,22.76,1741.9,20751.0,1
2026-06-12 15:00:00,M14,6,OP-06,2,66.27,3.278,4.056,bar,19.21,1756.6,1671.0,0
2026-06-12 15:00:00,M15,93,OP-07,2,74.11,,3.708,bar,21.22,1757.8,12111.0,1
2026-06-12 15:00:00,M16,149,OP-09,2,71.12,3.195,3.894,bar,20.47,1764.9,18831.0,0
2026-06-12 15:00:00,M17,29,OP-09,2,63.35,2.145,4.213,bar,18.74,1770.7,4431.0,0
2026-06-12 15:00:00,M18,145,OP-07,2,79.31,4.769,53.712,psi,21.27,1740.1,18351.0,1
2026-06-12 15:00:00,M19,26,OP-11,2,64.57,,54.129,psi,20.61,1745.6,4071.0,0
2026-06-12 15:00:00,M20,87,OP-04,2,61.75,3.028,56.015,psi,18.99,1772.3,11391.0,0
2026-06-12 15:00:00,M21,148,OP-07,2,59.15,2.354,62.2,psi,17.95,1761.4,18711.0,0
2026-06-12 15:00:00,M22,59,OP-05,2,65.67,3.333,60.559,psi,20.29,1747.4,8031.0,0
2026-06-12 15:00:00,M23,65,OP-07,2,71.86,4.57,52.965,psi,23.11,1729.9,8751.0,1
2026-06-12 15:00:00,M24,54,OP-04,2,63.33,2.597,58.704,psi,18.82,1775.1,7431.0,0
2026-06-12 15:00:00,M25,131,OP-02,2,72.57,,52.485,psi,21.69,1731.9,16671.0,0
2026-06-12 16:00:00,M01,171,OP-07,3,65.62,3.107,3.826,bar,18.91,1752.0,21472.0,0
2026-06-12 16:00:00,M02,115,OP-07,3,67.76,4.061,3.738,bar,20.5,1730.6,14752.0,1
2026-06-12 16:00:00,M03,125,OP-11,3,61.84,2.077,4.051,bar,18.16,1763.0,15952.0,0
2026-06-12 16:00:00,M04,163,OP-09,3,67.6,3.062,4.058,bar,19.35,1774.1,20512.0,0
2026-06-12 16:00:00,M05,107,OP-10,3,58.28,2.121,4.095,bar,16.74,1780.2,13792.0,0
2026-06-12 16:00:00,M06,141,OP-08,3,74.07,2.94,3.861,bar,18.87,1768.1,17872.0,0
2026-06-12 16:00:00,M07,151,OP-03,3,73.11,,4.054,bar,19.57,1773.2,19072.0,0
2026-06-12 16:00:00,M08,45,OP-05,3,65.79,2.6,4.043,bar,18.58,1772.2,6352.0,0
2026-06-12 16:00:00,M09,15,OP-11,3,67.39,3.166,3.807,bar,19.48,1760.0,2752.0,0
2026-06-12 16:00:00,M10,58,OP-09,3,79.55,4.608,3.677,bar,21.7,1742.0,7912.0,0
2026-06-12 16:00:00,M11,55,OP-10,3,60.65,2.042,4.084,bar,17.6,1772.0,7552.0,0
2026-06-12 16:00:00,M12,158,OP-07,3,70.03,2.778,4.047,bar,18.32,1759.1,19912.0,0
2026-06-12 16:00:00,M13,165,OP-07,3,77.69,4.434,3.761,bar,22.68,1730.1,20752.0,1
2026-06-12 16:00:00,M14,6,OP-01,3,65.26,2.78,3.917,bar,20.0,1755.9,1672.0,0
2026-06-12 16:00:00,M15,93,OP-12,3,72.43,4.044,3.971,bar,20.97,1752.0,12112.0,1
2026-06-12 16:00:00,M16,149,OP-07,3,65.99,3.165,4.022,bar,19.71,1751.5,18832.0,0
2026-06-12 16:00:00,M17,29,OP-10,3,55.88,2.203,4.196,bar,18.49,1764.2,4432.0,0
2026-06-12 16:00:00,M18,145,OP-07,3,76.14,4.666,54.049,psi,21.34,1715.2,18352.0,1
2026-06-12 16:00:00,M19,26,OP-08,3,65.4,3.777,53.863,psi,21.48,1755.9,4072.0,0
2026-06-12 16:00:00,M20,87,OP-05,3,64.51,2.88,58.64,psi,19.13,1777.4,11392.0,0
2026-06-12 16:00:00,M21,148,OP-03,3,67.84,2.232,59.034,psi,18.88,1758.2,18712.0,0
2026-06-12 16:00:00,M22,59,OP-08,3,68.31,3.404,57.297,psi,20.19,1761.4,8032.0,0
2026-06-12 16:00:00,M23,65,OP-12,3,72.23,4.616,51.354,psi,22.22,1730.6,8752.0,1
2026-06-12 16:00:00,M24,54,OP-05,3,62.26,2.509,60.294,psi,17.82,1759.5,7432.0,0
2026-06-12 16:00:00,M25,131,OP-03,3,76.06,4.291,53.315,psi,22.11,1738.0,16672.0,0
2026-06-12 17:00:00,M01,171,OP-01,3,64.55,3.032,3.719,bar,19.55,1774.7,21473.0,0
2026-06-12 17:00:00,M02,115,OP-07,3,72.25,3.752,3.813,bar,20.0,1750.6,14753.0,1
2026-06-12 17:00:00,M03,125,OP-08,3,59.97,2.11,4.333,bar,17.19,1761.2,15953.0,0
2026-06-12 17:00:00,M04,163,OP-07,3,71.89,3.013,3.95,bar,19.93,1783.4,20513.0,0
2026-06-12 17:00:00,M05,107,OP-02,3,66.47,1.902,3.953,bar,17.72,1771.6,13793.0,0
2026-06-12 17:00:00,M06,141,OP-11,3,68.06,2.967,3.867,bar,18.85,1773.1,17873.0,0
2026-06-12 17:00:00,M07,151,OP-07,3,65.15,3.389,3.905,bar,19.73,1760.0,19073.0,0
2026-06-12 17:00:00,M08,45,OP-07,3,62.05,2.501,4.354,bar,19.16,1783.7,6353.0,0
2026-06-12 17:00:00,M09,15,OP-11,3,67.27,2.971,4.072,bar,19.57,1782.1,2753.0,0
2026-06-12 17:00:00,M10,58,OP-01,3,69.54,4.271,3.641,bar,22.08,1745.3,7913.0,0
2026-06-12 17:00:00,M11,55,OP-12,3,57.77,2.065,4.251,bar,17.8,1778.9,7553.0,0
2026-06-12 17:00:00,M12,158,OP-07,3,71.8,2.596,3.966,bar,19.48,1760.5,19913.0,0
2026-06-12 17:00:00,M13,165,OP-01,3,69.53,4.337,3.595,bar,22.59,1733.6,20753.0,1
2026-06-12 17:00:00,M14,6,OP-03,3,68.21,2.896,3.886,bar,20.23,1748.4,1673.0,0
2026-06-12 17:00:00,M15,93,OP-07,3,69.88,4.297,3.668,bar,20.22,1749.3,12113.0,1
2026-06-12 17:00:00,M16,149,OP-05,3,66.35,3.143,3.805,bar,20.24,1750.8,18833.0,0
2026-06-12 17:00:00,M17,29,OP-04,3,57.76,2.001,4.169,bar,18.25,1774.3,4433.0,0
2026-06-12 17:00:00,M18,145,OP-07,3,73.17,4.411,54.923,psi,22.91,1739.4,18353.0,1
2026-06-12 17:00:00,M19,26,OP-02,3,73.12,,55.735,psi,21.18,1737.6,4073.0,0
2026-06-12 17:00:00,M20,87,OP-05,3,62.28,3.051,55.637,psi,19.7,1745.8,11393.0,0
2026-06-12 17:00:00,M21,148,OP-07,3,61.3,2.407,61.054,psi,17.9,1770.4,18713.0,0
2026-06-12 17:00:00,M22,59,OP-06,3,67.78,3.235,57.192,psi,19.93,1744.0,8033.0,0
2026-06-12 17:00:00,M23,65,OP-07,3,76.26,4.54,53.934,psi,21.78,1729.6,8753.0,1
2026-06-12 17:00:00,M24,54,OP-03,3,67.43,2.507,57.303,psi,18.42,1752.6,7433.0,0
2026-06-12 17:00:00,M25,131,OP-04,3,72.5,4.55,53.117,psi,22.86,1740.2,16673.0,0
2026-06-12 18:00:00,M01,171,OP-07,3,66.25,3.027,3.751,bar,19.74,1767.7,21474.0,0
2026-06-12 18:00:00,M02,115,OP-07,3,73.06,4.022,3.842,bar,20.41,1740.4,14754.0,1
2026-06-12 18:00:00,M03,125,OP-10,3,64.54,2.02,4.296,bar,18.05,1781.7,15954.0,0
2026-06-12 18:00:00,M04,163,OP-03,3,64.25,3.108,3.916,bar,19.5,1757.7,20514.0,0
2026-06-12 18:00:00,M05,107,OP-06,3,65.16,1.832,4.099,bar,17.27,1788.9,13794.0,0
2026-06-12 18:00:00,M06,141,OP-08,3,67.16,3.079,3.91,bar,19.16,1761.5,17874.0,0
2026-06-12 18:00:00,M07,151,OP-02,3,67.78,3.356,3.872,bar,20.04,1752.4,19074.0,0
2026-06-12 18:00:00,M08,45,OP-06,3,63.06,2.569,4.064,bar,17.8,1760.7,6354.0,0
2026-06-12 18:00:00,M09,15,OP-09,3,65.52,2.956,3.916,bar,20.09,1764.3,2754.0,0
2026-06-12 18:00:00,M10,58,OP-03,3,77.28,4.317,3.818,bar,21.3,1735.3,7914.0,0
2026-06-12 18:00:00,M11,55,OP-12,3,65.85,1.864,4.133,bar,18.27,1773.2,7554.0,0
2026-06-12 18:00:00,M12,158,OP-07,3,64.8,2.724,3.971,bar,18.52,1753.0,19914.0,0
2026-06-12 18:00:00,M13,165,OP-07,3,73.79,4.436,3.728,bar,21.52,1729.5,20754.0,1
2026-06-12 18:00:00,M14,6,OP-09,3,66.64,3.111,3.988,bar,20.13,1761.9,1674.0,0
2026-06-12 18:00:00,M15,93,OP-09,3,68.04,3.688,3.702,bar,21.05,1749.0,12114.0,1
2026-06-12 18:00:00,M16,149,OP-06,3,66.08,,4.039,bar,18.46,1769.3,18834.0,0
2026-06-12 18:00:00,M17,29,OP-02,3,64.7,2.315,4.309,bar,18.16,1783.5,4434.0,0
2026-06-12 18:00:00,M18,145,OP-07,3,77.2,4.467,53.446,psi,21.92,1734.3,18354.0,1
2026-06-12 18:00:00,M19,26,OP-07,3,62.63,3.73,54.764,psi,21.18,1745.3,4074.0,0
2026-06-12 18:00:00,M20,87,OP-10,3,65.35,2.648,58.807,psi,18.69,1766.8,11394.0,0
2026-06-12 18:00:00,M21,148,OP-11,3,63.66,1.943,57.279,psi,17.38,1765.5,18714.0,0
2026-06-12 18:00:00,M22,59,OP-04,3,72.02,3.21,57.808,psi,19.88,1753.1,8034.0,0
2026-06-12 18:00:00,M23,65,OP-03,3,73.03,4.542,52.751,psi,21.94,1726.9,8754.0,1
2026-06-12 18:00:00,M24,54,OP-04,3,67.67,2.746,57.892,psi,18.53,1762.8,7434.0,0
2026-06-12 18:00:00,M25,131,OP-11,3,72.91,4.435,52.678,psi,21.72,1725.4,16674.0,0
2026-06-12 19:00:00,M01,171,OP-03,3,66.23,3.092,3.982,bar,19.04,1752.9,21475.0,0
2026-06-12 19:00:00,M02,115,OP-07,3,71.51,3.781,3.659,bar,21.61,1752.1,14755.0,1
2026-06-12 19:00:00,M03,125,OP-02,3,63.46,2.039,4.152,bar,18.1,1789.5,15955.0,0
2026-06-12 19:00:00,M04,163,OP-05,3,66.51,2.843,3.83,bar,18.43,1750.7,20515.0,0
2026-06-12 19:00:00,M05,107,OP-05,3,62.36,2.22,3.831,bar,17.95,1775.5,13795.0,0
2026-06-12 19:00:00,M06,141,OP-05,3,70.21,2.928,4.162,bar,18.2,1766.7,17875.0,0
2026-06-12 19:00:00,M07,151,OP-07,3,67.16,3.332,3.915,bar,20.3,1763.9,19075.0,0
2026-06-12 19:00:00,M08,45,OP-11,3,68.68,2.618,3.927,bar,19.12,1776.9,6355.0,0
2026-06-12 19:00:00,M09,15,OP-07,3,64.26,3.007,3.966,bar,18.55,1753.5,2755.0,0
2026-06-12 19:00:00,M10,58,OP-07,3,72.89,4.24,3.722,bar,21.3,1747.1,7915.0,0
2026-06-12 19:00:00,M11,55,OP-08,3,64.19,2.014,3.893,bar,17.09,1765.8,7555.0,0
2026-06-12 19:00:00,M12,158,OP-04,3,59.8,3.143,3.914,bar,19.92,1763.7,19915.0,0
2026-06-12 19:00:00,M13,165,OP-07,3,78.27,4.109,3.587,bar,21.5,1744.2,20755.0,1
2026-06-12 19:00:00,M14,6,OP-05,3,67.31,3.137,4.076,bar,20.5,1768.5,1675.0,0
2026-06-12 19:00:00,M15,93,OP-07,3,68.64,3.733,3.56,bar,21.14,1742.3,12115.0,1
2026-06-12 19:00:00,M16,149,OP-09,3,59.47,2.965,4.032,bar,19.63,1747.4,18835.0,0
2026-06-12 19:00:00,M17,29,OP-02,3,63.39,2.127,4.122,bar,18.64,1772.0,4435.0,0
2026-06-12 19:00:00,M18,145,OP-11,3,70.73,4.599,53.535,psi,22.8,1719.3,18355.0,1
2026-06-12 19:00:00,M19,26,OP-05,3,69.76,3.735,54.317,psi,20.64,1739.3,4075.0,0
2026-06-12 19:00:00,M20,87,OP-02,3,60.0,2.606,58.137,psi,17.99,1760.2,11395.0,0
2026-06-12 19:00:00,M21,148,OP-10,3,60.33,2.316,58.393,psi,17.45,1763.8,18715.0,0
2026-06-12 19:00:00,M22,59,OP-07,3,72.95,3.14,59.596,psi,19.4,1751.2,8035.0,0
2026-06-12 19:00:00,M23,65,OP-07,3,71.68,4.366,54.67,psi,21.27,1730.4,8755.0,1
2026-06-12 19:00:00,M24,54,OP-02,3,65.8,2.718,57.61,psi,19.38,1762.8,7435.0,0
2026-06-12 19:00:00,M25,131,OP-07,3,76.33,,51.876,psi,22.4,1733.2,16675.0,0
2026-06-12 20:00:00,M01,171,OP-02,3,65.36,3.075,3.886,bar,19.27,1761.3,21476.0,0
2026-06-12 20:00:00,M02,115,OP-07,3,68.08,3.995,3.958,bar,20.7,1750.8,14756.0,1
2026-06-12 20:00:00,M03,125,OP-10,3,59.33,1.933,4.047,bar,18.32,1783.5,15956.0,0
2026-06-12 20:00:00,M04,163,OP-12,3,62.3,2.816,4.016,bar,19.17,1764.1,20516.0,0
2026-06-12 20:00:00,M05,107,OP-11,3,61.39,1.991,4.162,bar,18.12,1796.3,13796.0,0
2026-06-12 20:00:00,M06,141,OP-07,3,63.74,2.767,3.964,bar,19.56,1762.4,17876.0,0
2026-06-12 20:00:00,M07,151,OP-04,3,70.14,3.523,4.018,bar,20.43,1748.3,19076.0,0
2026-06-12 20:00:00,M08,45,OP-05,3,59.88,2.251,4.147,bar,17.7,1778.2,6356.0,0
2026-06-12 20:00:00,M09,15,OP-01,3,67.36,2.806,4.026,bar,19.87,1757.8,2756.0,0
2026-06-12 20:00:00,M10,58,OP-06,3,63.85,,3.583,bar,21.69,1725.4,7916.0,0
2026-06-12 20:00:00,M11,55,OP-10,3,64.47,2.177,4.182,bar,19.3,1771.4,7556.0,0
2026-06-12 20:00:00,M12,158,OP-05,3,71.32,2.77,4.191,bar,19.98,1755.1,19916.0,0
2026-06-12 20:00:00,M13,165,OP-09,3,75.08,,3.54,bar,21.78,1728.1,20756.0,1
2026-06-12 20:00:00,M14,6,OP-06,3,68.92,2.986,3.89,bar,18.97,1766.3,1676.0,0
2026-06-12 20:00:00,M15,93,OP-07,3,67.59,3.628,3.916,bar,21.12,1757.3,12116.0,1
2026-06-12 20:00:00,M16,149,OP-08,3,64.07,3.191,3.725,bar,19.63,1757.8,18836.0,0
2026-06-12 20:00:00,M17,29,OP-07,3,59.33,2.198,4.106,bar,19.12,1777.4,4436.0,0
2026-06-12 20:00:00,M18,145,OP-07,3,76.3,4.66,53.79,psi,22.71,1731.2,18356.0,1
2026-06-12 20:00:00,M19,26,OP-12,3,74.26,,54.352,psi,21.05,1761.1,4076.0,0
2026-06-12 20:00:00,M20,87,OP-01,3,64.76,2.892,55.843,psi,19.29,1761.8,11396.0,0
2026-06-12 20:00:00,M21,148,OP-07,3,66.45,2.514,58.578,psi,18.44,1771.9,18716.0,0
2026-06-12 20:00:00,M22,59,OP-09,3,75.07,3.148,55.856,psi,20.16,1741.7,8036.0,0
2026-06-12 20:00:00,M23,65,OP-07,3,74.54,4.434,54.924,psi,22.81,1733.1,8756.0,1
2026-06-12 20:00:00,M24,54,OP-02,3,65.79,2.726,60.293,psi,18.59,1762.4,7436.0,0
2026-06-12 20:00:00,M25,131,OP-11,3,77.56,4.76,53.82,psi,21.58,1738.4,16676.0,0
2026-06-12 21:00:00,M01,171,OP-01,3,65.65,2.883,3.962,bar,19.22,1769.6,21477.0,0
2026-06-12 21:00:00,M02,115,OP-07,3,67.37,3.817,3.764,bar,21.64,1735.2,14757.0,1
2026-06-12 21:00:00,M03,125,OP-11,3,57.45,2.054,3.916,bar,17.58,1769.0,15957.0,0
2026-06-12 21:00:00,M04,163,OP-07,3,65.76,3.166,3.872,bar,19.79,1766.1,20517.0,0
2026-06-12 21:00:00,M05,107,OP-07,3,61.49,1.961,4.266,bar,17.95,1763.4,13797.0,0
2026-06-12 21:00:00,M06,141,OP-11,3,66.99,2.901,4.011,bar,19.08,1758.8,17877.0,0
2026-06-12 21:00:00,M07,151,OP-04,3,63.73,,3.712,bar,19.93,1754.5,19077.0,0
2026-06-12 21:00:00,M08,45,OP-11,3,64.72,2.64,4.026,bar,18.96,1758.5,6357.0,0
2026-06-12 21:00:00,M09,15,OP-07,3,69.16,3.037,3.95,bar,21.11,1760.5,2757.0,0
2026-06-12 21:00:00,M10,58,OP-11,3,74.21,4.559,3.773,bar,22.15,1746.1,7917.0,0
2026-06-12 21:00:00,M11,55,OP-05,3,62.88,2.079,4.168,bar,17.55,1766.9,7557.0,0
2026-06-12 21:00:00,M12,158,OP-07,3,63.02,3.121,3.837,bar,19.01,1763.0,19917.0,0
2026-06-12 21:00:00,M13,165,OP-07,3,75.78,4.453,3.588,bar,21.01,1738.4,20757.0,1
2026-06-12 21:00:00,M14,6,OP-09,3,66.8,2.916,4.018,bar,19.25,1756.5,1677.0,0
2026-06-12 21:00:00,M15,93,OP-07,3,71.93,4.048,3.828,bar,20.8,1741.0,12117.0,1
2026-06-12 21:00:00,M16,149,OP-12,3,64.79,3.153,3.666,bar,19.88,1748.3,18837.0,0
2026-06-12 21:00:00,M17,29,OP-09,3,59.0,2.228,4.146,bar,19.46,1780.1,4437.0,0
2026-06-12 21:00:00,M18,145,OP-09,3,71.9,4.494,52.721,psi,22.17,1737.2,18357.0,1
2026-06-12 21:00:00,M19,26,OP-09,3,75.15,,53.095,psi,20.8,1744.3,4077.0,0
2026-06-12 21:00:00,M20,87,OP-10,3,65.73,2.839,59.157,psi,19.22,1748.6,11397.0,0
2026-06-12 21:00:00,M21,148,OP-03,3,62.7,2.551,60.841,psi,18.13,1770.7,18717.0,0
2026-06-12 21:00:00,M22,59,OP-10,3,67.48,3.29,55.605,psi,19.15,1765.1,8037.0,0
2026-06-12 21:00:00,M23,65,OP-07,3,75.43,4.513,54.536,psi,22.26,1732.0,8757.0,1
2026-06-12 21:00:00,M24,54,OP-09,3,65.46,2.775,59.06,psi,18.37,1773.0,7437.0,0
2026-06-12 21:00:00,M25,131,OP-03,3,80.63,4.449,53.545,psi,21.87,1738.5,16677.0,0
2026-06-12 22:00:00,M01,171,OP-02,3,67.03,2.967,3.804,bar,19.98,1758.5,21478.0,0
2026-06-12 22:00:00,M02,115,OP-04,3,62.58,,3.781,bar,20.41,1751.5,14758.0,0
2026-06-12 22:00:00,M03,125,OP-05,3,62.41,1.962,4.076,bar,19.11,1769.9,15958.0,0
2026-06-12 22:00:00,M04,163,OP-09,3,68.61,2.747,4.091,bar,19.76,1751.9,20518.0,0
2026-06-12 22:00:00,M05,107,OP-12,3,61.97,2.276,4.025,bar,18.3,1771.0,13798.0,0
2026-06-12 22:00:00,M06,141,OP-07,3,68.4,2.811,3.954,bar,20.1,1744.3,17878.0,0
2026-06-12 22:00:00,M07,151,OP-01,3,69.78,3.389,3.799,bar,21.23,1752.1,19078.0,0
2026-06-12 22:00:00,M08,45,OP-10,3,59.7,2.549,3.944,bar,18.53,1782.0,6358.0,0
2026-06-12 22:00:00,M09,15,OP-08,3,68.51,2.788,3.855,bar,19.52,1757.2,2758.0,0
2026-06-12 22:00:00,M10,58,OP-02,3,71.56,4.445,3.874,bar,21.34,1740.5,7918.0,0
2026-06-12 22:00:00,M11,55,OP-09,3,57.41,2.265,4.06,bar,16.91,1786.1,7558.0,0
2026-06-12 22:00:00,M12,158,OP-11,3,72.44,3.081,3.881,bar,18.86,1752.7,19918.0,0
2026-06-12 22:00:00,M13,165,OP-07,3,71.92,4.202,3.593,bar,21.88,1733.0,20758.0,1
2026-06-12 22:00:00,M14,6,OP-09,3,66.17,3.085,3.957,bar,19.2,1756.2,1678.0,0
2026-06-12 22:00:00,M15,93,OP-07,3,74.08,3.873,3.695,bar,21.94,1742.5,12118.0,1
2026-06-12 22:00:00,M16,149,OP-07,3,69.38,3.009,3.949,bar,20.14,1757.3,18838.0,0
2026-06-12 22:00:00,M17,29,OP-04,3,58.31,2.043,4.148,bar,18.79,1788.8,4438.0,0
2026-06-12 22:00:00,M18,145,OP-07,3,81.12,4.6,51.521,psi,21.78,1733.9,18358.0,1
2026-06-12 22:00:00,M19,26,OP-07,3,68.52,4.07,54.496,psi,21.22,1741.7,4078.0,0
2026-06-12 22:00:00,M20,87,OP-04,3,66.14,2.859,54.593,psi,19.79,1765.6,11398.0,0
2026-06-12 22:00:00,M21,148,OP-09,3,61.76,2.224,58.541,psi,18.69,1786.5,18718.0,0
2026-06-12 22:00:00,M22,59,OP-03,3,66.24,3.417,57.792,psi,21.25,1749.8,8038.0,0
2026-06-12 22:00:00,M23,65,OP-02,3,73.31,4.318,49.583,psi,23.29,1725.6,8758.0,1
2026-06-12 22:00:00,M24,54,OP-12,3,67.23,2.69,60.383,psi,18.87,1765.5,7438.0,0
2026-06-12 22:00:00,M25,131,OP-07,3,69.14,4.603,51.905,psi,21.85,1738.8,16678.0,0
2026-06-12 23:00:00,M01,171,OP-07,3,64.61,3.373,3.89,bar,19.13,1750.4,21479.0,0
2026-06-12 23:00:00,M02,115,OP-08,3,61.57,1.846,4.098,bar,17.85,1778.2,14759.0,0
2026-06-12 23:00:00,M03,125,OP-04,3,68.46,2.252,4.194,bar,17.48,1766.0,15959.0,0
2026-06-12 23:00:00,M04,163,OP-07,3,66.52,3.03,3.9,bar,19.73,1758.3,20519.0,0
2026-06-12 23:00:00,M05,107,OP-12,3,59.84,1.975,3.982,bar,18.08,1782.2,13799.0,0
2026-06-12 23:00:00,M06,141,OP-03,3,69.3,3.284,3.962,bar,18.75,1765.9,17879.0,0
2026-06-12 23:00:00,M07,151,OP-07,3,63.92,3.418,3.892,bar,19.79,1751.4,19079.0,0
2026-06-12 23:00:00,M08,45,OP-06,3,61.92,2.654,3.943,bar,16.31,1788.8,6359.0,0
2026-06-12 23:00:00,M09,15,OP-10,3,63.74,2.786,3.876,bar,19.79,1759.7,2759.0,0
2026-06-12 23:00:00,M10,58,OP-02,3,73.03,,3.352,bar,20.8,1739.4,7919.0,0
2026-06-12 23:00:00,M11,55,OP-01,3,57.32,2.13,4.046,bar,17.69,1786.4,7559.0,0
2026-06-12 23:00:00,M12,158,OP-07,3,67.39,3.012,3.885,bar,19.62,1763.2,19919.0,0
2026-06-12 23:00:00,M13,165,OP-08,3,73.8,4.683,3.398,bar,21.47,1742.9,20759.0,1
2026-06-12 23:00:00,M14,6,OP-04,3,71.51,2.916,3.803,bar,19.47,1753.8,1679.0,0
2026-06-12 23:00:00,M15,93,OP-07,3,67.34,,3.765,bar,20.24,1746.5,12119.0,1
2026-06-12 23:00:00,M16,149,OP-06,3,66.61,3.028,3.833,bar,19.5,1772.5,18839.0,0
2026-06-12 23:00:00,M17,29,OP-03,3,59.15,2.2,4.213,bar,17.71,1781.1,4439.0,0
2026-06-12 23:00:00,M18,145,OP-11,3,83.7,4.893,51.715,psi,22.15,1728.4,18359.0,1
2026-06-12 23:00:00,M19,26,OP-07,3,70.8,3.643,52.651,psi,20.8,1743.9,4079.0,0
2026-06-12 23:00:00,M20,87,OP-02,3,60.23,2.772,56.916,psi,19.39,1754.8,11399.0,0
2026-06-12 23:00:00,M21,148,OP-01,3,62.02,2.411,62.039,psi,18.51,1777.6,18719.0,0
2026-06-12 23:00:00,M22,59,OP-06,3,64.16,3.463,56.623,psi,19.22,1745.3,8039.0,0
2026-06-12 23:00:00,M23,65,OP-09,3,72.25,,52.53,psi,21.65,1733.0,8759.0,1
2026-06-12 23:00:00,M24,54,OP-09,3,64.8,2.669,58.647,psi,19.04,1769.7,7439.0,0
2026-06-12 23:00:00,M25,131,OP-07,3,74.87,4.604,52.701,psi,21.96,1736.3,16679.0,0
2026-06-13 00:00:00,M01,171,OP-08,1,63.17,2.846,3.894,bar,19.83,1760.8,21480.0,0
2026-06-13 00:00:00,M02,115,OP-07,1,58.61,1.96,4.234,bar,17.63,1777.6,14760.0,0
2026-06-13 00:00:00,M03,125,OP-07,1,62.53,2.053,4.198,bar,18.89,1773.8,15960.0,0
2026-06-13 00:00:00,M04,163,OP-08,1,67.68,3.111,4.023,bar,19.13,1767.7,20520.0,0
2026-06-13 00:00:00,M05,107,OP-10,1,63.36,1.819,4.03,bar,18.29,1786.7,13800.0,0
2026-06-13 00:00:00,M06,141,OP-02,1,69.52,2.71,3.931,bar,19.34,1751.2,17880.0,0
2026-06-13 00:00:00,M07,151,OP-08,1,67.39,3.301,3.786,bar,19.1,1756.5,19080.0,0
2026-06-13 00:00:00,M08,45,OP-04,1,63.72,2.656,4.123,bar,18.03,1773.5,6360.0,0
2026-06-13 00:00:00,M09,15,OP-11,1,67.71,3.1,4.087,bar,19.35,1762.8,2760.0,0
2026-06-13 00:00:00,M10,58,OP-01,1,73.0,4.351,3.507,bar,21.63,1764.6,7920.0,0
2026-06-13 00:00:00,M11,55,OP-12,1,65.85,1.865,4.28,bar,19.12,1780.7,7560.0,0
2026-06-13 00:00:00,M12,158,OP-07,1,65.42,,3.848,bar,18.87,1765.5,19920.0,0
2026-06-13 00:00:00,M13,165,OP-07,1,77.16,4.908,3.84,bar,21.34,1729.1,20760.0,1
2026-06-13 00:00:00,M14,6,OP-10,1,70.83,2.957,4.044,bar,20.1,1759.9,1680.0,0
2026-06-13 00:00:00,M15,93,OP-08,1,71.94,3.866,3.723,bar,20.39,1745.0,12120.0,1
2026-06-13 00:00:00,M16,149,OP-04,1,61.48,3.224,3.919,bar,20.54,1761.8,18840.0,0
2026-06-13 00:00:00,M17,29,OP-05,1,63.21,2.069,4.167,bar,18.08,1767.4,4440.0,0
2026-06-13 00:00:00,M18,145,OP-01,1,81.18,4.455,56.086,psi,22.62,1740.3,18360.0,1
2026-06-13 00:00:00,M19,26,OP-03,1,63.29,,52.504,psi,20.53,1753.5,4080.0,0
2026-06-13 00:00:00,M20,87,OP-07,1,70.01,2.742,59.915,psi,19.38,1764.8,11400.0,0
2026-06-13 00:00:00,M21,148,OP-03,1,64.54,2.537,60.37,psi,18.62,1760.6,18720.0,0
2026-06-13 00:00:00,M22,59,OP-09,1,68.11,3.18,57.315,psi,19.39,1757.7,8040.0,0
2026-06-13 00:00:00,M23,65,OP-07,1,75.54,4.404,54.335,psi,22.28,1733.9,8760.0,1
2026-06-13 00:00:00,M24,54,OP-03,1,64.9,,56.688,psi,18.81,1771.0,7440.0,0
2026-06-13 00:00:00,M25,131,OP-04,1,77.1,,53.693,psi,21.87,1745.7,16680.0,0
2026-06-13 01:00:00,M01,171,OP-12,1,73.15,2.96,3.744,bar,20.49,1775.7,21481.0,0
2026-06-13 01:00:00,M02,115,OP-09,1,61.49,2.006,4.269,bar,17.76,1779.6,14761.0,0
2026-06-13 01:00:00,M03,125,OP-05,1,64.11,2.197,4.177,bar,17.42,1782.0,15961.0,0
2026-06-13 01:00:00,M04,163,OP-12,1,71.29,,3.985,bar,18.98,1761.8,20521.0,0
2026-06-13 01:00:00,M05,107,OP-04,1,60.41,2.171,4.169,bar,17.77,1788.9,13801.0,0
2026-06-13 01:00:00,M06,141,OP-09,1,63.96,3.055,3.74,bar,18.77,1765.4,17881.0,0
2026-06-13 01:00:00,M07,151,OP-07,1,67.49,3.437,3.872,bar,20.55,1762.8,19081.0,0
2026-06-13 01:00:00,M08,45,OP-05,1,67.29,2.409,4.05,bar,17.98,1770.2,6361.0,0
2026-06-13 01:00:00,M09,15,OP-02,1,68.03,3.07,3.721,bar,20.33,1767.7,2761.0,0
2026-06-13 01:00:00,M10,58,OP-07,1,71.45,4.302,3.595,bar,21.45,1733.7,7921.0,0
2026-06-13 01:00:00,M11,55,OP-07,1,61.78,1.858,4.058,bar,17.95,1775.2,7561.0,0
2026-06-13 01:00:00,M12,158,OP-09,1,72.79,3.006,4.085,bar,20.25,1761.1,19921.0,0
2026-06-13 01:00:00,M13,165,OP-07,1,75.5,4.698,3.623,bar,20.97,1741.6,20761.0,1
2026-06-13 01:00:00,M14,6,OP-09,1,63.38,2.709,3.872,bar,20.24,1752.1,1681.0,0
2026-06-13 01:00:00,M15,93,OP-01,1,74.01,3.67,4.01,bar,21.18,1742.2,12121.0,1
2026-06-13 01:00:00,M16,149,OP-05,1,66.19,3.023,3.837,bar,19.65,1752.7,18841.0,0
2026-06-13 01:00:00,M17,29,OP-07,1,61.19,,4.22,bar,18.88,1759.0,4441.0,0
2026-06-13 01:00:00,M18,145,OP-10,1,71.5,,51.676,psi,22.02,1730.1,18361.0,1
2026-06-13 01:00:00,M19,26,OP-01,1,72.21,3.994,57.228,psi,20.54,1732.6,4081.0,0
2026-06-13 01:00:00,M20,87,OP-07,1,66.67,2.799,56.187,psi,19.09,1759.5,11401.0,0
2026-06-13 01:00:00,M21,148,OP-08,1,62.22,2.123,59.064,psi,18.56,1765.8,18721.0,0
2026-06-13 01:00:00,M22,59,OP-09,1,62.6,3.115,55.962,psi,19.79,1741.0,8041.0,0
2026-06-13 01:00:00,M23,65,OP-08,1,74.37,4.716,54.961,psi,21.86,1752.4,8761.0,1
2026-06-13 01:00:00,M24,54,OP-02,1,64.43,2.458,58.826,psi,19.38,1766.5,7441.0,0
2026-06-13 01:00:00,M25,131,OP-01,1,77.51,4.44,52.101,psi,21.63,1741.1,16681.0,0
2026-06-13 02:00:00,M01,171,OP-11,1,69.38,3.194,3.729,bar,19.79,1747.9,21482.0,0
2026-06-13 02:00:00,M02,115,OP-07,1,54.63,,4.079,bar,18.36,1775.6,14762.0,0
2026-06-13 02:00:00,M03,125,OP-03,1,61.25,2.284,4.042,bar,18.49,1773.2,15962.0,0
2026-06-13 02:00:00,M04,163,OP-06,1,70.6,3.112,3.937,bar,19.36,1751.5,20522.0,0
2026-06-13 02:00:00,M05,107,OP-08,1,63.44,1.942,4.125,bar,18.35,1772.4,13802.0,0
2026-06-13 02:00:00,M06,141,OP-07,1,70.77,2.798,4.074,bar,19.44,1764.2,17882.0,0
2026-06-13 02:00:00,M07,151,OP-07,1,71.71,3.257,3.791,bar,20.34,1749.4,19082.0,0
2026-06-13 02:00:00,M08,45,OP-09,1,64.42,2.27,3.833,bar,19.28,1777.4,6362.0,0
2026-06-13 02:00:00,M09,15,OP-11,1,69.79,2.836,3.925,bar,20.35,1770.2,2762.0,0
2026-06-13 02:00:00,M10,58,OP-07,1,69.83,,3.566,bar,21.51,1743.1,7922.0,0
2026-06-13 02:00:00,M11,55,OP-07,1,61.79,2.122,4.059,bar,18.57,1782.3,7562.0,0
2026-06-13 02:00:00,M12,158,OP-11,1,63.7,2.922,4.047,bar,19.28,1763.5,19922.0,0
2026-06-13 02:00:00,M13,165,OP-02,1,78.9,,3.66,bar,21.37,1731.2,20762.0,1
2026-06-13 02:00:00,M14,6,OP-04,1,68.37,2.919,3.958,bar,19.78,1760.0,1682.0,0
2026-06-13 02:00:00,M15,93,OP-07,1,71.83,,3.672,bar,21.53,1757.1,12122.0,1
2026-06-13 02:00:00,M16,149,OP-06,1,68.78,2.993,4.104,bar,19.01,1757.7,18842.0,0
2026-06-13 02:00:00,M17,29,OP-02,1,61.47,1.973,4.087,bar,17.59,1777.3,4442.0,0
2026-06-13 02:00:00,M18,145,OP-02,1,78.07,4.658,49.316,psi,23.79,1731.8,18362.0,1
2026-06-13 02:00:00,M19,26,OP-03,1,69.25,3.694,54.646,psi,21.15,1747.3,4082.0,0
2026-06-13 02:00:00,M20,87,OP-06,1,58.99,2.81,55.001,psi,19.64,1765.5,11402.0,0
2026-06-13 02:00:00,M21,148,OP-05,1,61.58,2.319,57.677,psi,18.08,1775.3,18722.0,0
2026-06-13 02:00:00,M22,59,OP-01,1,62.33,,55.804,psi,19.24,1749.9,8042.0,0
2026-06-13 02:00:00,M23,65,OP-07,1,77.19,,51.406,psi,22.02,1735.0,8762.0,1
2026-06-13 02:00:00,M24,54,OP-06,1,65.42,2.658,59.514,psi,19.6,1765.9,7442.0,0
2026-06-13 02:00:00,M25,131,OP-09,1,76.95,,51.537,psi,21.41,1742.4,16682.0,0
2026-06-13 03:00:00,M01,171,OP-12,1,63.22,3.015,3.976,bar,18.62,1764.1,21483.0,0
2026-06-13 03:00:00,M02,115,OP-06,1,63.8,1.828,4.216,bar,16.73,1775.9,14763.0,0
2026-06-13 03:00:00,M03,125,OP-10,1,58.29,2.246,4.19,bar,18.81,1773.5,15963.0,0
2026-06-13 03:00:00,M04,163,OP-08,1,68.82,3.401,3.884,bar,19.74,1765.8,20523.0,0
2026-06-13 03:00:00,M05,107,OP-08,1,63.25,1.796,4.125,bar,17.19,1776.5,13803.0,0
2026-06-13 03:00:00,M06,141,OP-10,1,66.96,3.082,4.02,bar,19.29,1760.4,17883.0,0
2026-06-13 03:00:00,M07,151,OP-10,1,71.53,3.17,4.25,bar,20.52,1752.2,19083.0,0
2026-06-13 03:00:00,M08,45,OP-05,1,59.22,2.504,3.897,bar,18.55,1772.2,6363.0,0
2026-06-13 03:00:00,M09,15,OP-11,1,70.48,3.207,4.019,bar,19.35,1768.7,2763.0,0
2026-06-13 03:00:00,M10,58,OP-09,1,71.77,4.458,3.57,bar,21.99,1731.4,7923.0,0
2026-06-13 03:00:00,M11,55,OP-08,1,66.17,2.074,4.172,bar,18.04,1772.0,7563.0,0
2026-06-13 03:00:00,M12,158,OP-01,1,69.34,2.705,3.831,bar,19.03,1771.6,19923.0,0
2026-06-13 03:00:00,M13,165,OP-07,1,76.26,4.599,3.537,bar,21.97,1728.2,20763.0,1
2026-06-13 03:00:00,M14,6,OP-01,1,62.03,2.539,3.795,bar,18.28,1749.1,1683.0,0
2026-06-13 03:00:00,M15,93,OP-07,1,74.0,4.019,3.736,bar,19.86,1745.4,12123.0,1
2026-06-13 03:00:00,M16,149,OP-05,1,66.11,3.319,4.058,bar,18.7,1766.6,18843.0,0
2026-06-13 03:00:00,M17,29,OP-06,1,57.28,1.985,4.21,bar,17.23,1773.4,4443.0,0
2026-06-13 03:00:00,M18,145,OP-10,1,70.38,,51.151,psi,22.4,1732.3,18363.0,0
2026-06-13 03:00:00,M19,26,OP-07,1,70.31,,54.798,psi,20.25,1755.9,4083.0,0
2026-06-13 03:00:00,M20,87,OP-08,1,71.09,2.607,55.641,psi,20.15,1776.9,11403.0,0
2026-06-13 03:00:00,M21,148,OP-07,1,66.43,2.342,59.595,psi,18.83,1769.9,18723.0,0
2026-06-13 03:00:00,M22,59,OP-01,1,69.02,3.179,52.993,psi,20.63,1757.9,8043.0,0
2026-06-13 03:00:00,M23,65,OP-07,1,70.21,4.584,51.489,psi,21.86,1729.5,8763.0,1
2026-06-13 03:00:00,M24,54,OP-12,1,61.45,2.531,56.057,psi,19.17,1775.7,7443.0,0
2026-06-13 03:00:00,M25,131,OP-07,1,73.87,4.519,51.882,psi,22.72,1735.4,16683.0,0
2026-06-13 04:00:00,M01,171,OP-09,1,67.39,2.924,3.94,bar,19.67,1759.7,21484.0,0
2026-06-13 04:00:00,M02,115,OP-07,1,63.24,1.9,4.094,bar,18.35,1784.2,14764.0,0
2026-06-13 04:00:00,M03,125,OP-01,1,63.49,1.998,4.107,bar,19.28,1748.0,15964.0,0
2026-06-13 04:00:00,M04,163,OP-06,1,70.04,3.246,4.126,bar,19.56,1751.7,20524.0,0
2026-06-13 04:00:00,M05,107,OP-10,1,57.25,2.176,3.922,bar,18.37,1780.2,13804.0,0
2026-06-13 04:00:00,M06,141,OP-07,1,69.06,2.894,4.011,bar,20.01,1772.1,17884.0,0
2026-06-13 04:00:00,M07,151,OP-11,1,68.44,3.4,3.683,bar,20.04,1758.4,19084.0,0
2026-06-13 04:00:00,M08,45,OP-10,1,67.28,2.643,4.082,bar,19.7,1774.5,6364.0,0
2026-06-13 04:00:00,M09,15,OP-02,1,69.7,3.215,3.807,bar,19.4,1763.0,2764.0,0
2026-06-13 04:00:00,M10,58,OP-03,1,72.94,4.534,3.53,bar,21.07,1737.8,7924.0,0
2026-06-13 04:00:00,M11,55,OP-02,1,64.48,2.196,4.354,bar,17.78,1777.2,7564.0,0
2026-06-13 04:00:00,M12,158,OP-09,1,61.78,3.118,3.889,bar,20.01,1769.8,19924.0,0
2026-06-13 04:00:00,M13,165,OP-07,1,73.51,4.704,3.504,bar,22.87,1738.8,20764.0,1
2026-06-13 04:00:00,M14,6,OP-11,1,66.23,3.259,3.888,bar,19.38,1743.9,1684.0,0
2026-06-13 04:00:00,M15,93,OP-07,1,72.81,,3.665,bar,20.95,1754.6,12124.0,1
2026-06-13 04:00:00,M16,149,OP-09,1,64.77,3.327,3.706,bar,20.13,1775.4,18844.0,0
2026-06-13 04:00:00,M17,29,OP-04,1,59.51,2.159,4.257,bar,17.82,1769.0,4444.0,0
2026-06-13 04:00:00,M18,145,OP-10,1,54.54,2.054,61.128,psi,18.32,1773.7,18364.0,0
2026-06-13 04:00:00,M19,26,OP-07,1,72.76,3.812,53.07,psi,20.97,1757.2,4084.0,0
2026-06-13 04:00:00,M20,87,OP-09,1,62.72,2.692,57.282,psi,19.04,1769.9,11404.0,0
2026-06-13 04:00:00,M21,148,OP-12,1,55.44,2.297,60.946,psi,17.98,1774.6,18724.0,0
2026-06-13 04:00:00,M22,59,OP-01,1,71.92,3.286,56.618,psi,19.33,1749.4,8044.0,0
2026-06-13 04:00:00,M23,65,OP-06,1,77.06,,50.426,psi,22.01,1729.6,8764.0,1
2026-06-13 04:00:00,M24,54,OP-01,1,60.39,2.617,57.701,psi,19.79,1768.7,7444.0,0
2026-06-13 04:00:00,M25,131,OP-08,1,75.69,4.843,55.384,psi,23.18,1726.8,16684.0,0
2026-06-13 05:00:00,M01,171,OP-01,1,64.18,2.85,3.812,bar,20.23,1758.6,21485.0,0
2026-06-13 05:00:00,M02,115,OP-05,1,67.75,1.986,3.996,bar,18.34,1767.7,14765.0,0
2026-06-13 05:00:00,M03,125,OP-04,1,61.2,2.348,4.234,bar,17.99,1776.0,15965.0,0
2026-06-13 05:00:00,M04,163,OP-10,1,64.97,3.055,4.071,bar,19.85,1770.8,20525.0,0
2026-06-13 05:00:00,M05,107,OP-07,1,59.38,1.895,4.153,bar,17.56,1783.2,13805.0,0
2026-06-13 05:00:00,M06,141,OP-01,1,64.7,2.767,4.004,bar,19.71,1760.9,17885.0,0
2026-06-13 05:00:00,M07,151,OP-10,1,68.01,3.19,3.768,bar,20.48,1741.2,19085.0,0
2026-06-13 05:00:00,M08,45,OP-05,1,60.89,2.468,4.008,bar,19.3,1772.2,6365.0,0
2026-06-13 05:00:00,M09,15,OP-11,1,61.68,3.037,4.125,bar,19.61,1759.0,2765.0,0
2026-06-13 05:00:00,M10,58,OP-12,1,72.28,4.518,3.914,bar,22.13,1751.2,7925.0,0
2026-06-13 05:00:00,M11,55,OP-07,1,65.85,2.25,3.978,bar,17.02,1771.7,7565.0,0
2026-06-13 05:00:00,M12,158,OP-04,1,67.08,2.886,3.914,bar,19.65,1768.1,19925.0,0
2026-06-13 05:00:00,M13,165,OP-08,1,70.54,,3.54,bar,22.24,1729.0,20765.0,1
2026-06-13 05:00:00,M14,6,OP-03,1,67.17,2.831,4.131,bar,19.74,1761.9,1685.0,0
2026-06-13 05:00:00,M15,93,OP-04,1,74.44,4.155,3.71,bar,21.09,1749.6,12125.0,1
2026-06-13 05:00:00,M16,149,OP-04,1,62.54,3.374,3.902,bar,19.53,1758.2,18845.0,0
2026-06-13 05:00:00,M17,29,OP-12,1,65.62,1.658,4.127,bar,17.74,1754.4,4445.0,0
2026-06-13 05:00:00,M18,145,OP-07,1,62.44,1.773,59.863,psi,17.81,1787.2,18365.0,0
2026-06-13 05:00:00,M19,26,OP-08,1,71.94,3.759,56.239,psi,21.85,1745.9,4085.0,0
2026-06-13 05:00:00,M20,87,OP-05,1,67.89,2.819,53.866,psi,19.01,1760.3,11405.0,0
2026-06-13 05:00:00,M21,148,OP-05,1,72.02,2.24,59.637,psi,18.42,1777.3,18725.0,0
2026-06-13 05:00:00,M22,59,OP-07,1,69.81,3.394,53.847,psi,20.08,1745.1,8045.0,0
2026-06-13 05:00:00,M23,65,OP-09,1,73.18,4.644,49.51,psi,22.53,1747.3,8765.0,1
2026-06-13 05:00:00,M24,54,OP-02,1,68.46,2.868,57.544,psi,18.71,1758.3,7445.0,0
2026-06-13 05:00:00,M25,131,OP-07,1,77.7,4.892,50.124,psi,22.06,1735.6,16685.0,0
2026-06-13 06:00:00,M01,171,OP-12,1,68.39,3.131,3.909,bar,19.43,1756.4,21486.0,0
2026-06-13 06:00:00,M02,115,OP-05,1,66.36,2.057,4.104,bar,17.94,1765.9,14766.0,0
2026-06-13 06:00:00,M03,125,OP-12,1,57.12,,4.156,bar,17.13,1764.0,15966.0,0
2026-06-13 06:00:00,M04,163,OP-11,1,64.2,3.062,3.799,bar,19.24,1758.2,20526.0,0
2026-06-13 06:00:00,M05,107,OP-07,1,59.15,1.947,4.103,bar,17.79,1772.7,13806.0,0
2026-06-13 06:00:00,M06,141,OP-09,1,63.48,2.935,4.068,bar,19.8,1769.9,17886.0,0
2026-06-13 06:00:00,M07,151,OP-05,1,71.63,,3.742,bar,19.65,1749.9,19086.0,0
2026-06-13 06:00:00,M08,45,OP-04,1,66.09,2.297,4.175,bar,18.69,1768.6,6366.0,0
2026-06-13 06:00:00,M09,15,OP-05,1,72.18,2.899,3.939,bar,20.47,1757.5,2766.0,0
2026-06-13 06:00:00,M10,58,OP-12,1,74.6,4.138,3.635,bar,22.34,1746.8,7926.0,0
2026-06-13 06:00:00,M11,55,OP-07,1,64.16,2.123,4.056,bar,18.06,1772.6,7566.0,0
2026-06-13 06:00:00,M12,158,OP-07,1,61.85,2.921,3.75,bar,19.3,1769.0,19926.0,0
2026-06-13 06:00:00,M13,165,OP-07,1,74.57,4.536,3.669,bar,21.65,1742.6,20766.0,1
2026-06-13 06:00:00,M14,6,OP-10,1,66.49,2.98,3.975,bar,19.4,1767.7,1686.0,0
2026-06-13 06:00:00,M15,93,OP-07,1,69.62,3.939,3.956,bar,21.1,1740.2,12126.0,1
2026-06-13 06:00:00,M16,149,OP-09,1,62.5,3.218,3.911,bar,21.69,1760.1,18846.0,0
2026-06-13 06:00:00,M17,29,OP-04,1,67.7,2.208,3.947,bar,17.67,1773.2,4446.0,0
2026-06-13 06:00:00,M18,145,OP-12,1,59.35,2.099,59.736,psi,17.17,1774.4,18366.0,0
2026-06-13 06:00:00,M19,26,OP-11,1,76.76,3.887,54.338,psi,21.01,1749.6,4086.0,0
2026-06-13 06:00:00,M20,87,OP-06,1,71.14,2.7,58.435,psi,19.08,1781.2,11406.0,0
2026-06-13 06:00:00,M21,148,OP-05,1,61.89,2.181,58.723,psi,19.02,1760.0,18726.0,0
2026-06-13 06:00:00,M22,59,OP-06,1,68.51,3.079,56.426,psi,19.46,1748.1,8046.0,0
2026-06-13 06:00:00,M23,65,OP-07,1,69.23,4.761,52.342,psi,22.07,1743.8,8766.0,1
2026-06-13 06:00:00,M24,54,OP-05,1,57.91,2.726,59.181,psi,19.23,1771.3,7446.0,0
2026-06-13 06:00:00,M25,131,OP-11,1,72.84,4.482,53.714,psi,21.63,1736.8,16686.0,0
2026-06-13 07:00:00,M01,171,OP-06,1,66.35,3.209,3.998,bar,20.28,1756.9,21487.0,0
2026-06-13 07:00:00,M02,115,OP-07,1,59.65,1.9,4.216,bar,17.99,1769.5,14767.0,0
2026-06-13 07:00:00,M03,125,OP-07,1,60.06,,4.219,bar,18.55,1771.4,15967.0,0
2026-06-13 07:00:00,M04,163,OP-07,1,67.85,2.976,4.118,bar,19.29,1742.8,20527.0,0
2026-06-13 07:00:00,M05,107,OP-03,1,66.0,2.139,4.143,bar,18.1,1775.1,13807.0,0
2026-06-13 07:00:00,M06,141,OP-10,1,64.78,3.138,3.889,bar,19.1,1753.5,17887.0,0
2026-06-13 07:00:00,M07,151,OP-03,1,71.69,,4.023,bar,19.96,1746.5,19087.0,0
2026-06-13 07:00:00,M08,45,OP-12,1,61.22,2.518,4.073,bar,18.49,1760.4,6367.0,0
2026-06-13 07:00:00,M09,15,OP-02,1,67.01,2.914,3.96,bar,18.38,1763.3,2767.0,0
2026-06-13 07:00:00,M10,58,OP-01,1,76.3,4.177,3.851,bar,21.01,1728.1,7927.0,0
2026-06-13 07:00:00,M11,55,OP-09,1,60.55,2.044,4.155,bar,17.66,1783.8,7567.0,0
2026-06-13 07:00:00,M12,158,OP-07,1,70.07,2.865,3.809,bar,18.59,1754.5,19927.0,0
2026-06-13 07:00:00,M13,165,OP-04,1,75.39,4.519,3.47,bar,22.02,1743.9,20767.0,0
2026-06-13 07:00:00,M14,6,OP-01,1,61.65,3.02,3.882,bar,19.9,1772.8,1687.0,0
2026-06-13 07:00:00,M15,93,OP-06,1,71.45,4.18,3.952,bar,20.09,1742.2,12127.0,1
2026-06-13 07:00:00,M16,149,OP-07,1,69.3,3.107,3.701,bar,19.71,1768.0,18847.0,0
2026-06-13 07:00:00,M17,29,OP-08,1,62.29,2.29,4.221,bar,18.36,1778.7,4447.0,0
2026-06-13 07:00:00,M18,145,OP-12,1,58.31,1.942,61.652,psi,18.05,1774.8,18367.0,0
2026-06-13 07:00:00,M19,26,OP-05,1,72.0,3.93,54.698,psi,20.48,1748.5,4087.0,0
2026-06-13 07:00:00,M20,87,OP-06,1,64.73,2.751,56.177,psi,17.89,1759.8,11407.0,0
2026-06-13 07:00:00,M21,148,OP-07,1,60.48,2.118,60.325,psi,18.49,1764.3,18727.0,0
2026-06-13 07:00:00,M22,59,OP-10,1,63.26,3.306,55.337,psi,19.28,1759.4,8047.0,0
2026-06-13 07:00:00,M23,65,OP-05,1,71.68,4.456,52.377,psi,22.18,1727.7,8767.0,1
2026-06-13 07:00:00,M24,54,OP-06,1,66.12,2.518,58.729,psi,18.52,1754.9,7447.0,0
2026-06-13 07:00:00,M25,131,OP-03,1,73.08,4.613,50.904,psi,21.92,1736.5,16687.0,0
2026-06-13 08:00:00,M01,171,OP-04,2,71.15,,4.135,bar,19.99,1767.7,21488.0,0
2026-06-13 08:00:00,M02,115,OP-02,2,58.86,1.798,4.209,bar,17.82,1783.8,14768.0,0
2026-06-13 08:00:00,M03,125,OP-02,2,63.77,1.745,4.164,bar,17.68,1776.2,15968.0,0
2026-06-13 08:00:00,M04,163,OP-05,2,63.37,3.115,3.761,bar,19.28,1751.1,20528.0,0
2026-06-13 08:00:00,M05,107,OP-05,2,67.35,2.229,4.201,bar,18.15,1763.0,13808.0,0
2026-06-13 08:00:00,M06,141,OP-06,2,61.23,3.264,4.027,bar,19.46,1758.2,17888.0,0
2026-06-13 08:00:00,M07,151,OP-03,2,67.95,3.715,3.694,bar,19.83,1761.8,19088.0,0
2026-06-13 08:00:00,M08,45,OP-03,2,65.08,2.664,3.938,bar,18.42,1780.9,6368.0,0
2026-06-13 08:00:00,M09,15,OP-03,2,61.28,3.092,4.188,bar,20.69,1761.8,2768.0,0
2026-06-13 08:00:00,M10,58,OP-03,2,72.64,4.273,3.708,bar,21.46,1724.1,7928.0,0
2026-06-13 08:00:00,M11,55,OP-09,2,55.7,1.911,4.132,bar,19.1,1780.3,7568.0,0
2026-06-13 08:00:00,M12,158,OP-02,2,69.77,2.624,3.967,bar,19.36,1759.9,19928.0,0
2026-06-13 08:00:00,M13,165,OP-09,2,59.59,2.096,4.001,bar,18.1,1773.3,20768.0,0
2026-06-13 08:00:00,M14,6,OP-12,2,63.79,3.016,4.12,bar,19.49,1755.1,1688.0,0
2026-06-13 08:00:00,M15,93,OP-11,2,67.36,4.225,3.656,bar,21.01,1755.7,12128.0,1
2026-06-13 08:00:00,M16,149,OP-03,2,68.96,3.39,3.762,bar,19.78,1757.3,18848.0,0
2026-06-13 08:00:00,M17,29,OP-11,2,62.46,1.953,4.001,bar,17.21,1780.9,4448.0,0
2026-06-13 08:00:00,M18,145,OP-08,2,61.37,1.696,61.255,psi,17.4,1778.7,18368.0,0
2026-06-13 08:00:00,M19,26,OP-02,2,73.09,3.738,53.636,psi,21.77,1744.6,4088.0,0
2026-06-13 08:00:00,M20,87,OP-04,2,65.88,2.942,55.489,psi,18.88,1767.8,11408.0,0
2026-06-13 08:00:00,M21,148,OP-06,2,65.36,2.474,59.981,psi,17.74,1767.8,18728.0,0
2026-06-13 08:00:00,M22,59,OP-05,2,70.72,3.195,54.867,psi,19.82,1750.2,8048.0,0
2026-06-13 08:00:00,M23,65,OP-02,2,74.7,4.552,48.548,psi,22.39,1735.5,8768.0,1
2026-06-13 08:00:00,M24,54,OP-05,2,67.04,2.461,55.831,psi,19.16,1759.9,7448.0,0
2026-06-13 08:00:00,M25,131,OP-02,2,75.48,,52.027,psi,21.44,1724.9,16688.0,0
2026-06-13 09:00:00,M01,171,OP-10,2,68.96,3.071,3.814,bar,19.88,1764.1,21489.0,0
2026-06-13 09:00:00,M02,115,OP-11,2,61.07,2.078,4.271,bar,18.36,1772.9,14769.0,0
2026-06-13 09:00:00,M03,125,OP-05,2,66.14,1.992,4.063,bar,17.48,1774.2,15969.0,0
2026-06-13 09:00:00,M04,163,OP-02,2,68.63,3.401,3.984,bar,19.48,1764.6,20529.0,0
2026-06-13 09:00:00,M05,107,OP-07,2,66.08,1.75,4.221,bar,18.61,1784.5,13809.0,0
2026-06-13 09:00:00,M06,141,OP-11,2,69.34,3.301,4.247,bar,19.09,1779.2,17889.0,0
2026-06-13 09:00:00,M07,151,OP-07,2,65.11,3.397,4.03,bar,21.33,1751.8,19089.0,0
2026-06-13 09:00:00,M08,45,OP-11,2,66.05,2.46,4.209,bar,18.47,1764.7,6369.0,0
2026-06-13 09:00:00,M09,15,OP-08,2,68.38,3.095,4.1,bar,19.54,1756.0,2769.0,0
2026-06-13 09:00:00,M10,58,OP-02,2,71.26,4.306,3.642,bar,23.12,1729.3,7929.0,0
2026-06-13 09:00:00,M11,55,OP-09,2,57.77,2.186,4.178,bar,18.04,1774.9,7569.0,0
2026-06-13 09:00:00,M12,158,OP-09,2,66.19,2.871,3.908,bar,19.91,1760.9,19929.0,0
2026-06-13 09:00:00,M13,165,OP-10,2,57.6,1.743,4.217,bar,17.76,1777.1,20769.0,0
2026-06-13 09:00:00,M14,6,OP-03,2,62.34,2.971,3.906,bar,20.04,1761.4,1689.0,0
2026-06-13 09:00:00,M15,93,OP-03,2,70.81,3.8,3.802,bar,20.22,1735.3,12129.0,1
2026-06-13 09:00:00,M16,149,OP-04,2,71.44,3.051,3.779,bar,19.72,1752.3,18849.0,0
2026-06-13 09:00:00,M17,29,OP-12,2,61.9,2.103,4.1,bar,18.74,1770.4,4449.0,0
2026-06-13 09:00:00,M18,145,OP-03,2,54.2,1.635,58.301,psi,18.35,1783.6,18369.0,0
2026-06-13 09:00:00,M19,26,OP-03,2,70.72,,56.348,psi,20.06,1748.2,4089.0,0
2026-06-13 09:00:00,M20,87,OP-07,2,64.43,2.603,55.197,psi,19.28,1755.4,11409.0,0
2026-06-13 09:00:00,M21,148,OP-06,2,65.31,2.215,58.863,psi,18.82,1778.7,18729.0,0
2026-06-13 09:00:00,M22,59,OP-01,2,69.07,3.457,55.071,psi,19.78,1749.6,8049.0,0
2026-06-13 09:00:00,M23,65,OP-07,2,76.72,4.698,56.313,psi,22.81,1722.3,8769.0,1
2026-06-13 09:00:00,M24,54,OP-10,2,65.92,2.582,58.526,psi,18.72,1770.7,7449.0,0
2026-06-13 09:00:00,M25,131,OP-05,2,75.78,4.543,51.938,psi,22.24,1735.4,16689.0,0
2026-06-13 10:00:00,M01,171,OP-05,2,70.7,3.229,3.989,bar,19.48,1751.2,21490.0,0
2026-06-13 10:00:00,M02,115,OP-11,2,60.95,1.988,4.059,bar,18.0,1790.7,14770.0,0
2026-06-13 10:00:00,M03,125,OP-01,2,63.07,2.119,4.265,bar,17.77,1779.1,15970.0,0
2026-06-13 10:00:00,M04,163,OP-01,2,63.56,3.203,3.998,bar,19.31,1772.8,20530.0,0
2026-06-13 10:00:00,M05,107,OP-07,2,63.26,2.116,4.137,bar,17.73,1768.4,13810.0,0
2026-06-13 10:00:00,M06,141,OP-07,2,62.97,3.367,4.121,bar,19.14,1765.8,17890.0,0
2026-06-13 10:00:00,M07,151,OP-12,2,62.44,3.348,3.806,bar,20.43,1761.6,19090.0,0
2026-06-13 10:00:00,M08,45,OP-12,2,61.89,2.589,4.191,bar,18.16,1773.2,6370.0,0
2026-06-13 10:00:00,M09,15,OP-02,2,69.41,2.961,4.064,bar,19.35,1763.8,2770.0,0
2026-06-13 10:00:00,M10,58,OP-12,2,72.75,4.564,3.545,bar,21.27,1739.6,7930.0,0
2026-06-13 10:00:00,M11,55,OP-11,2,56.55,2.301,4.214,bar,18.59,1781.7,7570.0,0
2026-06-13 10:00:00,M12,158,OP-10,2,73.61,2.834,3.846,bar,19.21,1746.0,19930.0,0
2026-06-13 10:00:00,M13,165,OP-06,2,60.71,2.057,4.184,bar,18.37,1771.1,20770.0,0
2026-06-13 10:00:00,M14,6,OP-07,2,65.26,3.1,3.941,bar,20.57,1754.9,1690.0,0
2026-06-13 10:00:00,M15,93,OP-07,2,73.03,4.065,3.608,bar,22.22,1757.7,12130.0,1
2026-06-13 10:00:00,M16,149,OP-02,2,72.14,3.246,3.877,bar,19.79,1756.9,18850.0,0
2026-06-13 10:00:00,M17,29,OP-05,2,60.79,2.134,4.261,bar,18.1,1774.5,4450.0,0
2026-06-13 10:00:00,M18,145,OP-10,2,62.89,1.732,59.463,psi,17.22,1797.8,18370.0,0
2026-06-13 10:00:00,M19,26,OP-06,2,67.91,,50.368,psi,22.01,1743.9,4090.0,0
2026-06-13 10:00:00,M20,87,OP-05,2,60.19,2.559,56.047,psi,19.19,1770.8,11410.0,0
2026-06-13 10:00:00,M21,148,OP-12,2,64.52,2.345,58.24,psi,18.88,1780.7,18730.0,0
2026-06-13 10:00:00,M22,59,OP-11,2,74.39,3.261,58.234,psi,20.63,1750.7,8050.0,0
2026-06-13 10:00:00,M23,65,OP-03,2,75.92,4.575,51.015,psi,21.76,1730.8,8770.0,1
2026-06-13 10:00:00,M24,54,OP-05,2,66.13,2.797,58.849,psi,17.97,1756.1,7450.0,0
2026-06-13 10:00:00,M25,131,OP-10,2,75.02,4.844,52.385,psi,22.55,1739.1,16690.0,0
2026-06-13 11:00:00,M01,171,OP-05,2,65.87,2.923,4.165,bar,19.34,1771.6,21491.0,0
2026-06-13 11:00:00,M02,115,OP-11,2,58.53,2.178,4.103,bar,17.49,1750.5,14771.0,0
2026-06-13 11:00:00,M03,125,OP-09,2,61.14,2.03,3.992,bar,17.59,1785.3,15971.0,0
2026-06-13 11:00:00,M04,163,OP-01,2,68.41,3.092,3.914,bar,19.65,1760.8,20531.0,0
2026-06-13 11:00:00,M05,107,OP-06,2,59.28,2.21,3.999,bar,18.19,1780.1,13811.0,0
2026-06-13 11:00:00,M06,141,OP-11,2,71.89,3.076,3.976,bar,19.02,1748.0,17891.0,0
2026-06-13 11:00:00,M07,151,OP-06,2,67.82,3.399,3.736,bar,20.13,1736.7,19091.0,0
2026-06-13 11:00:00,M08,45,OP-02,2,61.83,2.497,4.08,bar,18.4,1776.5,6371.0,0
2026-06-13 11:00:00,M09,15,OP-03,2,59.23,2.692,4.003,bar,19.82,1750.2,2771.0,0
2026-06-13 11:00:00,M10,58,OP-03,2,66.26,4.484,3.576,bar,22.03,1740.6,7931.0,0
2026-06-13 11:00:00,M11,55,OP-07,2,66.8,1.842,4.254,bar,19.04,1765.7,7571.0,0
2026-06-13 11:00:00,M12,158,OP-09,2,62.96,2.886,3.989,bar,19.62,1768.5,19931.0,0
2026-06-13 11:00:00,M13,165,OP-12,2,64.17,2.084,4.184,bar,17.8,1766.5,20771.0,0
2026-06-13 11:00:00,M14,6,OP-06,2,62.94,2.769,3.903,bar,19.84,1755.1,1691.0,0
2026-06-13 11:00:00,M15,93,OP-07,2,72.37,3.801,3.812,bar,19.68,1752.9,12131.0,1
2026-06-13 11:00:00,M16,149,OP-04,2,67.6,3.211,3.987,bar,20.4,1761.1,18851.0,0
2026-06-13 11:00:00,M17,29,OP-02,2,55.05,2.285,4.197,bar,18.51,1776.2,4451.0,0
2026-06-13 11:00:00,M18,145,OP-07,2,58.92,1.848,59.188,psi,17.04,1780.8,18371.0,0
2026-06-13 11:00:00,M19,26,OP-10,2,72.78,4.017,54.501,psi,20.15,1749.5,4091.0,0
2026-06-13 11:00:00,M20,87,OP-01,2,65.53,2.661,55.293,psi,19.62,1753.7,11411.0,0
2026-06-13 11:00:00,M21,148,OP-07,2,67.89,2.417,59.241,psi,18.39,1766.7,18731.0,0
2026-06-13 11:00:00,M22,59,OP-10,2,69.07,3.251,55.21,psi,19.69,1751.2,8051.0,0
2026-06-13 11:00:00,M23,65,OP-09,2,68.12,4.469,50.973,psi,21.59,1739.5,8771.0,1
2026-06-13 11:00:00,M24,54,OP-11,2,62.49,2.901,60.961,psi,19.12,1767.2,7451.0,0
2026-06-13 11:00:00,M25,131,OP-12,2,73.14,4.615,50.016,psi,23.81,1732.5,16691.0,0
2026-06-13 12:00:00,M01,171,OP-05,2,69.11,3.109,3.922,bar,19.51,1748.6,21492.0,0
2026-06-13 12:00:00,M02,115,OP-04,2,54.65,1.969,4.147,bar,18.07,1769.5,14772.0,0
2026-06-13 12:00:00,M03,125,OP-07,2,65.81,1.831,4.2,bar,18.56,1754.9,15972.0,0
2026-06-13 12:00:00,M04,163,OP-03,2,69.57,2.938,3.791,bar,19.42,1755.3,20532.0,0
2026-06-13 12:00:00,M05,107,OP-04,2,52.63,2.273,4.205,bar,17.33,1777.7,13812.0,0
2026-06-13 12:00:00,M06,141,OP-12,2,74.73,3.132,3.752,bar,19.25,1765.1,17892.0,0
2026-06-13 12:00:00,M07,151,OP-10,2,70.64,3.129,3.807,bar,20.78,1764.7,19092.0,0
2026-06-13 12:00:00,M08,45,OP-09,2,65.29,2.23,3.968,bar,19.07,1760.9,6372.0,0
2026-06-13 12:00:00,M09,15,OP-11,2,70.99,3.142,4.127,bar,20.2,1758.4,2772.0,0
2026-06-13 12:00:00,M10,58,OP-06,2,68.35,4.355,3.783,bar,22.99,1729.6,7932.0,0
2026-06-13 12:00:00,M11,55,OP-11,2,65.41,2.437,4.3,bar,19.08,1764.7,7572.0,0
2026-06-13 12:00:00,M12,158,OP-06,2,62.52,3.126,3.943,bar,20.0,1758.8,19932.0,0
2026-06-13 12:00:00,M13,165,OP-07,2,59.56,1.97,4.035,bar,18.02,1762.2,20772.0,0
2026-06-13 12:00:00,M14,6,OP-07,2,67.53,3.196,4.144,bar,19.54,1756.1,1692.0,0
2026-06-13 12:00:00,M15,93,OP-10,2,71.99,4.056,3.562,bar,21.07,1753.8,12132.0,1
2026-06-13 12:00:00,M16,149,OP-03,2,66.17,3.058,3.859,bar,19.48,1756.0,18852.0,0
2026-06-13 12:00:00,M17,29,OP-05,2,60.68,2.132,4.262,bar,18.28,1756.3,4452.0,0
2026-06-13 12:00:00,M18,145,OP-10,2,63.88,2.139,57.452,psi,18.17,1779.7,18372.0,0
2026-06-13 12:00:00,M19,26,OP-01,2,67.46,3.696,54.411,psi,20.49,1752.5,4092.0,0
2026-06-13 12:00:00,M20,87,OP-12,2,63.57,3.017,55.187,psi,18.93,1769.4,11412.0,0
2026-06-13 12:00:00,M21,148,OP-09,2,67.76,2.156,58.279,psi,17.81,1761.5,18732.0,0
2026-06-13 12:00:00,M22,59,OP-10,2,66.49,,56.795,psi,20.05,1749.1,8052.0,0
2026-06-13 12:00:00,M23,65,OP-07,2,77.28,4.605,53.562,psi,21.82,1740.5,8772.0,1
2026-06-13 12:00:00,M24,54,OP-04,2,70.69,2.855,56.936,psi,18.84,1757.0,7452.0,0
2026-06-13 12:00:00,M25,131,OP-07,2,70.18,4.6,48.352,psi,20.93,1734.4,16692.0,0
2026-06-13 13:00:00,M01,171,OP-07,2,63.36,2.988,4.086,bar,19.71,1764.2,21493.0,0
2026-06-13 13:00:00,M02,115,OP-12,2,59.13,2.148,4.212,bar,18.54,1771.6,14773.0,0
2026-06-13 13:00:00,M03,125,OP-05,2,61.72,1.925,4.063,bar,18.23,1760.6,15973.0,0
2026-06-13 13:00:00,M04,163,OP-07,2,69.68,2.755,3.799,bar,20.52,1776.4,20533.0,0
2026-06-13 13:00:00,M05,107,OP-07,2,64.77,2.065,4.183,bar,17.18,1778.3,13813.0,0
2026-06-13 13:00:00,M06,141,OP-04,2,65.12,3.1,3.634,bar,19.45,1757.1,17893.0,0
2026-06-13 13:00:00,M07,151,OP-06,2,75.14,3.64,3.62,bar,20.18,1754.3,19093.0,0
2026-06-13 13:00:00,M08,45,OP-07,2,60.54,2.232,4.112,bar,19.48,1771.5,6373.0,0
2026-06-13 13:00:00,M09,15,OP-04,2,71.31,,4.043,bar,19.09,1770.8,2773.0,0
2026-06-13 13:00:00,M10,58,OP-06,2,70.61,4.211,3.585,bar,22.68,1739.5,7933.0,0
2026-06-13 13:00:00,M11,55,OP-01,2,60.64,1.982,4.112,bar,17.79,1777.4,7573.0,0
2026-06-13 13:00:00,M12,158,OP-12,2,63.61,2.997,3.992,bar,18.8,1760.6,19933.0,0
2026-06-13 13:00:00,M13,165,OP-03,2,59.0,2.02,4.156,bar,17.68,1784.2,20773.0,0
2026-06-13 13:00:00,M14,6,OP-02,2,58.73,3.229,3.799,bar,18.75,1763.1,1693.0,0
2026-06-13 13:00:00,M15,93,OP-07,2,70.56,3.73,3.712,bar,21.95,1737.7,12133.0,1
2026-06-13 13:00:00,M16,149,OP-07,2,66.44,3.18,3.746,bar,21.47,1760.5,18853.0,0
2026-06-13 13:00:00,M17,29,OP-11,2,63.25,2.369,4.147,bar,17.54,1776.9,4453.0,0
2026-06-13 13:00:00,M18,145,OP-09,2,62.89,1.562,60.702,psi,18.14,1770.8,18373.0,0
2026-06-13 13:00:00,M19,26,OP-10,2,68.56,,52.123,psi,21.29,1753.0,4093.0,0
2026-06-13 13:00:00,M20,87,OP-12,2,66.5,2.57,57.937,psi,19.74,1758.4,11413.0,0
2026-06-13 13:00:00,M21,148,OP-07,2,65.9,2.44,59.496,psi,19.19,1776.0,18733.0,0
2026-06-13 13:00:00,M22,59,OP-03,2,72.52,3.595,57.352,psi,19.82,1764.6,8053.0,0
2026-06-13 13:00:00,M23,65,OP-10,2,75.88,4.35,53.105,psi,22.71,1727.2,8773.0,1
2026-06-13 13:00:00,M24,54,OP-10,2,63.1,2.764,60.002,psi,19.73,1758.6,7453.0,0
2026-06-13 13:00:00,M25,131,OP-07,2,74.68,,50.244,psi,22.03,1729.5,16693.0,0
2026-06-13 14:00:00,M01,171,OP-05,2,72.29,3.122,3.608,bar,19.99,1760.3,21494.0,0
2026-06-13 14:00:00,M02,115,OP-05,2,64.2,1.922,4.122,bar,18.21,1777.2,14774.0,0
2026-06-13 14:00:00,M03,125,OP-06,2,60.17,2.186,4.071,bar,18.52,1786.1,15974.0,0
2026-06-13 14:00:00,M04,163,OP-03,2,69.34,3.113,4.015,bar,19.28,1746.8,20534.0,0
2026-06-13 14:00:00,M05,107,OP-10,2,63.29,1.954,4.141,bar,18.99,1773.2,13814.0,0
2026-06-13 14:00:00,M06,141,OP-04,2,64.87,3.057,3.877,bar,18.59,1765.5,17894.0,0
2026-06-13 14:00:00,M07,151,OP-04,2,68.41,2.986,3.794,bar,19.26,1742.1,19094.0,0
2026-06-13 14:00:00,M08,45,OP-02,2,65.97,2.255,4.038,bar,19.76,1772.1,6374.0,0
2026-06-13 14:00:00,M09,15,OP-05,2,66.27,3.122,3.807,bar,19.11,1752.4,2774.0,0
2026-06-13 14:00:00,M10,58,OP-10,2,74.34,4.145,3.752,bar,22.03,1737.7,7934.0,0
2026-06-13 14:00:00,M11,55,OP-11,2,57.33,2.016,4.049,bar,17.76,1768.1,7574.0,0
2026-06-13 14:00:00,M12,158,OP-05,2,62.54,3.149,3.81,bar,20.64,1761.0,19934.0,0
2026-06-13 14:00:00,M13,165,OP-12,2,63.96,2.017,4.153,bar,18.36,1765.6,20774.0,0
2026-06-13 14:00:00,M14,6,OP-12,2,65.9,,4.078,bar,20.25,1756.3,1694.0,0
2026-06-13 14:00:00,M15,93,OP-07,2,73.89,3.33,3.652,bar,21.28,1741.3,12134.0,1
2026-06-13 14:00:00,M16,149,OP-04,2,57.09,3.087,3.892,bar,19.49,1766.8,18854.0,0
2026-06-13 14:00:00,M17,29,OP-07,2,65.8,2.135,4.204,bar,17.73,1763.9,4454.0,0
2026-06-13 14:00:00,M18,145,OP-04,2,61.99,1.877,60.812,psi,17.96,1774.8,18374.0,0
2026-06-13 14:00:00,M19,26,OP-01,2,69.83,3.642,55.528,psi,20.68,1747.7,4094.0,0
2026-06-13 14:00:00,M20,87,OP-04,2,67.24,2.777,59.984,psi,20.78,1755.4,11414.0,0
2026-06-13 14:00:00,M21,148,OP-03,2,66.51,2.436,56.102,psi,18.71,1756.4,18734.0,0
2026-06-13 14:00:00,M22,59,OP-02,2,67.76,3.144,54.727,psi,21.01,1756.3,8054.0,0
2026-06-13 14:00:00,M23,65,OP-05,2,73.47,4.42,53.886,psi,22.21,1727.2,8774.0,1
2026-06-13 14:00:00,M24,54,OP-05,2,66.73,2.666,58.478,psi,19.05,1772.5,7454.0,0
2026-06-13 14:00:00,M25,131,OP-07,2,76.63,4.369,53.391,psi,21.5,1738.4,16694.0,0
2026-06-13 15:00:00,M01,171,OP-05,2,69.98,3.214,4.081,bar,19.94,1768.3,21495.0,0
2026-06-13 15:00:00,M02,115,OP-04,2,57.84,2.1,4.021,bar,18.02,1785.7,14775.0,0
2026-06-13 15:00:00,M03,125,OP-01,2,62.41,1.899,4.149,bar,18.63,1776.7,15975.0,0
2026-06-13 15:00:00,M04,163,OP-10,2,74.45,3.02,3.815,bar,19.15,1765.9,20535.0,0
2026-06-13 15:00:00,M05,107,OP-11,2,66.16,2.153,4.258,bar,17.94,1780.8,13815.0,0
2026-06-13 15:00:00,M06,141,OP-10,2,70.8,2.964,4.005,bar,19.76,1748.3,17895.0,0
2026-06-13 15:00:00,M07,151,OP-05,2,67.57,3.348,3.889,bar,20.19,1756.3,19095.0,0
2026-06-13 15:00:00,M08,45,OP-12,2,63.5,2.515,4.274,bar,18.49,1770.4,6375.0,0
2026-06-13 15:00:00,M09,15,OP-01,2,65.97,,4.178,bar,20.54,1749.0,2775.0,0
2026-06-13 15:00:00,M10,58,OP-05,2,74.49,,3.634,bar,21.6,1724.5,7935.0,0
2026-06-13 15:00:00,M11,55,OP-11,2,58.5,2.155,4.221,bar,17.71,1768.9,7575.0,0
2026-06-13 15:00:00,M12,158,OP-10,2,71.4,2.944,4.017,bar,19.81,1758.6,19935.0,0
2026-06-13 15:00:00,M13,165,OP-07,2,60.89,2.014,4.314,bar,18.2,1769.8,20775.0,0
2026-06-13 15:00:00,M14,6,OP-03,2,66.25,3.183,3.886,bar,18.94,1759.7,1695.0,0
2026-06-13 15:00:00,M15,93,OP-07,2,75.71,3.958,3.991,bar,19.68,1755.9,12135.0,1
2026-06-13 15:00:00,M16,149,OP-04,2,70.72,3.298,3.695,bar,20.08,1770.3,18855.0,0
2026-06-13 15:00:00,M17,29,OP-10,2,59.16,2.157,4.115,bar,18.01,1787.8,4455.0,0
2026-06-13 15:00:00,M18,145,OP-07,2,67.15,1.781,60.891,psi,17.48,1788.6,18375.0,0
2026-06-13 15:00:00,M19,26,OP-07,2,65.69,3.785,54.991,psi,21.17,1739.0,4095.0,0
2026-06-13 15:00:00,M20,87,OP-04,2,63.08,2.931,56.566,psi,19.4,1764.0,11415.0,0
2026-06-13 15:00:00,M21,148,OP-07,2,71.06,2.262,57.209,psi,17.7,1766.3,18735.0,0
2026-06-13 15:00:00,M22,59,OP-12,2,63.3,3.403,58.775,psi,19.61,1755.0,8055.0,0
2026-06-13 15:00:00,M23,65,OP-09,2,74.1,4.663,55.132,psi,22.19,1733.1,8775.0,1
2026-06-13 15:00:00,M24,54,OP-11,2,64.74,2.824,58.316,psi,18.71,1764.5,7455.0,0
2026-06-13 15:00:00,M25,131,OP-10,2,74.78,4.568,51.649,psi,22.65,1730.6,16695.0,0
2026-06-13 16:00:00,M01,171,OP-04,3,69.02,3.267,3.908,bar,19.52,1761.5,21496.0,0
2026-06-13 16:00:00,M02,115,OP-07,3,60.51,2.079,3.948,bar,18.13,1773.4,14776.0,0
2026-06-13 16:00:00,M03,125,OP-12,3,64.98,2.25,4.051,bar,17.93,1767.1,15976.0,0
2026-06-13 16:00:00,M04,163,OP-05,3,68.71,3.193,3.907,bar,19.99,1744.8,20536.0,0
2026-06-13 16:00:00,M05,107,OP-01,3,61.87,1.862,3.987,bar,18.47,1780.4,13816.0,0
2026-06-13 16:00:00,M06,141,OP-06,3,63.37,3.034,3.886,bar,19.4,1764.1,17896.0,0
2026-06-13 16:00:00,M07,151,OP-02,3,69.39,,3.947,bar,19.01,1765.9,19096.0,0
2026-06-13 16:00:00,M08,45,OP-08,3,64.65,2.459,3.643,bar,19.32,1779.6,6376.0,0
2026-06-13 16:00:00,M09,15,OP-06,3,64.63,3.014,4.236,bar,18.96,1769.3,2776.0,0
2026-06-13 16:00:00,M10,58,OP-04,3,77.26,4.393,3.705,bar,21.68,1745.4,7936.0,0
2026-06-13 16:00:00,M11,55,OP-11,3,64.87,2.103,4.145,bar,18.45,1776.8,7576.0,0
2026-06-13 16:00:00,M12,158,OP-01,3,67.5,2.706,3.777,bar,18.92,1751.4,19936.0,0
2026-06-13 16:00:00,M13,165,OP-11,3,60.37,2.098,4.028,bar,17.69,1770.1,20776.0,0
2026-06-13 16:00:00,M14,6,OP-03,3,69.39,3.029,3.788,bar,18.64,1763.4,1696.0,0
2026-06-13 16:00:00,M15,93,OP-10,3,74.13,3.817,3.799,bar,20.98,1748.8,12136.0,1
2026-06-13 16:00:00,M16,149,OP-05,3,66.26,,3.867,bar,19.66,1750.6,18856.0,0
2026-06-13 16:00:00,M17,29,OP-03,3,62.26,2.131,4.178,bar,18.04,1772.9,4456.0,0
2026-06-13 16:00:00,M18,145,OP-02,3,62.13,1.773,60.406,psi,17.52,1770.0,18376.0,0
2026-06-13 16:00:00,M19,26,OP-07,3,68.59,3.674,56.818,psi,21.39,1736.2,4096.0,0
2026-06-13 16:00:00,M20,87,OP-07,3,70.77,2.685,55.072,psi,18.67,1756.5,11416.0,0
2026-06-13 16:00:00,M21,148,OP-01,3,64.73,2.414,56.74,psi,18.5,1765.3,18736.0,0
2026-06-13 16:00:00,M22,59,OP-12,3,68.38,3.452,57.445,psi,20.09,1750.5,8056.0,0
2026-06-13 16:00:00,M23,65,OP-01,3,69.27,4.74,49.655,psi,22.12,1743.7,8776.0,0
2026-06-13 16:00:00,M24,54,OP-05,3,63.5,2.591,56.586,psi,20.28,1769.8,7456.0,0
2026-06-13 16:00:00,M25,131,OP-11,3,69.86,,55.57,psi,22.82,1735.2,16696.0,0
2026-06-13 17:00:00,M01,171,OP-10,3,65.09,2.965,3.688,bar,19.75,1767.0,21497.0,0
2026-06-13 17:00:00,M02,115,OP-01,3,60.06,2.139,4.275,bar,17.73,1766.7,14777.0,0
2026-06-13 17:00:00,M03,125,OP-03,3,57.71,2.329,3.989,bar,18.55,1770.7,15977.0,0
2026-06-13 17:00:00,M04,163,OP-07,3,67.53,2.982,3.93,bar,20.76,1742.9,20537.0,0
2026-06-13 17:00:00,M05,107,OP-07,3,61.22,2.303,4.129,bar,18.09,1767.6,13817.0,0
2026-06-13 17:00:00,M06,141,OP-09,3,67.07,3.095,3.98,bar,19.54,1761.4,17897.0,0
2026-06-13 17:00:00,M07,151,OP-07,3,64.78,3.464,3.708,bar,19.24,1759.3,19097.0,0
2026-06-13 17:00:00,M08,45,OP-03,3,62.27,2.413,3.959,bar,18.56,1770.5,6377.0,0
2026-06-13 17:00:00,M09,15,OP-04,3,70.35,3.246,3.949,bar,19.98,1763.5,2777.0,0
2026-06-13 17:00:00,M10,58,OP-04,3,72.5,4.371,3.698,bar,22.4,1736.7,7937.0,0
2026-06-13 17:00:00,M11,55,OP-03,3,62.13,2.171,4.156,bar,18.46,1769.3,7577.0,0
2026-06-13 17:00:00,M12,158,OP-01,3,69.0,3.027,3.894,bar,19.25,1756.1,19937.0,0
2026-06-13 17:00:00,M13,165,OP-11,3,60.67,2.013,4.203,bar,15.9,1766.9,20777.0,0
2026-06-13 17:00:00,M14,6,OP-06,3,65.9,2.635,3.828,bar,19.77,1765.7,1697.0,0
2026-06-13 17:00:00,M15,93,OP-07,3,67.29,3.871,3.465,bar,20.71,1748.9,12137.0,1
2026-06-13 17:00:00,M16,149,OP-02,3,63.15,3.301,3.995,bar,20.4,1768.3,18857.0,0
2026-06-13 17:00:00,M17,29,OP-10,3,55.91,2.056,4.105,bar,18.07,1762.9,4457.0,0
2026-06-13 17:00:00,M18,145,OP-07,3,55.12,1.662,63.25,psi,17.74,1785.7,18377.0,0
2026-06-13 17:00:00,M19,26,OP-06,3,74.61,3.794,52.415,psi,20.26,1745.9,4097.0,0
2026-06-13 17:00:00,M20,87,OP-05,3,61.3,2.875,56.411,psi,19.87,1769.0,11417.0,0
2026-06-13 17:00:00,M21,148,OP-09,3,59.07,2.164,54.753,psi,18.66,1782.3,18737.0,0
2026-06-13 17:00:00,M22,59,OP-11,3,65.77,3.55,55.644,psi,20.44,1757.2,8057.0,0
2026-06-13 17:00:00,M23,65,OP-11,3,61.33,1.889,60.877,psi,17.42,1776.9,8777.0,0
2026-06-13 17:00:00,M24,54,OP-10,3,65.36,2.615,60.729,psi,18.89,1746.5,7457.0,0
2026-06-13 17:00:00,M25,131,OP-07,3,72.13,4.654,49.134,psi,23.29,1720.2,16697.0,0
2026-06-13 18:00:00,M01,171,OP-10,3,65.41,3.308,3.999,bar,19.95,1758.3,21498.0,0
2026-06-13 18:00:00,M02,115,OP-04,3,67.11,1.938,4.26,bar,17.77,1781.4,14778.0,0
2026-06-13 18:00:00,M03,125,OP-07,3,62.32,2.36,4.0,bar,18.84,1772.8,15978.0,0
2026-06-13 18:00:00,M04,163,OP-05,3,69.98,3.265,3.824,bar,19.67,1748.2,20538.0,0
2026-06-13 18:00:00,M05,107,OP-09,3,62.5,2.025,4.221,bar,17.24,1774.7,13818.0,0
2026-06-13 18:00:00,M06,141,OP-07,3,66.81,2.926,4.0,bar,20.54,1759.4,17898.0,0
2026-06-13 18:00:00,M07,151,OP-07,3,74.47,3.321,3.828,bar,19.84,1750.8,19098.0,0
2026-06-13 18:00:00,M08,45,OP-12,3,64.38,2.562,4.076,bar,17.95,1764.6,6378.0,0
2026-06-13 18:00:00,M09,15,OP-02,3,70.8,2.996,3.985,bar,19.1,1751.8,2778.0,0
2026-06-13 18:00:00,M10,58,OP-09,3,77.38,4.719,3.65,bar,20.64,1743.2,7938.0,0
2026-06-13 18:00:00,M11,55,OP-07,3,67.44,2.236,4.011,bar,17.94,1761.8,7578.0,0
2026-06-13 18:00:00,M12,158,OP-07,3,63.32,2.928,3.882,bar,20.13,1760.3,19938.0,0
2026-06-13 18:00:00,M13,165,OP-05,3,60.94,2.15,4.199,bar,17.56,1777.6,20778.0,0
2026-06-13 18:00:00,M14,6,OP-11,3,73.48,3.039,4.149,bar,20.74,1757.8,1698.0,0
2026-06-13 18:00:00,M15,93,OP-07,3,72.07,3.983,3.598,bar,21.24,1743.1,12138.0,1
2026-06-13 18:00:00,M16,149,OP-02,3,71.15,3.206,3.818,bar,19.89,1759.3,18858.0,0
2026-06-13 18:00:00,M17,29,OP-04,3,61.21,1.997,3.937,bar,18.01,1780.9,4458.0,0
2026-06-13 18:00:00,M18,145,OP-09,3,59.91,2.126,61.052,psi,18.03,1774.0,18378.0,0
2026-06-13 18:00:00,M19,26,OP-06,3,72.0,4.01,55.772,psi,21.24,1754.0,4098.0,0
2026-06-13 18:00:00,M20,87,OP-04,3,64.98,2.639,59.593,psi,19.65,1751.2,11418.0,0
2026-06-13 18:00:00,M21,148,OP-01,3,64.44,2.338,57.162,psi,19.16,1766.3,18738.0,0
2026-06-13 18:00:00,M22,59,OP-12,3,67.49,3.151,57.565,psi,20.86,1748.3,8058.0,0
2026-06-13 18:00:00,M23,65,OP-05,3,66.34,2.149,59.81,psi,18.31,1778.7,8778.0,0
2026-06-13 18:00:00,M24,54,OP-11,3,67.44,2.815,55.625,psi,18.97,1778.5,7458.0,0
2026-06-13 18:00:00,M25,131,OP-12,3,74.22,4.904,53.642,psi,21.83,1738.9,16698.0,0
2026-06-13 19:00:00,M01,171,OP-07,3,63.99,3.055,4.029,bar,18.76,1766.1,21499.0,0
2026-06-13 19:00:00,M02,115,OP-03,3,63.41,2.067,4.05,bar,16.96,1787.0,14779.0,0
2026-06-13 19:00:00,M03,125,OP-09,3,59.86,2.204,3.975,bar,19.22,1781.1,15979.0,0
2026-06-13 19:00:00,M04,163,OP-05,3,69.94,3.124,3.773,bar,19.03,1763.7,20539.0,0
2026-06-13 19:00:00,M05,107,OP-04,3,61.16,1.885,4.053,bar,18.6,1776.8,13819.0,0
2026-06-13 19:00:00,M06,141,OP-09,3,68.19,2.983,4.046,bar,21.54,1750.3,17899.0,0
2026-06-13 19:00:00,M07,151,OP-05,3,67.42,3.231,3.892,bar,21.65,1751.1,19099.0,0
2026-06-13 19:00:00,M08,45,OP-03,3,65.22,2.612,4.029,bar,16.98,1773.6,6379.0,0
2026-06-13 19:00:00,M09,15,OP-02,3,68.54,3.043,3.932,bar,19.64,1775.4,2779.0,0
2026-06-13 19:00:00,M10,58,OP-09,3,71.45,4.658,3.528,bar,22.3,1742.2,7939.0,0
2026-06-13 19:00:00,M11,55,OP-04,3,62.69,2.096,3.989,bar,17.58,1765.4,7579.0,0
2026-06-13 19:00:00,M12,158,OP-01,3,67.63,2.609,4.002,bar,18.87,1745.3,19939.0,0
2026-06-13 19:00:00,M13,165,OP-08,3,59.97,2.007,4.27,bar,17.24,1766.0,20779.0,0
2026-06-13 19:00:00,M14,6,OP-03,3,62.42,3.552,3.984,bar,20.75,1757.4,1699.0,0
2026-06-13 19:00:00,M15,93,OP-05,3,65.3,3.727,3.678,bar,20.39,1742.8,12139.0,1
2026-06-13 19:00:00,M16,149,OP-07,3,62.18,3.276,4.057,bar,20.44,1760.4,18859.0,0
2026-06-13 19:00:00,M17,29,OP-06,3,60.56,2.21,4.088,bar,17.63,1769.3,4459.0,0
2026-06-13 19:00:00,M18,145,OP-03,3,59.3,1.785,61.275,psi,18.0,1773.9,18379.0,0
2026-06-13 19:00:00,M19,26,OP-03,3,74.17,3.817,53.16,psi,21.34,1751.7,4099.0,0
2026-06-13 19:00:00,M20,87,OP-05,3,66.51,3.146,59.647,psi,19.2,1759.6,11419.0,0
2026-06-13 19:00:00,M21,148,OP-03,3,65.68,2.451,56.943,psi,18.12,1778.2,18739.0,0
2026-06-13 19:00:00,M22,59,OP-08,3,65.11,3.226,54.053,psi,20.05,1744.2,8059.0,0
2026-06-13 19:00:00,M23,65,OP-04,3,62.45,1.951,60.115,psi,17.75,1774.6,8779.0,0
2026-06-13 19:00:00,M24,54,OP-02,3,63.07,2.739,58.206,psi,19.27,1772.4,7459.0,0
2026-06-13 19:00:00,M25,131,OP-07,3,74.76,4.612,51.135,psi,22.94,1737.8,16699.0,0
2026-06-13 20:00:00,M01,171,OP-04,3,71.73,2.976,4.047,bar,19.28,1761.0,21500.0,0
2026-06-13 20:00:00,M02,115,OP-12,3,62.73,1.962,4.307,bar,17.94,1754.0,14780.0,0
2026-06-13 20:00:00,M03,125,OP-07,3,66.62,2.163,4.115,bar,18.27,1770.0,15980.0,0
2026-06-13 20:00:00,M04,163,OP-08,3,67.35,3.072,3.749,bar,20.24,1759.0,20540.0,0
2026-06-13 20:00:00,M05,107,OP-11,3,57.26,2.154,4.135,bar,18.56,1767.4,13820.0,0
2026-06-13 20:00:00,M06,141,OP-06,3,65.34,2.946,4.093,bar,18.47,1757.5,17900.0,0
2026-06-13 20:00:00,M07,151,OP-02,3,71.03,3.352,3.76,bar,20.83,1757.6,19100.0,0
2026-06-13 20:00:00,M08,45,OP-09,3,63.43,2.459,3.91,bar,17.8,1780.5,6380.0,0
2026-06-13 20:00:00,M09,15,OP-05,3,66.16,3.089,3.705,bar,20.26,1783.0,2780.0,0
2026-06-13 20:00:00,M10,58,OP-12,3,71.45,4.59,3.773,bar,21.03,1740.3,7940.0,0
2026-06-13 20:00:00,M11,55,OP-01,3,60.5,2.044,4.146,bar,18.15,1749.9,7580.0,0
2026-06-13 20:00:00,M12,158,OP-07,3,66.53,2.882,3.737,bar,19.51,1781.0,19940.0,0
2026-06-13 20:00:00,M13,165,OP-07,3,61.98,1.839,4.193,bar,18.37,1782.9,20780.0,0
2026-06-13 20:00:00,M14,6,OP-05,3,70.48,3.032,3.975,bar,18.85,1762.0,1700.0,0
2026-06-13 20:00:00,M15,93,OP-08,3,68.78,4.206,3.822,bar,20.68,1744.9,12140.0,1
2026-06-13 20:00:00,M16,149,OP-03,3,69.16,3.243,4.048,bar,20.2,1756.0,18860.0,0
2026-06-13 20:00:00,M17,29,OP-01,3,59.85,2.219,3.958,bar,17.69,1778.5,4460.0,0
2026-06-13 20:00:00,M18,145,OP-07,3,60.34,1.901,62.018,psi,17.52,1774.4,18380.0,0
2026-06-13 20:00:00,M19,26,OP-10,3,65.51,,53.819,psi,20.24,1750.0,4100.0,0
2026-06-13 20:00:00,M20,87,OP-07,3,62.1,3.098,58.698,psi,19.28,1770.8,11420.0,0
2026-06-13 20:00:00,M21,148,OP-09,3,65.21,2.581,58.712,psi,18.22,1763.7,18740.0,0
2026-06-13 20:00:00,M22,59,OP-02,3,71.1,3.141,57.568,psi,20.18,1755.8,8060.0,0
2026-06-13 20:00:00,M23,65,OP-12,3,61.63,2.357,57.085,psi,18.11,1766.8,8780.0,0
2026-06-13 20:00:00,M24,54,OP-11,3,68.98,2.723,55.173,psi,18.43,1768.8,7460.0,0
2026-06-13 20:00:00,M25,131,OP-07,3,75.56,4.5,54.553,psi,22.07,1717.0,16700.0,0
2026-06-13 21:00:00,M01,171,OP-06,3,63.11,3.113,4.044,bar,19.27,1775.3,21501.0,0
2026-06-13 21:00:00,M02,115,OP-03,3,66.29,2.068,4.121,bar,18.62,1779.1,14781.0,0
2026-06-13 21:00:00,M03,125,OP-06,3,68.77,2.114,4.15,bar,18.03,1772.5,15981.0,0
2026-06-13 21:00:00,M04,163,OP-08,3,65.19,3.217,3.85,bar,19.15,1755.2,20541.0,0
2026-06-13 21:00:00,M05,107,OP-07,3,61.22,2.286,4.108,bar,18.61,1777.4,13821.0,0
2026-06-13 21:00:00,M06,141,OP-04,3,70.52,3.128,3.98,bar,19.25,1770.1,17901.0,0
2026-06-13 21:00:00,M07,151,OP-07,3,67.48,,3.958,bar,20.92,1746.9,19101.0,0
2026-06-13 21:00:00,M08,45,OP-12,3,58.03,2.724,4.16,bar,19.14,1764.9,6381.0,0
2026-06-13 21:00:00,M09,15,OP-07,3,65.16,2.908,3.938,bar,19.97,1755.5,2781.0,0
2026-06-13 21:00:00,M10,58,OP-11,3,75.08,4.573,3.522,bar,22.17,1738.8,7941.0,0
2026-06-13 21:00:00,M11,55,OP-02,3,63.12,2.275,4.014,bar,18.78,1778.8,7581.0,0
2026-06-13 21:00:00,M12,158,OP-03,3,64.13,3.405,4.035,bar,20.45,1767.6,19941.0,0
2026-06-13 21:00:00,M13,165,OP-07,3,61.47,2.109,4.237,bar,17.33,1777.4,20781.0,0
2026-06-13 21:00:00,M14,6,OP-07,3,70.8,3.026,3.547,bar,18.77,1756.8,1701.0,0
2026-06-13 21:00:00,M15,93,OP-09,3,68.82,4.252,3.797,bar,21.63,1749.4,12141.0,1
2026-06-13 21:00:00,M16,149,OP-03,3,67.49,3.044,4.0,bar,19.8,1756.3,18861.0,0
2026-06-13 21:00:00,M17,29,OP-11,3,58.92,2.214,4.118,bar,18.19,1749.3,4461.0,0
2026-06-13 21:00:00,M18,145,OP-07,3,60.64,2.033,59.683,psi,18.34,1790.0,18381.0,0
2026-06-13 21:00:00,M19,26,OP-10,3,74.39,3.871,53.844,psi,21.05,1744.1,4101.0,0
2026-06-13 21:00:00,M20,87,OP-07,3,67.48,2.943,58.82,psi,19.86,1749.5,11421.0,0
2026-06-13 21:00:00,M21,148,OP-06,3,58.54,2.185,57.98,psi,18.65,1777.7,18741.0,0
2026-06-13 21:00:00,M22,59,OP-09,3,68.96,,54.333,psi,20.16,1765.1,8061.0,0
2026-06-13 21:00:00,M23,65,OP-04,3,64.66,,59.22,psi,17.3,1790.8,8781.0,0
2026-06-13 21:00:00,M24,54,OP-06,3,69.5,2.702,59.651,psi,19.34,1755.6,7461.0,0
2026-06-13 21:00:00,M25,131,OP-06,3,72.72,4.59,53.27,psi,22.96,1732.2,16701.0,0
2026-06-13 22:00:00,M01,171,OP-07,3,65.38,2.922,3.899,bar,19.63,1752.5,21502.0,0
2026-06-13 22:00:00,M02,115,OP-01,3,58.41,2.188,4.183,bar,17.83,1776.8,14782.0,0
2026-06-13 22:00:00,M03,125,OP-06,3,58.14,2.585,4.1,bar,17.66,1761.9,15982.0,0
2026-06-13 22:00:00,M04,163,OP-02,3,60.44,3.105,4.021,bar,19.76,1760.2,20542.0,0
2026-06-13 22:00:00,M05,107,OP-09,3,65.38,2.21,4.167,bar,19.05,1783.7,13822.0,0
2026-06-13 22:00:00,M06,141,OP-07,3,74.99,3.095,3.888,bar,19.48,1769.5,17902.0,0
2026-06-13 22:00:00,M07,151,OP-05,3,69.78,3.591,3.839,bar,19.32,1762.9,19102.0,0
2026-06-13 22:00:00,M08,45,OP-07,3,65.55,2.699,4.051,bar,19.59,1760.3,6382.0,0
2026-06-13 22:00:00,M09,15,OP-04,3,67.77,3.079,3.88,bar,18.87,1750.3,2782.0,0
2026-06-13 22:00:00,M10,58,OP-09,3,79.86,4.287,3.645,bar,22.5,1723.4,7942.0,0
2026-06-13 22:00:00,M11,55,OP-01,3,67.7,2.221,4.108,bar,18.59,1767.2,7582.0,0
2026-06-13 22:00:00,M12,158,OP-12,3,70.76,2.595,3.862,bar,20.34,1765.0,19942.0,0
2026-06-13 22:00:00,M13,165,OP-07,3,59.3,1.928,3.934,bar,17.35,1776.9,20782.0,0
2026-06-13 22:00:00,M14,6,OP-01,3,66.69,2.91,3.816,bar,19.59,1773.9,1702.0,0
2026-06-13 22:00:00,M15,93,OP-07,3,68.89,4.058,3.693,bar,20.94,1757.3,12142.0,1
2026-06-13 22:00:00,M16,149,OP-02,3,68.6,,3.865,bar,19.87,1749.4,18862.0,0
2026-06-13 22:00:00,M17,29,OP-01,3,60.67,2.154,4.211,bar,17.0,1766.7,4462.0,0
2026-06-13 22:00:00,M18,145,OP-01,3,58.37,2.05,58.172,psi,18.29,1780.0,18382.0,0
2026-06-13 22:00:00,M19,26,OP-05,3,69.22,,51.09,psi,20.82,1733.8,4102.0,0
2026-06-13 22:00:00,M20,87,OP-08,3,59.89,3.083,57.454,psi,19.29,1770.1,11422.0,0
2026-06-13 22:00:00,M21,148,OP-02,3,58.62,2.474,60.748,psi,18.31,1770.3,18742.0,0
2026-06-13 22:00:00,M22,59,OP-07,3,69.16,3.277,55.257,psi,19.96,1751.9,8062.0,0
2026-06-13 22:00:00,M23,65,OP-11,3,66.88,1.689,57.94,psi,19.03,1772.8,8782.0,0
2026-06-13 22:00:00,M24,54,OP-06,3,66.01,2.698,58.56,psi,19.41,1762.0,7462.0,0
2026-06-13 22:00:00,M25,131,OP-10,3,74.55,,52.658,psi,21.67,1735.2,16702.0,0
2026-06-13 23:00:00,M01,171,OP-06,3,65.95,3.146,3.813,bar,19.6,1767.6,21503.0,0
2026-06-13 23:00:00,M02,115,OP-05,3,62.25,2.55,4.279,bar,17.54,1767.7,14783.0,0
2026-06-13 23:00:00,M03,125,OP-11,3,63.97,2.361,3.919,bar,17.97,1784.1,15983.0,0
2026-06-13 23:00:00,M04,163,OP-10,3,69.28,3.173,3.883,bar,19.64,1750.8,20543.0,0
2026-06-13 23:00:00,M05,107,OP-07,3,61.02,1.942,4.022,bar,17.99,1784.6,13823.0,0
2026-06-13 23:00:00,M06,141,OP-02,3,61.75,3.144,3.9,bar,19.1,1752.5,17903.0,0
2026-06-13 23:00:00,M07,151,OP-09,3,73.51,3.311,3.624,bar,20.47,1758.0,19103.0,0
2026-06-13 23:00:00,M08,45,OP-06,3,61.74,2.524,3.97,bar,20.39,1775.3,6383.0,0
2026-06-13 23:00:00,M09,15,OP-08,3,64.23,2.742,3.813,bar,19.19,1763.9,2783.0,0
2026-06-13 23:00:00,M10,58,OP-07,3,73.55,,3.553,bar,22.14,1739.7,7943.0,0
2026-06-13 23:00:00,M11,55,OP-12,3,56.86,2.238,4.263,bar,17.03,1786.7,7583.0,0
2026-06-13 23:00:00,M12,158,OP-07,3,67.99,2.95,4.11,bar,18.71,1759.9,19943.0,0
2026-06-13 23:00:00,M13,165,OP-08,3,59.89,1.94,4.052,bar,17.12,1766.8,20783.0,0
2026-06-13 23:00:00,M14,6,OP-05,3,67.01,3.358,3.827,bar,20.37,1758.7,1703.0,0
2026-06-13 23:00:00,M15,93,OP-07,3,73.56,4.111,3.574,bar,21.21,1754.1,12143.0,1
2026-06-13 23:00:00,M16,149,OP-07,3,66.35,3.52,3.806,bar,20.93,1772.0,18863.0,0
2026-06-13 23:00:00,M17,29,OP-08,3,60.4,2.312,4.015,bar,18.44,1776.3,4463.0,0
2026-06-13 23:00:00,M18,145,OP-07,3,61.27,1.708,60.098,psi,17.84,1773.3,18383.0,0
2026-06-13 23:00:00,M19,26,OP-11,3,72.04,3.813,55.206,psi,21.18,1747.7,4103.0,0
2026-06-13 23:00:00,M20,87,OP-07,3,71.96,2.975,55.87,psi,19.85,1757.9,11423.0,0
2026-06-13 23:00:00,M21,148,OP-04,3,69.1,2.551,57.586,psi,19.05,1765.7,18743.0,0
2026-06-13 23:00:00,M22,59,OP-07,3,67.88,3.418,54.175,psi,20.21,1751.6,8063.0,0
2026-06-13 23:00:00,M23,65,OP-01,3,58.66,1.626,57.826,psi,18.52,1781.2,8783.0,0
2026-06-13 23:00:00,M24,54,OP-03,3,61.96,2.621,56.672,psi,18.79,1768.6,7463.0,0
2026-06-13 23:00:00,M25,131,OP-02,3,78.33,4.846,49.329,psi,22.13,1734.1,16703.0,0
2026-06-14 00:00:00,M01,171,OP-06,1,67.83,3.195,3.846,bar,19.62,1761.7,21504.0,0
2026-06-14 00:00:00,M02,115,OP-10,1,59.99,2.113,4.068,bar,18.6,1770.4,14784.0,0
2026-06-14 00:00:00,M03,125,OP-07,1,59.97,2.281,4.125,bar,18.2,1776.0,15984.0,0
2026-06-14 00:00:00,M04,163,OP-12,1,65.65,3.073,3.863,bar,19.09,1769.0,20544.0,0
2026-06-14 00:00:00,M05,107,OP-09,1,55.39,2.356,4.337,bar,18.19,1772.4,13824.0,0
2026-06-14 00:00:00,M06,141,OP-07,1,66.83,3.14,3.833,bar,19.84,1757.6,17904.0,0
2026-06-14 00:00:00,M07,151,OP-03,1,73.74,3.623,3.841,bar,19.92,1757.8,19104.0,0
2026-06-14 00:00:00,M08,45,OP-10,1,66.24,2.383,4.286,bar,19.86,1773.1,6384.0,0
2026-06-14 00:00:00,M09,15,OP-12,1,65.26,2.981,3.938,bar,18.59,1765.4,2784.0,0
2026-06-14 00:00:00,M10,58,OP-06,1,80.48,4.235,3.651,bar,22.05,1751.1,7944.0,0
2026-06-14 00:00:00,M11,55,OP-05,1,59.86,2.193,4.031,bar,18.8,1768.6,7584.0,0
2026-06-14 00:00:00,M12,158,OP-01,1,71.35,3.234,3.873,bar,20.51,1767.4,19944.0,0
2026-06-14 00:00:00,M13,165,OP-05,1,65.08,2.255,4.311,bar,17.85,1773.9,20784.0,0
2026-06-14 00:00:00,M14,6,OP-07,1,70.76,2.819,3.862,bar,19.36,1776.2,1704.0,0
2026-06-14 00:00:00,M15,93,OP-12,1,71.09,3.931,3.621,bar,20.44,1744.2,12144.0,1
2026-06-14 00:00:00,M16,149,OP-07,1,70.95,3.284,3.881,bar,19.35,1756.7,18864.0,0
2026-06-14 00:00:00,M17,29,OP-03,1,59.75,2.287,4.155,bar,17.22,1769.7,4464.0,0
2026-06-14 00:00:00,M18,145,OP-06,1,57.15,1.965,59.432,psi,17.8,1767.0,18384.0,0
2026-06-14 00:00:00,M19,26,OP-12,1,74.85,3.931,53.49,psi,19.6,1736.5,4104.0,0
2026-06-14 00:00:00,M20,87,OP-04,1,66.05,3.042,58.495,psi,19.4,1754.2,11424.0,0
2026-06-14 00:00:00,M21,148,OP-02,1,63.61,2.452,57.669,psi,17.82,1770.3,18744.0,0
2026-06-14 00:00:00,M22,59,OP-03,1,64.96,3.289,56.178,psi,19.52,1747.9,8064.0,0
2026-06-14 00:00:00,M23,65,OP-12,1,59.71,1.792,59.296,psi,19.12,1780.5,8784.0,0
2026-06-14 00:00:00,M24,54,OP-12,1,67.17,2.559,59.739,psi,19.17,1766.7,7464.0,0
2026-06-14 00:00:00,M25,131,OP-07,1,77.31,,51.229,psi,21.69,1725.8,16704.0,0
2026-06-14 01:00:00,M01,171,OP-03,1,66.05,3.124,3.895,bar,19.25,1759.3,21505.0,0
2026-06-14 01:00:00,M02,115,OP-11,1,60.58,2.222,4.031,bar,18.18,1776.4,14785.0,0
2026-06-14 01:00:00,M03,125,OP-07,1,63.99,2.242,4.223,bar,18.35,1768.6,15985.0,0
2026-06-14 01:00:00,M04,163,OP-01,1,68.1,3.255,4.102,bar,20.31,1757.4,20545.0,0
2026-06-14 01:00:00,M05,107,OP-06,1,64.48,2.201,3.952,bar,17.72,1750.3,13825.0,0
2026-06-14 01:00:00,M06,141,OP-10,1,65.73,3.206,4.273,bar,19.63,1769.7,17905.0,0
2026-06-14 01:00:00,M07,151,OP-12,1,70.17,3.452,3.631,bar,19.37,1744.3,19105.0,0
2026-06-14 01:00:00,M08,45,OP-06,1,67.31,2.689,4.177,bar,18.17,1758.4,6385.0,0
2026-06-14 01:00:00,M09,15,OP-05,1,68.97,3.014,3.746,bar,19.35,1755.9,2785.0,0
2026-06-14 01:00:00,M10,58,OP-09,1,73.55,4.369,3.534,bar,22.91,1731.2,7945.0,0
2026-06-14 01:00:00,M11,55,OP-05,1,62.35,2.228,3.903,bar,18.58,1752.7,7585.0,0
2026-06-14 01:00:00,M12,158,OP-04,1,67.84,3.22,3.739,bar,19.52,1770.4,19945.0,0
2026-06-14 01:00:00,M13,165,OP-07,1,55.71,2.424,4.141,bar,18.18,1763.0,20785.0,0
2026-06-14 01:00:00,M14,6,OP-05,1,68.42,3.034,3.948,bar,20.05,1750.7,1705.0,0
2026-06-14 01:00:00,M15,93,OP-07,1,65.7,4.122,3.691,bar,21.36,1738.9,12145.0,1
2026-06-14 01:00:00,M16,149,OP-07,1,69.73,3.423,4.044,bar,20.36,1749.5,18865.0,0
2026-06-14 01:00:00,M17,29,OP-06,1,59.53,2.067,4.021,bar,18.43,1773.7,4465.0,0
2026-06-14 01:00:00,M18,145,OP-05,1,59.0,1.748,61.118,psi,18.24,1797.0,18385.0,0
2026-06-14 01:00:00,M19,26,OP-07,1,66.49,,54.875,psi,20.44,1745.3,4105.0,0
2026-06-14 01:00:00,M20,87,OP-10,1,70.13,2.711,53.903,psi,19.24,1767.8,11425.0,0
2026-06-14 01:00:00,M21,148,OP-07,1,63.59,2.502,60.169,psi,18.16,1779.5,18745.0,0
2026-06-14 01:00:00,M22,59,OP-11,1,68.59,3.331,58.495,psi,19.73,1771.2,8065.0,0
2026-06-14 01:00:00,M23,65,OP-07,1,55.78,1.856,58.913,psi,17.26,1770.1,8785.0,0
2026-06-14 01:00:00,M24,54,OP-06,1,64.5,2.572,60.379,psi,19.41,1760.8,7465.0,0
2026-06-14 01:00:00,M25,131,OP-08,1,79.58,,54.837,psi,22.88,1731.9,16705.0,0
2026-06-14 02:00:00,M01,171,OP-12,1,63.29,,3.947,bar,20.18,1753.3,21506.0,0
2026-06-14 02:00:00,M02,115,OP-11,1,58.52,2.136,3.915,bar,18.18,1774.3,14786.0,0
2026-06-14 02:00:00,M03,125,OP-04,1,59.39,2.355,3.967,bar,17.45,1761.6,15986.0,0
2026-06-14 02:00:00,M04,163,OP-04,1,65.64,2.942,4.061,bar,20.03,1760.8,20546.0,0
2026-06-14 02:00:00,M05,107,OP-07,1,64.27,2.141,4.126,bar,17.89,1780.5,13826.0,0
2026-06-14 02:00:00,M06,141,OP-08,1,62.32,2.92,4.043,bar,19.85,1765.8,17906.0,0
2026-06-14 02:00:00,M07,151,OP-10,1,69.75,3.647,3.826,bar,19.63,1737.3,19106.0,0
2026-06-14 02:00:00,M08,45,OP-10,1,63.33,2.37,4.002,bar,18.38,1756.3,6386.0,0
2026-06-14 02:00:00,M09,15,OP-12,1,67.88,2.959,4.003,bar,19.25,1748.6,2786.0,0
2026-06-14 02:00:00,M10,58,OP-03,1,74.13,4.392,3.698,bar,21.54,1730.6,7946.0,0
2026-06-14 02:00:00,M11,55,OP-07,1,58.98,2.311,4.118,bar,17.96,1763.6,7586.0,0
2026-06-14 02:00:00,M12,158,OP-03,1,62.41,3.142,3.804,bar,20.07,1760.2,19946.0,0
2026-06-14 02:00:00,M13,165,OP-10,1,60.29,2.196,3.916,bar,17.53,1785.9,20786.0,0
2026-06-14 02:00:00,M14,6,OP-02,1,68.7,3.075,3.86,bar,18.82,1760.6,1706.0,0
2026-06-14 02:00:00,M15,93,OP-07,1,64.42,,3.707,bar,21.23,1735.9,12146.0,1
2026-06-14 02:00:00,M16,149,OP-01,1,61.65,3.283,3.887,bar,19.62,1770.3,18866.0,0
2026-06-14 02:00:00,M17,29,OP-09,1,61.72,2.013,4.068,bar,17.45,1783.9,4466.0,0
2026-06-14 02:00:00,M18,145,OP-08,1,64.0,1.787,60.088,psi,17.8,1778.8,18386.0,0
2026-06-14 02:00:00,M19,26,OP-01,1,72.37,4.05,56.609,psi,20.97,1748.9,4106.0,0
2026-06-14 02:00:00,M20,87,OP-05,1,62.98,2.852,61.224,psi,19.7,1768.8,11426.0,0
2026-06-14 02:00:00,M21,148,OP-11,1,69.9,2.331,56.213,psi,18.28,1766.2,18746.0,0
2026-06-14 02:00:00,M22,59,OP-04,1,65.8,3.059,58.514,psi,20.65,1753.6,8066.0,0
2026-06-14 02:00:00,M23,65,OP-03,1,60.51,2.004,58.433,psi,17.49,1777.7,8786.0,0
2026-06-14 02:00:00,M24,54,OP-10,1,69.55,2.671,57.999,psi,18.83,1775.3,7466.0,0
2026-06-14 02:00:00,M25,131,OP-04,1,73.36,5.022,50.379,psi,22.69,1743.3,16706.0,0
2026-06-14 03:00:00,M01,171,OP-09,1,72.81,3.117,3.841,bar,19.96,1761.3,21507.0,0
2026-06-14 03:00:00,M02,115,OP-08,1,63.83,2.299,4.158,bar,18.38,1771.9,14787.0,0
2026-06-14 03:00:00,M03,125,OP-03,1,65.18,,3.996,bar,17.98,1772.1,15987.0,0
2026-06-14 03:00:00,M04,163,OP-06,1,68.25,3.179,3.997,bar,19.73,1745.7,20547.0,0
2026-06-14 03:00:00,M05,107,OP-07,1,58.21,2.125,4.037,bar,17.68,1780.5,13827.0,0
2026-06-14 03:00:00,M06,141,OP-01,1,66.42,3.052,4.02,bar,19.99,1753.0,17907.0,0
2026-06-14 03:00:00,M07,151,OP-11,1,66.32,3.498,3.719,bar,20.54,1759.8,19107.0,0
2026-06-14 03:00:00,M08,45,OP-01,1,66.06,2.477,4.063,bar,19.78,1759.2,6387.0,0
2026-06-14 03:00:00,M09,15,OP-01,1,64.66,3.131,4.236,bar,20.07,1751.0,2787.0,0
2026-06-14 03:00:00,M10,58,OP-03,1,76.25,4.144,3.658,bar,21.92,1734.0,7947.0,0
2026-06-14 03:00:00,M11,55,OP-11,1,65.9,2.411,3.926,bar,18.37,1778.4,7587.0,0
2026-06-14 03:00:00,M12,158,OP-07,1,68.46,2.809,3.682,bar,20.0,1765.8,19947.0,0
2026-06-14 03:00:00,M13,165,OP-08,1,72.12,2.13,4.129,bar,18.33,1761.0,20787.0,0
2026-06-14 03:00:00,M14,6,OP-09,1,65.43,3.18,3.908,bar,20.23,1753.9,1707.0,0
2026-06-14 03:00:00,M15,93,OP-07,1,71.65,,3.676,bar,21.47,1746.5,12147.0,1
2026-06-14 03:00:00,M16,149,OP-07,1,62.84,3.465,4.053,bar,20.38,1757.1,18867.0,0
2026-06-14 03:00:00,M17,29,OP-02,1,63.24,2.344,4.231,bar,17.1,1783.5,4467.0,0
2026-06-14 03:00:00,M18,145,OP-10,1,62.72,1.929,60.952,psi,17.51,1769.2,18387.0,0
2026-06-14 03:00:00,M19,26,OP-10,1,70.55,3.92,52.932,psi,20.63,1765.0,4107.0,0
2026-06-14 03:00:00,M20,87,OP-12,1,61.16,2.963,55.991,psi,19.87,1764.9,11427.0,0
2026-06-14 03:00:00,M21,148,OP-08,1,60.99,,56.778,psi,18.55,1766.5,18747.0,0
2026-06-14 03:00:00,M22,59,OP-10,1,68.51,,55.368,psi,20.26,1763.1,8067.0,0
2026-06-14 03:00:00,M23,65,OP-05,1,63.4,1.871,63.574,psi,18.48,1770.9,8787.0,0
2026-06-14 03:00:00,M24,54,OP-06,1,60.3,2.583,59.552,psi,19.02,1759.4,7467.0,0
2026-06-14 03:00:00,M25,131,OP-10,1,75.72,4.555,50.765,psi,22.48,1733.5,16707.0,0
2026-06-14 04:00:00,M01,171,OP-04,1,70.37,3.169,3.902,bar,18.81,1745.9,21508.0,0
2026-06-14 04:00:00,M02,115,OP-08,1,62.12,2.206,4.174,bar,18.53,1764.4,14788.0,0
2026-06-14 04:00:00,M03,125,OP-02,1,61.67,2.324,4.218,bar,18.1,1779.3,15988.0,0
2026-06-14 04:00:00,M04,163,OP-07,1,70.51,3.279,3.945,bar,20.0,1755.8,20548.0,0
2026-06-14 04:00:00,M05,107,OP-02,1,62.35,2.311,4.231,bar,17.64,1773.8,13828.0,0
2026-06-14 04:00:00,M06,141,OP-05,1,67.55,3.129,3.763,bar,20.17,1765.6,17908.0,0
2026-06-14 04:00:00,M07,151,OP-09,1,66.94,3.473,3.84,bar,19.44,1752.8,19108.0,0
2026-06-14 04:00:00,M08,45,OP-08,1,59.53,2.582,3.886,bar,18.67,1765.7,6388.0,0
2026-06-14 04:00:00,M09,15,OP-02,1,61.95,2.982,3.936,bar,19.93,1749.1,2788.0,0
2026-06-14 04:00:00,M10,58,OP-06,1,78.47,4.454,3.601,bar,22.44,1734.3,7948.0,0
2026-06-14 04:00:00,M11,55,OP-11,1,64.07,2.286,3.726,bar,18.87,1780.9,7588.0,0
2026-06-14 04:00:00,M12,158,OP-03,1,69.39,2.727,3.983,bar,19.12,1764.2,19948.0,0
2026-06-14 04:00:00,M13,165,OP-03,1,62.3,2.031,4.035,bar,17.61,1766.4,20788.0,0
2026-06-14 04:00:00,M14,6,OP-09,1,64.24,3.097,3.859,bar,19.65,1759.8,1708.0,0
2026-06-14 04:00:00,M15,93,OP-07,1,81.69,4.095,3.964,bar,19.95,1746.1,12148.0,1
2026-06-14 04:00:00,M16,149,OP-01,1,68.01,,3.719,bar,21.19,1762.2,18868.0,0
2026-06-14 04:00:00,M17,29,OP-05,1,62.77,2.088,4.116,bar,18.39,1768.9,4468.0,0
2026-06-14 04:00:00,M18,145,OP-12,1,59.4,2.075,60.06,psi,17.17,1776.1,18388.0,0
2026-06-14 04:00:00,M19,26,OP-03,1,73.61,3.976,54.683,psi,21.21,1761.3,4108.0,0
2026-06-14 04:00:00,M20,87,OP-05,1,66.16,2.918,57.868,psi,19.69,1741.5,11428.0,0
2026-06-14 04:00:00,M21,148,OP-02,1,61.28,2.38,58.783,psi,18.03,1767.9,18748.0,0
2026-06-14 04:00:00,M22,59,OP-12,1,67.67,3.616,56.471,psi,19.85,1742.6,8068.0,0
2026-06-14 04:00:00,M23,65,OP-07,1,57.12,2.142,57.564,psi,17.62,1782.2,8788.0,0
2026-06-14 04:00:00,M24,54,OP-01,1,71.03,2.825,57.063,psi,19.74,1759.8,7468.0,0
2026-06-14 04:00:00,M25,131,OP-05,1,74.85,4.755,50.313,psi,22.38,1733.6,16708.0,0
2026-06-14 05:00:00,M01,171,OP-05,1,63.08,2.956,3.999,bar,19.81,1746.7,21509.0,0
2026-06-14 05:00:00,M02,115,OP-09,1,68.51,2.3,4.223,bar,18.11,1776.0,14789.0,0
2026-06-14 05:00:00,M03,125,OP-05,1,61.85,2.118,4.084,bar,17.89,1790.6,15989.0,0
2026-06-14 05:00:00,M04,163,OP-02,1,68.57,,3.961,bar,19.12,1746.3,20549.0,0
2026-06-14 05:00:00,M05,107,OP-07,1,61.84,2.227,3.937,bar,17.83,1775.2,13829.0,0
2026-06-14 05:00:00,M06,141,OP-08,1,68.37,3.412,3.776,bar,19.96,1756.9,17909.0,0
2026-06-14 05:00:00,M07,151,OP-06,1,68.1,,3.82,bar,21.24,1743.0,19109.0,0
2026-06-14 05:00:00,M08,45,OP-02,1,66.2,2.709,3.821,bar,17.63,1772.7,6389.0,0
2026-06-14 05:00:00,M09,15,OP-06,1,67.08,3.092,4.17,bar,19.73,1762.7,2789.0,0
2026-06-14 05:00:00,M10,58,OP-10,1,74.76,4.543,3.552,bar,22.11,1742.9,7949.0,0
2026-06-14 05:00:00,M11,55,OP-07,1,65.03,2.187,4.073,bar,17.7,1772.1,7589.0,0
2026-06-14 05:00:00,M12,158,OP-01,1,69.01,3.098,3.705,bar,19.03,1761.0,19949.0,0
2026-06-14 05:00:00,M13,165,OP-11,1,63.34,1.932,4.174,bar,17.92,1771.7,20789.0,0
2026-06-14 05:00:00,M14,6,OP-10,1,69.81,2.854,3.888,bar,19.97,1753.3,1709.0,0
2026-06-14 05:00:00,M15,93,OP-07,1,78.2,3.953,3.654,bar,21.82,1746.5,12149.0,1
2026-06-14 05:00:00,M16,149,OP-01,1,59.51,3.179,3.795,bar,20.89,1747.7,18869.0,0
2026-06-14 05:00:00,M17,29,OP-06,1,61.4,2.061,4.043,bar,17.92,1780.0,4469.0,0
2026-06-14 05:00:00,M18,145,OP-07,1,62.43,1.751,60.808,psi,17.79,1787.2,18389.0,0
2026-06-14 05:00:00,M19,26,OP-08,1,66.52,3.799,52.195,psi,21.22,1760.7,4109.0,0
2026-06-14 05:00:00,M20,87,OP-01,1,69.03,2.808,60.501,psi,18.51,1750.9,11429.0,0
2026-06-14 05:00:00,M21,148,OP-07,1,62.96,2.218,57.928,psi,17.5,1780.4,18749.0,0
2026-06-14 05:00:00,M22,59,OP-07,1,70.58,3.517,53.737,psi,18.69,1749.8,8069.0,0
2026-06-14 05:00:00,M23,65,OP-05,1,60.23,2.109,60.953,psi,17.28,1769.7,8789.0,0
2026-06-14 05:00:00,M24,54,OP-09,1,69.74,2.743,59.835,psi,18.17,1763.2,7469.0,0
2026-06-14 05:00:00,M25,131,OP-07,1,72.25,,53.375,psi,22.22,1720.4,16709.0,0
2026-06-14 06:00:00,M01,171,OP-09,1,66.68,3.186,3.932,bar,19.14,1763.2,21510.0,0
2026-06-14 06:00:00,M02,115,OP-03,1,65.51,2.199,4.191,bar,17.66,1768.3,14790.0,0
2026-06-14 06:00:00,M03,125,OP-06,1,62.97,1.863,4.237,bar,17.88,1787.5,15990.0,0
2026-06-14 06:00:00,M04,163,OP-07,1,63.44,3.289,4.011,bar,19.66,1761.7,20550.0,0
2026-06-14 06:00:00,M05,107,OP-07,1,64.19,2.168,3.977,bar,18.24,1769.8,13830.0,0
2026-06-14 06:00:00,M06,141,OP-08,1,67.47,2.904,3.951,bar,19.87,1757.1,17910.0,0
2026-06-14 06:00:00,M07,151,OP-09,1,65.97,3.383,4.045,bar,20.48,1756.5,19110.0,0
2026-06-14 06:00:00,M08,45,OP-09,1,71.21,2.561,3.972,bar,18.16,1779.8,6390.0,0
2026-06-14 06:00:00,M09,15,OP-02,1,70.47,3.083,3.716,bar,19.46,1748.5,2790.0,0
2026-06-14 06:00:00,M10,58,OP-10,1,74.4,4.354,3.853,bar,22.24,1741.5,7950.0,0
2026-06-14 06:00:00,M11,55,OP-06,1,65.13,2.094,4.073,bar,18.98,1762.8,7590.0,0
2026-06-14 06:00:00,M12,158,OP-12,1,67.91,3.084,4.025,bar,20.04,1760.0,19950.0,0
2026-06-14 06:00:00,M13,165,OP-12,1,65.46,2.14,4.169,bar,18.08,1774.7,20790.0,0
2026-06-14 06:00:00,M14,6,OP-03,1,67.76,3.181,3.979,bar,19.42,1758.3,1710.0,0
2026-06-14 06:00:00,M15,93,OP-07,1,70.5,4.052,3.743,bar,22.15,1726.7,12150.0,1
2026-06-14 06:00:00,M16,149,OP-07,1,71.92,3.471,3.853,bar,20.15,1748.3,18870.0,0
2026-06-14 06:00:00,M17,29,OP-05,1,65.28,2.313,3.957,bar,18.74,1762.8,4470.0,0
2026-06-14 06:00:00,M18,145,OP-05,1,60.03,2.053,60.982,psi,17.46,1778.3,18390.0,0
2026-06-14 06:00:00,M19,26,OP-08,1,68.18,3.687,53.452,psi,21.16,1740.8,4110.0,0
2026-06-14 06:00:00,M20,87,OP-04,1,66.9,,57.021,psi,19.25,1754.3,11430.0,0
2026-06-14 06:00:00,M21,148,OP-07,1,61.22,2.393,57.404,psi,18.41,1762.9,18750.0,0
2026-06-14 06:00:00,M22,59,OP-05,1,71.62,3.598,56.549,psi,19.54,1749.7,8070.0,0
2026-06-14 06:00:00,M23,65,OP-06,1,55.09,2.31,61.427,psi,18.64,1773.6,8790.0,0
2026-06-14 06:00:00,M24,54,OP-01,1,61.25,2.906,57.309,psi,19.42,1768.4,7470.0,0
2026-06-14 06:00:00,M25,131,OP-07,1,72.6,,53.948,psi,21.68,1739.9,16710.0,0
2026-06-14 07:00:00,M01,171,OP-09,1,65.75,3.057,4.163,bar,20.85,1745.0,21511.0,0
2026-06-14 07:00:00,M02,115,OP-05,1,62.81,2.513,4.13,bar,19.15,1774.2,14791.0,0
2026-06-14 07:00:00,M03,125,OP-05,1,61.62,2.374,4.062,bar,18.43,1769.1,15991.0,0
2026-06-14 07:00:00,M04,163,OP-05,1,64.68,,3.925,bar,20.06,1742.7,20551.0,0
2026-06-14 07:00:00,M05,107,OP-07,1,63.18,2.195,4.156,bar,17.68,1767.2,13831.0,0
2026-06-14 07:00:00,M06,141,OP-08,1,65.72,3.128,4.0,bar,19.48,1751.0,17911.0,0
2026-06-14 07:00:00,M07,151,OP-08,1,66.84,3.441,3.675,bar,20.55,1759.6,19111.0,0
2026-06-14 07:00:00,M08,45,OP-11,1,60.04,2.549,4.081,bar,19.46,1783.0,6391.0,0
2026-06-14 07:00:00,M09,15,OP-11,1,67.38,3.173,3.839,bar,18.82,1748.7,2791.0,0
2026-06-14 07:00:00,M10,58,OP-11,1,76.52,4.534,3.667,bar,21.21,1740.9,7951.0,0
2026-06-14 07:00:00,M11,55,OP-02,1,58.89,2.074,4.163,bar,17.77,1778.3,7591.0,0
2026-06-14 07:00:00,M12,158,OP-01,1,68.95,3.279,3.81,bar,20.25,1754.7,19951.0,0
2026-06-14 07:00:00,M13,165,OP-05,1,60.5,2.096,4.186,bar,17.99,1775.6,20791.0,0
2026-06-14 07:00:00,M14,6,OP-07,1,69.68,2.963,3.858,bar,20.38,1760.4,1711.0,0
2026-06-14 07:00:00,M15,93,OP-07,1,76.74,3.868,3.887,bar,21.48,1730.9,12151.0,1
2026-06-14 07:00:00,M16,149,OP-05,1,60.7,3.25,3.931,bar,19.69,1743.4,18871.0,0
2026-06-14 07:00:00,M17,29,OP-09,1,59.43,2.112,4.09,bar,18.15,1772.6,4471.0,0
2026-06-14 07:00:00,M18,145,OP-07,1,60.07,1.912,60.987,psi,17.68,1782.8,18391.0,0
2026-06-14 07:00:00,M19,26,OP-04,1,68.26,3.841,56.284,psi,22.05,1730.2,4111.0,0
2026-06-14 07:00:00,M20,87,OP-05,1,63.74,2.833,55.706,psi,19.57,1776.1,11431.0,0
2026-06-14 07:00:00,M21,148,OP-09,1,66.29,,60.556,psi,17.06,1766.0,18751.0,0
2026-06-14 07:00:00,M22,59,OP-09,1,72.43,3.309,54.062,psi,20.18,1757.2,8071.0,0
2026-06-14 07:00:00,M23,65,OP-07,1,60.17,1.889,58.153,psi,18.34,1770.1,8791.0,0
2026-06-14 07:00:00,M24,54,OP-12,1,66.14,2.55,57.697,psi,18.68,1759.0,7471.0,0
2026-06-14 07:00:00,M25,131,OP-11,1,83.25,4.677,53.696,psi,22.59,1731.2,16711.0,0
2026-06-14 08:00:00,M01,171,OP-07,2,65.81,3.124,4.145,bar,19.56,1768.8,21512.0,0
2026-06-14 08:00:00,M02,115,OP-02,2,61.16,2.361,4.255,bar,18.19,1768.8,14792.0,0
2026-06-14 08:00:00,M03,125,OP-06,2,61.32,2.099,3.928,bar,17.69,1768.7,15992.0,0
2026-06-14 08:00:00,M04,163,OP-07,2,67.96,3.257,4.005,bar,20.29,1762.0,20552.0,0
2026-06-14 08:00:00,M05,107,OP-12,2,57.94,2.198,3.961,bar,17.8,1780.0,13832.0,0
2026-06-14 08:00:00,M06,141,OP-09,2,62.82,2.892,4.001,bar,19.94,1762.4,17912.0,0
2026-06-14 08:00:00,M07,151,OP-10,2,69.32,3.619,3.88,bar,19.94,1757.4,19112.0,0
2026-06-14 08:00:00,M08,45,OP-06,2,68.54,2.71,4.282,bar,18.37,1778.7,6392.0,0
2026-06-14 08:00:00,M09,15,OP-11,2,70.02,3.077,4.021,bar,19.03,1756.3,2792.0,0
2026-06-14 08:00:00,M10,58,OP-08,2,72.86,4.533,3.706,bar,21.76,1748.6,7952.0,0
2026-06-14 08:00:00,M11,55,OP-09,2,66.77,2.184,4.196,bar,18.26,1767.0,7592.0,0
2026-06-14 08:00:00,M12,158,OP-11,2,65.66,,3.942,bar,19.33,1749.1,19952.0,0
2026-06-14 08:00:00,M13,165,OP-02,2,62.75,2.153,4.092,bar,18.07,1771.7,20792.0,0
2026-06-14 08:00:00,M14,6,OP-04,2,66.93,3.057,4.077,bar,19.25,1762.7,1712.0,0
2026-06-14 08:00:00,M15,93,OP-07,2,72.87,,3.596,bar,20.87,1743.9,12152.0,1
2026-06-14 08:00:00,M16,149,OP-07,2,70.74,3.404,3.898,bar,20.12,1756.7,18872.0,0
2026-06-14 08:00:00,M17,29,OP-10,2,61.09,2.031,4.119,bar,18.5,1775.2,4472.0,0
2026-06-14 08:00:00,M18,145,OP-03,2,59.91,2.211,60.523,psi,18.03,1774.4,18392.0,0
2026-06-14 08:00:00,M19,26,OP-10,2,71.41,,53.189,psi,20.99,1736.1,4112.0,0
2026-06-14 08:00:00,M20,87,OP-05,2,60.82,2.955,58.763,psi,19.0,1766.1,11432.0,0
2026-06-14 08:00:00,M21,148,OP-10,2,60.86,2.422,60.809,psi,18.5,1773.2,18752.0,0
2026-06-14 08:00:00,M22,59,OP-07,2,66.38,3.134,53.046,psi,19.34,1757.6,8072.0,0
2026-06-14 08:00:00,M23,65,OP-02,2,60.64,2.087,61.399,psi,18.05,1761.2,8792.0,0
2026-06-14 08:00:00,M24,54,OP-11,2,68.34,2.579,58.392,psi,19.3,1772.1,7472.0,0
2026-06-14 08:00:00,M25,131,OP-03,2,79.09,4.345,51.986,psi,22.56,1728.0,16712.0,0
2026-06-14 09:00:00,M01,171,OP-04,2,68.31,3.186,3.755,bar,19.62,1755.0,21513.0,0
2026-06-14 09:00:00,M02,115,OP-04,2,64.41,1.898,3.993,bar,17.71,1775.1,14793.0,0
2026-06-14 09:00:00,M03,125,OP-07,2,62.48,2.283,4.097,bar,18.52,1764.2,15993.0,0
2026-06-14 09:00:00,M04,163,OP-04,2,66.93,,3.916,bar,18.76,1764.4,20553.0,0
2026-06-14 09:00:00,M05,107,OP-03,2,54.02,2.186,4.017,bar,17.7,1784.3,13833.0,0
2026-06-14 09:00:00,M06,141,OP-09,2,66.17,3.337,4.099,bar,20.27,1761.0,17913.0,0
2026-06-14 09:00:00,M07,151,OP-07,2,65.36,3.441,3.934,bar,20.78,1747.8,19113.0,0
2026-06-14 09:00:00,M08,45,OP-09,2,62.55,2.705,3.908,bar,18.55,1768.1,6393.0,0
2026-06-14 09:00:00,M09,15,OP-10,2,63.58,3.165,4.011,bar,19.1,1755.0,2793.0,0
2026-06-14 09:00:00,M10,58,OP-09,2,70.09,,3.502,bar,21.83,1740.6,7953.0,0
2026-06-14 09:00:00,M11,55,OP-12,2,59.75,1.898,4.108,bar,18.48,1779.8,7593.0,0
2026-06-14 09:00:00,M12,158,OP-07,2,64.41,3.013,4.144,bar,19.99,1752.3,19953.0,0
2026-06-14 09:00:00,M13,165,OP-07,2,62.84,1.882,4.286,bar,18.25,1772.4,20793.0,0
2026-06-14 09:00:00,M14,6,OP-07,2,69.2,3.002,3.813,bar,20.24,1761.9,1713.0,0
2026-06-14 09:00:00,M15,93,OP-07,2,74.22,4.247,3.446,bar,21.69,1749.0,12153.0,1
2026-06-14 09:00:00,M16,149,OP-04,2,70.91,3.415,3.7,bar,19.9,1763.6,18873.0,0
2026-06-14 09:00:00,M17,29,OP-03,2,65.99,2.058,4.347,bar,16.56,1771.4,4473.0,0
2026-06-14 09:00:00,M18,145,OP-09,2,65.98,,61.92,psi,18.77,1780.7,18393.0,0
2026-06-14 09:00:00,M19,26,OP-04,2,72.65,,52.164,psi,19.92,1749.9,4113.0,0
2026-06-14 09:00:00,M20,87,OP-12,2,64.66,2.72,58.533,psi,19.15,1753.3,11433.0,0
2026-06-14 09:00:00,M21,148,OP-08,2,69.24,2.209,58.527,psi,18.48,1760.2,18753.0,0
2026-06-14 09:00:00,M22,59,OP-01,2,70.66,3.305,57.084,psi,20.04,1754.4,8073.0,0
2026-06-14 09:00:00,M23,65,OP-09,2,60.38,2.083,60.109,psi,18.89,1765.4,8793.0,0
2026-06-14 09:00:00,M24,54,OP-04,2,67.99,2.616,56.351,psi,19.12,1754.5,7473.0,0
2026-06-14 09:00:00,M25,131,OP-09,2,79.1,4.88,50.634,psi,22.51,1729.1,16713.0,0
2026-06-14 10:00:00,M01,171,OP-10,2,67.77,,3.822,bar,19.91,1759.1,21514.0,0
2026-06-14 10:00:00,M02,115,OP-07,2,68.55,2.206,4.162,bar,18.27,1779.4,14794.0,0
2026-06-14 10:00:00,M03,125,OP-08,2,61.25,2.113,4.094,bar,17.64,1775.6,15994.0,0
2026-06-14 10:00:00,M04,163,OP-08,2,66.58,3.154,4.007,bar,20.16,1760.4,20554.0,0
2026-06-14 10:00:00,M05,107,OP-09,2,56.81,2.17,4.041,bar,17.32,1775.5,13834.0,0
2026-06-14 10:00:00,M06,141,OP-03,2,68.26,3.095,3.991,bar,19.62,1764.6,17914.0,0
2026-06-14 10:00:00,M07,151,OP-12,2,67.1,3.509,3.545,bar,20.46,1740.2,19114.0,0
2026-06-14 10:00:00,M08,45,OP-05,2,62.46,2.452,3.882,bar,19.19,1780.8,6394.0,0
2026-06-14 10:00:00,M09,15,OP-10,2,66.89,3.086,4.068,bar,19.97,1748.6,2794.0,0
2026-06-14 10:00:00,M10,58,OP-11,2,72.34,4.375,3.702,bar,21.81,1752.4,7954.0,0
2026-06-14 10:00:00,M11,55,OP-10,2,69.72,,4.143,bar,18.15,1777.2,7594.0,0
2026-06-14 10:00:00,M12,158,OP-10,2,69.49,3.242,3.969,bar,19.85,1759.4,19954.0,0
2026-06-14 10:00:00,M13,165,OP-04,2,61.66,,4.085,bar,18.08,1759.8,20794.0,0
2026-06-14 10:00:00,M14,6,OP-04,2,66.98,2.959,4.166,bar,20.23,1752.2,1714.0,0
2026-06-14 10:00:00,M15,93,OP-10,2,69.3,4.09,3.646,bar,21.97,1739.2,12154.0,1
2026-06-14 10:00:00,M16,149,OP-09,2,68.97,3.28,3.88,bar,20.57,1753.9,18874.0,0
2026-06-14 10:00:00,M17,29,OP-02,2,62.83,2.271,4.319,bar,17.68,1780.9,4474.0,0
2026-06-14 10:00:00,M18,145,OP-07,2,64.32,1.917,60.765,psi,17.89,1771.0,18394.0,0
2026-06-14 10:00:00,M19,26,OP-12,2,69.89,3.938,54.206,psi,21.28,1747.9,4114.0,0
2026-06-14 10:00:00,M20,87,OP-12,2,64.92,2.856,58.271,psi,19.57,1769.6,11434.0,0
2026-06-14 10:00:00,M21,148,OP-07,2,71.05,2.595,57.498,psi,18.33,1767.2,18754.0,0
2026-06-14 10:00:00,M22,59,OP-10,2,68.38,3.364,55.492,psi,19.76,1748.3,8074.0,0
2026-06-14 10:00:00,M23,65,OP-08,2,62.39,1.787,58.597,psi,17.29,1786.9,8794.0,0
2026-06-14 10:00:00,M24,54,OP-12,2,61.77,2.85,59.518,psi,18.6,1772.9,7474.0,0
2026-06-14 10:00:00,M25,131,OP-06,2,77.11,4.761,51.419,psi,23.12,1733.8,16714.0,0
2026-06-14 11:00:00,M01,171,OP-02,2,71.83,2.964,3.733,bar,19.75,1757.6,21515.0,0
2026-06-14 11:00:00,M02,115,OP-09,2,64.46,2.178,4.176,bar,18.86,1775.2,14795.0,0
2026-06-14 11:00:00,M03,125,OP-04,2,61.01,2.168,4.136,bar,18.39,1765.8,15995.0,0
2026-06-14 11:00:00,M04,163,OP-10,2,70.44,2.935,3.723,bar,19.24,1766.2,20555.0,0
2026-06-14 11:00:00,M05,107,OP-02,2,60.86,2.211,4.144,bar,17.71,1766.0,13835.0,0
2026-06-14 11:00:00,M06,141,OP-02,2,63.67,3.17,3.894,bar,19.82,1761.0,17915.0,0
2026-06-14 11:00:00,M07,151,OP-03,2,72.95,3.292,3.825,bar,21.03,1756.0,19115.0,0
2026-06-14 11:00:00,M08,45,OP-01,2,67.21,2.53,4.112,bar,18.06,1775.0,6395.0,0
2026-06-14 11:00:00,M09,15,OP-12,2,69.56,3.17,3.898,bar,20.08,1752.4,2795.0,0
2026-06-14 11:00:00,M10,58,OP-12,2,73.83,4.59,3.535,bar,21.68,1739.3,7955.0,0
2026-06-14 11:00:00,M11,55,OP-02,2,62.32,2.54,4.058,bar,18.17,1779.1,7595.0,0
2026-06-14 11:00:00,M12,158,OP-08,2,67.96,3.422,3.989,bar,19.41,1766.9,19955.0,0
2026-06-14 11:00:00,M13,165,OP-07,2,58.38,2.045,4.188,bar,18.17,1783.6,20795.0,0
2026-06-14 11:00:00,M14,6,OP-01,2,68.5,3.23,4.087,bar,19.32,1754.9,1715.0,0
2026-06-14 11:00:00,M15,93,OP-07,2,70.39,,3.802,bar,21.09,1746.8,12155.0,1
2026-06-14 11:00:00,M16,149,OP-02,2,66.08,,3.668,bar,19.91,1776.7,18875.0,0
2026-06-14 11:00:00,M17,29,OP-01,2,57.03,1.98,4.295,bar,17.65,1773.9,4475.0,0
2026-06-14 11:00:00,M18,145,OP-04,2,56.06,1.768,59.236,psi,19.68,1778.7,18395.0,0
2026-06-14 11:00:00,M19,26,OP-03,2,72.68,3.849,54.174,psi,21.64,1749.2,4115.0,0
2026-06-14 11:00:00,M20,87,OP-03,2,65.38,3.099,58.025,psi,18.74,1752.0,11435.0,0
2026-06-14 11:00:00,M21,148,OP-06,2,65.78,2.492,59.74,psi,18.27,1762.2,18755.0,0
2026-06-14 11:00:00,M22,59,OP-01,2,70.65,3.457,55.825,psi,20.73,1747.7,8075.0,0
2026-06-14 11:00:00,M23,65,OP-01,2,60.59,2.14,62.764,psi,17.16,1775.6,8795.0,0
2026-06-14 11:00:00,M24,54,OP-10,2,63.57,2.845,59.374,psi,19.42,1762.3,7475.0,0
2026-06-14 11:00:00,M25,131,OP-01,2,77.93,4.625,53.143,psi,23.04,1737.2,16715.0,0
2026-06-14 12:00:00,M01,171,OP-07,2,73.89,2.989,3.748,bar,19.85,1760.2,21516.0,0
2026-06-14 12:00:00,M02,115,OP-09,2,63.2,1.835,4.099,bar,17.36,1778.5,14796.0,0
2026-06-14 12:00:00,M03,125,OP-02,2,62.66,2.469,3.995,bar,17.64,1776.4,15996.0,0
2026-06-14 12:00:00,M04,163,OP-11,2,67.78,2.913,3.758,bar,18.6,1768.3,20556.0,0
2026-06-14 12:00:00,M05,107,OP-11,2,63.67,2.399,4.17,bar,18.06,1761.2,13836.0,0
2026-06-14 12:00:00,M06,141,OP-07,2,64.5,3.192,3.905,bar,19.89,1755.8,17916.0,0
2026-06-14 12:00:00,M07,151,OP-02,2,70.36,3.694,3.938,bar,20.7,1768.7,19116.0,0
2026-06-14 12:00:00,M08,45,OP-11,2,70.14,2.591,4.127,bar,18.14,1759.3,6396.0,0
2026-06-14 12:00:00,M09,15,OP-06,2,68.21,3.385,3.808,bar,19.11,1745.5,2796.0,0
2026-06-14 12:00:00,M10,58,OP-09,2,67.32,,3.878,bar,21.26,1739.3,7956.0,0
2026-06-14 12:00:00,M11,55,OP-07,2,63.85,,4.191,bar,17.85,1777.4,7596.0,0
2026-06-14 12:00:00,M12,158,OP-09,2,68.86,3.245,3.786,bar,20.03,1746.8,19956.0,0
2026-06-14 12:00:00,M13,165,OP-07,2,65.73,2.059,4.094,bar,17.94,1780.2,20796.0,0
2026-06-14 12:00:00,M14,6,OP-10,2,69.18,3.355,4.012,bar,19.94,1770.0,1716.0,0
2026-06-14 12:00:00,M15,93,OP-07,2,69.22,3.984,3.459,bar,20.66,1746.4,12156.0,1
2026-06-14 12:00:00,M16,149,OP-01,2,57.74,3.445,3.769,bar,20.04,1749.6,18876.0,0
2026-06-14 12:00:00,M17,29,OP-04,2,62.29,2.022,4.243,bar,18.62,1773.9,4476.0,0
2026-06-14 12:00:00,M18,145,OP-01,2,58.82,1.735,59.376,psi,17.61,1784.1,18396.0,0
2026-06-14 12:00:00,M19,26,OP-06,2,72.77,4.117,50.475,psi,19.91,1755.5,4116.0,0
2026-06-14 12:00:00,M20,87,OP-11,2,61.13,3.049,56.643,psi,18.91,1751.2,11436.0,0
2026-06-14 12:00:00,M21,148,OP-01,2,64.57,2.301,59.83,psi,19.57,1772.3,18756.0,0
2026-06-14 12:00:00,M22,59,OP-04,2,77.34,3.411,53.729,psi,19.83,1754.4,8076.0,0
2026-06-14 12:00:00,M23,65,OP-03,2,61.41,1.99,61.168,psi,18.51,1770.8,8796.0,0
2026-06-14 12:00:00,M24,54,OP-09,2,72.15,2.627,57.977,psi,18.27,1755.7,7476.0,0
2026-06-14 12:00:00,M25,131,OP-01,2,81.52,4.658,52.582,psi,22.38,1743.9,16716.0,0
2026-06-14 13:00:00,M01,171,OP-09,2,73.26,3.179,3.949,bar,20.82,1754.6,21517.0,0
2026-06-14 13:00:00,M02,115,OP-07,2,68.2,2.041,4.321,bar,18.93,1762.1,14797.0,0
2026-06-14 13:00:00,M03,125,OP-12,2,59.66,2.284,4.042,bar,18.95,1774.3,15997.0,0
2026-06-14 13:00:00,M04,163,OP-07,2,66.58,2.961,4.063,bar,20.39,1753.3,20557.0,0
2026-06-14 13:00:00,M05,107,OP-04,2,69.46,2.033,3.885,bar,18.43,1779.0,13837.0,0
2026-06-14 13:00:00,M06,141,OP-04,2,77.84,3.19,4.011,bar,19.97,1749.8,17917.0,0
2026-06-14 13:00:00,M07,151,OP-07,2,67.66,,3.856,bar,21.01,1757.5,19117.0,0
2026-06-14 13:00:00,M08,45,OP-05,2,61.93,2.477,4.032,bar,19.79,1780.7,6397.0,0
2026-06-14 13:00:00,M09,15,OP-07,2,69.05,3.079,3.952,bar,19.18,1762.9,2797.0,0
2026-06-14 13:00:00,M10,58,OP-06,2,74.38,4.581,3.795,bar,22.05,1736.3,7957.0,0
2026-06-14 13:00:00,M11,55,OP-07,2,64.37,2.258,4.192,bar,16.65,1766.0,7597.0,0
2026-06-14 13:00:00,M12,158,OP-08,2,63.49,2.893,3.969,bar,20.39,1750.1,19957.0,0
2026-06-14 13:00:00,M13,165,OP-08,2,60.81,2.105,4.316,bar,18.62,1772.4,20797.0,0
2026-06-14 13:00:00,M14,6,OP-07,2,66.35,3.259,3.923,bar,20.49,1770.7,1717.0,0
2026-06-14 13:00:00,M15,93,OP-07,2,76.7,4.282,3.804,bar,20.37,1731.1,12157.0,1
2026-06-14 13:00:00,M16,149,OP-07,2,71.73,3.542,3.917,bar,19.45,1753.0,18877.0,0
2026-06-14 13:00:00,M17,29,OP-08,2,65.1,1.99,4.116,bar,18.31,1773.9,4477.0,0
2026-06-14 13:00:00,M18,145,OP-11,2,62.44,2.101,61.028,psi,16.96,1775.4,18397.0,0
2026-06-14 13:00:00,M19,26,OP-03,2,71.49,3.871,56.286,psi,21.14,1739.8,4117.0,0
2026-06-14 13:00:00,M20,87,OP-08,2,65.36,2.87,57.896,psi,18.97,1766.3,11437.0,0
2026-06-14 13:00:00,M21,148,OP-07,2,57.72,2.423,60.224,psi,20.35,1760.0,18757.0,0
2026-06-14 13:00:00,M22,59,OP-05,2,72.06,3.033,56.106,psi,20.73,1762.4,8077.0,0
2026-06-14 13:00:00,M23,65,OP-09,2,65.05,2.096,58.29,psi,17.89,1788.5,8797.0,0
2026-06-14 13:00:00,M24,54,OP-11,2,63.3,3.029,57.469,psi,18.86,1766.6,7477.0,0
2026-06-14 13:00:00,M25,131,OP-09,2,75.62,4.627,51.189,psi,22.88,1715.4,16717.0,0
2026-06-14 14:00:00,M01,171,OP-01,2,66.52,3.301,3.767,bar,20.04,1753.8,21518.0,0
2026-06-14 14:00:00,M02,115,OP-07,2,69.22,2.105,4.165,bar,18.11,1776.9,14798.0,0
2026-06-14 14:00:00,M03,125,OP-04,2,65.23,2.3,4.346,bar,18.71,1775.0,15998.0,0
2026-06-14 14:00:00,M04,163,OP-05,2,64.42,3.242,4.041,bar,20.58,1751.6,20558.0,0
2026-06-14 14:00:00,M05,107,OP-10,2,64.23,1.931,4.115,bar,18.82,1778.8,13838.0,0
2026-06-14 14:00:00,M06,141,OP-07,2,64.36,3.287,4.062,bar,18.95,1750.8,17918.0,0
2026-06-14 14:00:00,M07,151,OP-01,2,69.78,,3.99,bar,20.15,1758.8,19118.0,0
2026-06-14 14:00:00,M08,45,OP-03,2,69.55,2.635,3.811,bar,20.52,1762.7,6398.0,0
2026-06-14 14:00:00,M09,15,OP-09,2,68.02,3.088,3.847,bar,19.42,1765.9,2798.0,0
2026-06-14 14:00:00,M10,58,OP-11,2,77.32,4.49,3.639,bar,20.91,1741.3,7958.0,0
2026-06-14 14:00:00,M11,55,OP-12,2,62.93,2.243,4.086,bar,17.34,1766.3,7598.0,0
2026-06-14 14:00:00,M12,158,OP-02,2,66.8,3.176,3.782,bar,19.06,1758.0,19958.0,0
2026-06-14 14:00:00,M13,165,OP-11,2,63.5,2.209,4.11,bar,17.56,1768.0,20798.0,0
2026-06-14 14:00:00,M14,6,OP-12,2,69.04,3.282,3.89,bar,18.39,1753.6,1718.0,0
2026-06-14 14:00:00,M15,93,OP-04,2,71.92,4.024,3.58,bar,21.18,1741.2,12158.0,1
2026-06-14 14:00:00,M16,149,OP-07,2,72.67,3.176,3.852,bar,20.11,1742.3,18878.0,0
2026-06-14 14:00:00,M17,29,OP-09,2,63.91,1.811,4.15,bar,18.75,1759.8,4478.0,0
2026-06-14 14:00:00,M18,145,OP-09,2,58.41,1.929,60.522,psi,17.66,1767.1,18398.0,0
2026-06-14 14:00:00,M19,26,OP-01,2,64.1,3.878,52.952,psi,20.72,1740.9,4118.0,0
2026-06-14 14:00:00,M20,87,OP-08,2,67.59,2.87,55.593,psi,19.65,1755.4,11438.0,0
2026-06-14 14:00:00,M21,148,OP-02,2,61.83,2.511,57.863,psi,19.09,1764.4,18758.0,0
2026-06-14 14:00:00,M22,59,OP-04,2,70.04,3.79,54.57,psi,19.86,1738.0,8078.0,0
2026-06-14 14:00:00,M23,65,OP-11,2,63.62,2.207,58.157,psi,17.64,1789.1,8798.0,0
2026-06-14 14:00:00,M24,54,OP-09,2,66.53,2.655,58.252,psi,19.49,1761.3,7478.0,0
2026-06-14 14:00:00,M25,131,OP-07,2,70.81,4.874,53.908,psi,22.1,1730.5,16718.0,0
2026-06-14 15:00:00,M01,171,OP-12,2,63.41,3.287,3.759,bar,20.41,1755.6,21519.0,0
2026-06-14 15:00:00,M02,115,OP-10,2,59.89,2.066,4.274,bar,19.34,1775.4,14799.0,0
2026-06-14 15:00:00,M03,125,OP-12,2,58.96,2.014,4.028,bar,19.06,1763.8,15999.0,0
2026-06-14 15:00:00,M04,163,OP-07,2,68.52,2.997,3.783,bar,19.28,1751.6,20559.0,0
2026-06-14 15:00:00,M05,107,OP-11,2,66.25,2.082,4.296,bar,18.71,1783.8,13839.0,0
2026-06-14 15:00:00,M06,141,OP-10,2,76.1,3.336,4.079,bar,19.83,1760.5,17919.0,0
2026-06-14 15:00:00,M07,151,OP-06,2,71.38,,3.959,bar,21.35,1747.5,19119.0,0
2026-06-14 15:00:00,M08,45,OP-09,2,66.19,2.547,4.071,bar,18.69,1761.5,6399.0,0
2026-06-14 15:00:00,M09,15,OP-08,2,68.93,2.963,3.837,bar,20.57,1760.1,2799.0,0
2026-06-14 15:00:00,M10,58,OP-10,2,79.63,,3.574,bar,22.45,1732.7,7959.0,0
2026-06-14 15:00:00,M11,55,OP-12,2,59.71,2.096,4.23,bar,17.91,1772.1,7599.0,0
2026-06-14 15:00:00,M12,158,OP-07,2,66.62,3.391,3.948,bar,20.21,1743.6,19959.0,0
2026-06-14 15:00:00,M13,165,OP-08,2,62.19,2.03,4.243,bar,17.79,1771.4,20799.0,0
2026-06-14 15:00:00,M14,6,OP-08,2,65.91,3.176,3.843,bar,20.17,1761.6,1719.0,0
2026-06-14 15:00:00,M15,93,OP-06,2,70.57,3.991,3.649,bar,21.48,1735.7,12159.0,1
2026-06-14 15:00:00,M16,149,OP-07,2,74.1,3.327,3.734,bar,20.21,1743.4,18879.0,0
2026-06-14 15:00:00,M17,29,OP-05,2,61.92,2.398,4.298,bar,17.31,1778.6,4479.0,0
2026-06-14 15:00:00,M18,145,OP-07,2,58.58,1.812,58.639,psi,18.77,1788.8,18399.0,0
2026-06-14 15:00:00,M19,26,OP-03,2,71.48,,54.896,psi,21.29,1730.3,4119.0,0
2026-06-14 15:00:00,M20,87,OP-11,2,62.18,3.015,56.606,psi,19.14,1757.6,11439.0,0
2026-06-14 15:00:00,M21,148,OP-05,2,68.08,2.286,59.544,psi,18.43,1753.4,18759.0,0
2026-06-14 15:00:00,M22,59,OP-05,2,66.46,3.329,52.259,psi,20.01,1742.9,8079.0,0
2026-06-14 15:00:00,M23,65,OP-07,2,66.17,1.882,60.059,psi,17.32,1784.3,8799.0,0
2026-06-14 15:00:00,M24,54,OP-03,2,68.24,2.667,59.795,psi,20.2,1764.4,7479.0,0
2026-06-14 15:00:00,M25,131,OP-09,2,68.12,4.637,51.187,psi,22.36,1736.0,16719.0,0
2026-06-14 16:00:00,M01,171,OP-07,3,70.89,3.373,3.85,bar,20.59,1764.9,21520.0,0
2026-06-14 16:00:00,M02,115,OP-12,3,64.24,2.202,4.218,bar,18.58,1768.0,14800.0,0
2026-06-14 16:00:00,M03,125,OP-02,3,62.79,2.385,4.289,bar,17.83,1780.7,16000.0,0
2026-06-14 16:00:00,M04,163,OP-07,3,65.23,3.036,3.754,bar,20.41,1755.3,20560.0,0
2026-06-14 16:00:00,M05,107,OP-06,3,58.09,2.268,4.257,bar,18.13,1771.1,13840.0,0
2026-06-14 16:00:00,M06,141,OP-12,3,65.9,3.349,3.995,bar,19.95,1753.0,17920.0,0
2026-06-14 16:00:00,M07,151,OP-08,3,69.44,,3.613,bar,20.52,1749.5,19120.0,0
2026-06-14 16:00:00,M08,45,OP-12,3,66.67,2.488,4.093,bar,18.98,1759.5,6400.0,0
2026-06-14 16:00:00,M09,15,OP-09,3,66.3,3.218,3.996,bar,19.85,1773.8,2800.0,0
2026-06-14 16:00:00,M10,58,OP-10,3,71.37,4.425,3.561,bar,22.36,1734.9,7960.0,0
2026-06-14 16:00:00,M11,55,OP-10,3,57.66,2.26,4.052,bar,18.07,1780.0,7600.0,0
2026-06-14 16:00:00,M12,158,OP-06,3,62.04,3.177,3.723,bar,18.5,1768.3,19960.0,0
2026-06-14 16:00:00,M13,165,OP-02,3,59.29,2.137,4.177,bar,18.54,1773.3,20800.0,0
2026-06-14 16:00:00,M14,6,OP-03,3,66.59,2.957,3.813,bar,19.53,1767.1,1720.0,0
2026-06-14 16:00:00,M15,93,OP-09,3,71.86,4.19,3.722,bar,22.59,1741.0,12160.0,1
2026-06-14 16:00:00,M16,149,OP-07,3,64.74,3.258,3.926,bar,20.02,1758.5,18880.0,0
2026-06-14 16:00:00,M17,29,OP-01,3,59.52,2.051,4.175,bar,17.51,1772.2,4480.0,0
2026-06-14 16:00:00,M18,145,OP-10,3,57.52,1.736,56.868,psi,19.16,1776.2,18400.0,0
2026-06-14 16:00:00,M19,26,OP-01,3,70.37,,51.249,psi,20.98,1743.4,4120.0,0
2026-06-14 16:00:00,M20,87,OP-05,3,69.37,2.902,59.24,psi,19.62,1770.2,11440.0,0
2026-06-14 16:00:00,M21,148,OP-12,3,58.8,2.573,59.176,psi,18.43,1759.3,18760.0,0
2026-06-14 16:00:00,M22,59,OP-06,3,70.21,3.324,52.734,psi,20.91,1744.9,8080.0,0
2026-06-14 16:00:00,M23,65,OP-06,3,58.15,1.845,59.918,psi,17.25,1785.1,8800.0,0
2026-06-14 16:00:00,M24,54,OP-03,3,68.64,2.882,57.497,psi,19.22,1774.6,7480.0,0
2026-06-14 16:00:00,M25,131,OP-01,3,73.19,4.797,52.949,psi,21.35,1734.8,16720.0,0
2026-06-14 17:00:00,M01,171,OP-04,3,72.07,,3.975,bar,19.34,1765.6,21521.0,0
2026-06-14 17:00:00,M02,115,OP-07,3,70.83,1.916,4.088,bar,18.15,1771.6,14801.0,0
2026-06-14 17:00:00,M03,125,OP-07,3,69.35,2.157,3.957,bar,17.56,1769.9,16001.0,0
2026-06-14 17:00:00,M04,163,OP-09,3,64.53,3.363,4.006,bar,19.97,1753.6,20561.0,0
2026-06-14 17:00:00,M05,107,OP-01,3,56.03,2.15,4.163,bar,17.99,1768.9,13841.0,0
2026-06-14 17:00:00,M06,141,OP-07,3,66.26,2.985,4.174,bar,18.97,1759.8,17921.0,0
2026-06-14 17:00:00,M07,151,OP-12,3,66.97,3.241,3.85,bar,20.51,1740.5,19121.0,0
2026-06-14 17:00:00,M08,45,OP-07,3,63.33,2.649,3.875,bar,18.6,1759.5,6401.0,0
2026-06-14 17:00:00,M09,15,OP-11,3,63.86,3.108,3.937,bar,20.85,1751.8,2801.0,0
2026-06-14 17:00:00,M10,58,OP-11,3,69.27,4.491,3.771,bar,21.2,1747.6,7961.0,0
2026-06-14 17:00:00,M11,55,OP-06,3,63.02,2.074,3.994,bar,18.1,1767.4,7601.0,0
2026-06-14 17:00:00,M12,158,OP-06,3,67.03,3.133,3.914,bar,19.37,1755.8,19961.0,0
2026-06-14 17:00:00,M13,165,OP-07,3,61.72,2.207,3.966,bar,17.6,1765.4,20801.0,0
2026-06-14 17:00:00,M14,6,OP-03,3,66.44,3.006,3.866,bar,20.03,1750.7,1721.0,0
2026-06-14 17:00:00,M15,93,OP-08,3,72.68,,3.764,bar,21.09,1751.5,12161.0,0
2026-06-14 17:00:00,M16,149,OP-01,3,72.72,3.265,3.846,bar,19.93,1763.2,18881.0,0
2026-06-14 17:00:00,M17,29,OP-12,3,68.24,2.111,4.112,bar,18.3,1781.9,4481.0,0
2026-06-14 17:00:00,M18,145,OP-12,3,59.09,1.935,58.535,psi,17.36,1777.3,18401.0,0
2026-06-14 17:00:00,M19,26,OP-07,3,73.04,,55.291,psi,21.15,1732.4,4121.0,0
2026-06-14 17:00:00,M20,87,OP-12,3,63.35,2.916,61.298,psi,19.85,1752.6,11441.0,0
2026-06-14 17:00:00,M21,148,OP-12,3,72.39,2.695,60.522,psi,19.01,1764.8,18761.0,0
2026-06-14 17:00:00,M22,59,OP-11,3,67.56,3.281,57.289,psi,19.48,1754.2,8081.0,0
2026-06-14 17:00:00,M23,65,OP-06,3,59.93,2.099,61.555,psi,18.26,1772.5,8801.0,0
2026-06-14 17:00:00,M24,54,OP-05,3,69.76,2.55,59.275,psi,19.3,1773.7,7481.0,0
2026-06-14 17:00:00,M25,131,OP-01,3,75.99,4.506,51.726,psi,22.31,1749.6,16721.0,0
2026-06-14 18:00:00,M01,171,OP-05,3,67.05,,3.838,bar,20.94,1766.6,21522.0,0
2026-06-14 18:00:00,M02,115,OP-08,3,59.71,2.307,4.341,bar,18.94,1750.4,14802.0,0
2026-06-14 18:00:00,M03,125,OP-01,3,63.68,2.324,4.122,bar,17.56,1761.8,16002.0,0
2026-06-14 18:00:00,M04,163,OP-03,3,70.23,2.997,3.851,bar,20.42,1753.4,20562.0,0
2026-06-14 18:00:00,M05,107,OP-12,3,73.88,2.218,3.941,bar,18.08,1768.5,13842.0,0
2026-06-14 18:00:00,M06,141,OP-06,3,63.85,3.005,3.855,bar,19.84,1744.1,17922.0,0
2026-06-14 18:00:00,M07,151,OP-04,3,68.14,3.594,3.928,bar,21.27,1765.5,19122.0,0
2026-06-14 18:00:00,M08,45,OP-02,3,67.57,2.494,4.01,bar,18.98,1768.4,6402.0,0
2026-06-14 18:00:00,M09,15,OP-02,3,65.47,2.926,3.99,bar,18.14,1758.8,2802.0,0
2026-06-14 18:00:00,M10,58,OP-04,3,74.23,4.725,3.687,bar,21.67,1752.9,7962.0,0
2026-06-14 18:00:00,M11,55,OP-07,3,61.87,2.258,4.073,bar,17.11,1777.2,7602.0,0
2026-06-14 18:00:00,M12,158,OP-08,3,63.27,3.065,3.86,bar,19.97,1760.0,19962.0,0
2026-06-14 18:00:00,M13,165,OP-02,3,58.99,1.771,4.018,bar,17.81,1769.4,20802.0,0
2026-06-14 18:00:00,M14,6,OP-03,3,65.46,3.177,3.88,bar,20.0,1767.0,1722.0,0
2026-06-14 18:00:00,M15,93,OP-12,3,62.66,1.803,4.186,bar,17.37,1772.3,12162.0,0
2026-06-14 18:00:00,M16,149,OP-01,3,68.21,3.464,3.753,bar,21.35,1742.4,18882.0,0
2026-06-14 18:00:00,M17,29,OP-08,3,60.08,2.234,4.291,bar,17.91,1776.3,4482.0,0
2026-06-14 18:00:00,M18,145,OP-06,3,67.48,1.957,58.948,psi,17.54,1787.0,18402.0,0
2026-06-14 18:00:00,M19,26,OP-07,3,71.65,3.739,55.173,psi,20.97,1759.2,4122.0,0
2026-06-14 18:00:00,M20,87,OP-02,3,71.05,2.98,58.611,psi,19.79,1772.3,11442.0,0
2026-06-14 18:00:00,M21,148,OP-02,3,63.67,2.668,57.637,psi,18.24,1759.9,18762.0,0
2026-06-14 18:00:00,M22,59,OP-10,3,70.94,3.491,56.211,psi,20.21,1747.4,8082.0,0
2026-06-14 18:00:00,M23,65,OP-04,3,63.54,1.985,59.167,psi,17.17,1779.1,8802.0,0
2026-06-14 18:00:00,M24,54,OP-08,3,69.76,2.679,57.323,psi,19.09,1761.4,7482.0,0
2026-06-14 18:00:00,M25,131,OP-11,3,73.23,4.724,49.409,psi,22.08,1731.9,16722.0,0
2026-06-14 19:00:00,M01,171,OP-05,3,66.73,3.246,3.837,bar,20.34,1759.3,21523.0,0
2026-06-14 19:00:00,M02,115,OP-03,3,67.8,2.317,4.24,bar,18.96,1773.3,14803.0,0
2026-06-14 19:00:00,M03,125,OP-04,3,68.86,2.106,4.139,bar,18.18,1771.2,16003.0,0
2026-06-14 19:00:00,M04,163,OP-09,3,64.7,3.278,3.888,bar,21.1,1769.2,20563.0,0
2026-06-14 19:00:00,M05,107,OP-06,3,55.93,2.324,4.209,bar,18.2,1781.4,13843.0,0
2026-06-14 19:00:00,M06,141,OP-01,3,70.58,3.217,3.956,bar,19.96,1756.1,17923.0,0
2026-06-14 19:00:00,M07,151,OP-08,3,69.81,3.702,3.739,bar,19.68,1761.9,19123.0,0
2026-06-14 19:00:00,M08,45,OP-03,3,66.6,2.583,4.108,bar,18.89,1772.1,6403.0,0
2026-06-14 19:00:00,M09,15,OP-03,3,69.27,,3.849,bar,20.26,1758.8,2803.0,0
2026-06-14 19:00:00,M10,58,OP-04,3,73.19,4.343,3.845,bar,22.16,1737.0,7963.0,0
2026-06-14 19:00:00,M11,55,OP-11,3,63.04,2.423,4.251,bar,19.11,1776.8,7603.0,0
2026-06-14 19:00:00,M12,158,OP-01,3,66.62,3.131,3.891,bar,19.21,1756.5,19963.0,0
2026-06-14 19:00:00,M13,165,OP-10,3,66.05,2.02,4.235,bar,19.18,1775.4,20803.0,0
2026-06-14 19:00:00,M14,6,OP-03,3,65.78,3.125,3.827,bar,21.15,1746.3,1723.0,0
2026-06-14 19:00:00,M15,93,OP-08,3,60.31,,4.336,bar,18.25,1781.5,12163.0,0
2026-06-14 19:00:00,M16,149,OP-11,3,69.77,,3.831,bar,19.19,1746.3,18883.0,0
2026-06-14 19:00:00,M17,29,OP-06,3,62.16,1.981,4.198,bar,18.29,1776.9,4483.0,0
2026-06-14 19:00:00,M18,145,OP-05,3,59.07,2.049,59.156,psi,16.96,1770.7,18403.0,0
2026-06-14 19:00:00,M19,26,OP-07,3,71.4,,53.233,psi,21.32,1753.1,4123.0,0
2026-06-14 19:00:00,M20,87,OP-01,3,65.26,2.985,53.651,psi,19.55,1752.7,11443.0,0
2026-06-14 19:00:00,M21,148,OP-07,3,68.18,2.832,57.543,psi,19.14,1758.8,18763.0,0
2026-06-14 19:00:00,M22,59,OP-07,3,66.18,3.409,58.047,psi,20.1,1750.9,8083.0,0
2026-06-14 19:00:00,M23,65,OP-02,3,62.05,2.135,61.089,psi,19.26,1769.2,8803.0,0
2026-06-14 19:00:00,M24,54,OP-10,3,66.86,2.756,55.892,psi,19.18,1752.1,7483.0,0
2026-06-14 19:00:00,M25,131,OP-04,3,74.26,4.66,53.171,psi,22.99,1730.3,16723.0,0
2026-06-14 20:00:00,M01,171,OP-04,3,63.1,3.101,3.986,bar,20.52,1754.7,21524.0,0
2026-06-14 20:00:00,M02,115,OP-12,3,58.95,2.26,4.108,bar,18.04,1769.3,14804.0,0
2026-06-14 20:00:00,M03,125,OP-07,3,57.39,2.313,4.2,bar,18.92,1772.8,16004.0,0
2026-06-14 20:00:00,M04,163,OP-03,3,67.27,,4.04,bar,20.71,1755.6,20564.0,0
2026-06-14 20:00:00,M05,107,OP-07,3,61.91,2.28,4.011,bar,17.54,1787.9,13844.0,0
2026-06-14 20:00:00,M06,141,OP-10,3,64.64,3.231,3.819,bar,18.82,1756.0,17924.0,0
2026-06-14 20:00:00,M07,151,OP-11,3,67.18,3.561,4.144,bar,19.85,1753.8,19124.0,0
2026-06-14 20:00:00,M08,45,OP-09,3,61.98,2.494,4.136,bar,18.18,1760.3,6404.0,0
2026-06-14 20:00:00,M09,15,OP-03,3,66.59,3.037,3.87,bar,20.47,1740.1,2804.0,0
2026-06-14 20:00:00,M10,58,OP-08,3,73.43,,3.7,bar,22.69,1740.9,7964.0,0
2026-06-14 20:00:00,M11,55,OP-10,3,61.85,2.335,4.11,bar,17.98,1775.7,7604.0,0
2026-06-14 20:00:00,M12,158,OP-12,3,68.43,2.863,3.728,bar,19.5,1757.5,19964.0,0
2026-06-14 20:00:00,M13,165,OP-10,3,67.94,2.141,4.231,bar,18.8,1791.6,20804.0,0
2026-06-14 20:00:00,M14,6,OP-05,3,64.37,3.185,3.93,bar,18.97,1747.0,1724.0,0
2026-06-14 20:00:00,M15,93,OP-03,3,61.37,2.016,4.127,bar,17.6,1777.3,12164.0,0
2026-06-14 20:00:00,M16,149,OP-03,3,72.42,3.358,3.891,bar,19.64,1756.6,18884.0,0
2026-06-14 20:00:00,M17,29,OP-07,3,61.91,2.319,3.98,bar,18.67,1776.3,4484.0,0
2026-06-14 20:00:00,M18,145,OP-07,3,62.01,2.059,60.319,psi,18.26,1783.0,18404.0,0
2026-06-14 20:00:00,M19,26,OP-09,3,70.62,,56.506,psi,21.41,1745.4,4124.0,0
2026-06-14 20:00:00,M20,87,OP-11,3,71.74,3.173,55.082,psi,20.24,1751.6,11444.0,0
2026-06-14 20:00:00,M21,148,OP-10,3,65.56,2.466,59.622,psi,18.58,1756.6,18764.0,0
2026-06-14 20:00:00,M22,59,OP-12,3,67.32,3.129,56.054,psi,19.91,1752.1,8084.0,0
2026-06-14 20:00:00,M23,65,OP-04,3,63.01,1.95,58.969,psi,16.84,1770.6,8804.0,0
2026-06-14 20:00:00,M24,54,OP-08,3,67.75,2.657,57.965,psi,17.82,1763.7,7484.0,0
2026-06-14 20:00:00,M25,131,OP-04,3,73.25,4.807,55.202,psi,23.4,1747.4,16724.0,0
2026-06-14 21:00:00,M01,171,OP-09,3,66.68,3.119,3.932,bar,19.43,1742.8,21525.0,0
2026-06-14 21:00:00,M02,115,OP-11,3,62.7,2.16,4.09,bar,18.38,1754.4,14805.0,0
2026-06-14 21:00:00,M03,125,OP-02,3,64.55,2.344,4.092,bar,18.72,1771.8,16005.0,0
2026-06-14 21:00:00,M04,163,OP-12,3,64.81,3.451,3.945,bar,20.07,1751.5,20565.0,0
2026-06-14 21:00:00,M05,107,OP-06,3,64.11,2.302,4.119,bar,18.6,1766.3,13845.0,0
2026-06-14 21:00:00,M06,141,OP-07,3,68.73,3.312,3.879,bar,21.02,1752.5,17925.0,0
2026-06-14 21:00:00,M07,151,OP-07,3,68.31,3.78,3.795,bar,20.24,1742.1,19125.0,0
2026-06-14 21:00:00,M08,45,OP-07,3,63.44,2.677,4.157,bar,19.72,1765.1,6405.0,0
2026-06-14 21:00:00,M09,15,OP-11,3,67.0,3.159,3.957,bar,19.51,1747.1,2805.0,0
2026-06-14 21:00:00,M10,58,OP-09,3,73.84,4.662,3.743,bar,22.41,1735.3,7965.0,0
2026-06-14 21:00:00,M11,55,OP-06,3,63.34,2.139,4.302,bar,17.29,1763.7,7605.0,0
2026-06-14 21:00:00,M12,158,OP-09,3,64.34,3.215,3.77,bar,20.19,1759.6,19965.0,0
2026-06-14 21:00:00,M13,165,OP-02,3,68.5,2.348,4.005,bar,17.39,1772.3,20805.0,0
2026-06-14 21:00:00,M14,6,OP-11,3,65.98,3.193,4.036,bar,18.41,1755.7,1725.0,0
2026-06-14 21:00:00,M15,93,OP-01,3,62.43,1.851,4.403,bar,17.6,1779.7,12165.0,0
2026-06-14 21:00:00,M16,149,OP-07,3,63.63,3.321,3.981,bar,20.66,1741.3,18885.0,0
2026-06-14 21:00:00,M17,29,OP-12,3,60.27,2.192,4.035,bar,18.31,1779.9,4485.0,0
2026-06-14 21:00:00,M18,145,OP-07,3,62.93,2.127,61.354,psi,18.53,1774.3,18405.0,0
2026-06-14 21:00:00,M19,26,OP-09,3,74.0,3.815,53.822,psi,20.42,1742.2,4125.0,0
2026-06-14 21:00:00,M20,87,OP-08,3,67.54,2.942,56.77,psi,19.87,1758.0,11445.0,0
2026-06-14 21:00:00,M21,148,OP-07,3,62.88,2.589,59.689,psi,18.68,1753.8,18765.0,0
2026-06-14 21:00:00,M22,59,OP-09,3,63.66,3.128,56.955,psi,19.79,1756.1,8085.0,0
2026-06-14 21:00:00,M23,65,OP-10,3,58.6,2.191,57.996,psi,18.33,1776.4,8805.0,0
2026-06-14 21:00:00,M24,54,OP-03,3,62.04,2.566,57.887,psi,19.92,1758.0,7485.0,0
2026-06-14 21:00:00,M25,131,OP-05,3,76.73,4.844,49.562,psi,21.93,1711.6,16725.0,0
2026-06-14 22:00:00,M01,171,OP-04,3,65.81,3.195,3.93,bar,20.45,1761.3,21526.0,0
2026-06-14 22:00:00,M02,115,OP-12,3,61.79,2.218,3.978,bar,17.96,1776.5,14806.0,0
2026-06-14 22:00:00,M03,125,OP-02,3,66.67,2.052,4.012,bar,18.71,1778.8,16006.0,0
2026-06-14 22:00:00,M04,163,OP-03,3,68.03,,3.887,bar,19.27,1767.1,20566.0,0
2026-06-14 22:00:00,M05,107,OP-04,3,61.95,2.356,4.15,bar,18.27,1769.5,13846.0,0
2026-06-14 22:00:00,M06,141,OP-01,3,66.44,3.064,4.122,bar,20.08,1752.8,17926.0,0
2026-06-14 22:00:00,M07,151,OP-07,3,70.91,3.787,3.872,bar,20.71,1750.7,19126.0,0
2026-06-14 22:00:00,M08,45,OP-09,3,60.34,2.551,4.261,bar,18.6,1777.5,6406.0,0
2026-06-14 22:00:00,M09,15,OP-04,3,69.16,3.1,4.118,bar,19.34,1755.2,2806.0,0
2026-06-14 22:00:00,M10,58,OP-11,3,74.62,,3.593,bar,22.18,1746.9,7966.0,0
2026-06-14 22:00:00,M11,55,OP-07,3,58.27,2.034,4.07,bar,18.44,1782.3,7606.0,0
2026-06-14 22:00:00,M12,158,OP-10,3,63.15,3.158,3.979,bar,20.67,1754.2,19966.0,0
2026-06-14 22:00:00,M13,165,OP-09,3,60.8,2.289,3.985,bar,19.18,1789.7,20806.0,0
2026-06-14 22:00:00,M14,6,OP-01,3,68.4,3.101,3.663,bar,20.27,1764.4,1726.0,0
2026-06-14 22:00:00,M15,93,OP-03,3,64.13,1.874,4.234,bar,18.57,1772.1,12166.0,0
2026-06-14 22:00:00,M16,149,OP-07,3,66.22,,3.88,bar,19.74,1754.6,18886.0,0
2026-06-14 22:00:00,M17,29,OP-01,3,64.45,2.184,4.156,bar,18.14,1764.2,4486.0,0
2026-06-14 22:00:00,M18,145,OP-08,3,59.32,2.036,62.277,psi,18.08,1775.7,18406.0,0
2026-06-14 22:00:00,M19,26,OP-02,3,73.64,3.968,54.235,psi,21.32,1755.4,4126.0,0
2026-06-14 22:00:00,M20,87,OP-06,3,68.22,3.016,55.115,psi,19.47,1752.9,11446.0,0
2026-06-14 22:00:00,M21,148,OP-07,3,69.31,2.519,59.534,psi,19.26,1759.4,18766.0,0
2026-06-14 22:00:00,M22,59,OP-07,3,65.71,3.368,55.399,psi,19.53,1752.9,8086.0,0
2026-06-14 22:00:00,M23,65,OP-09,3,61.26,2.211,61.028,psi,17.91,1774.5,8806.0,0
2026-06-14 22:00:00,M24,54,OP-07,3,66.65,2.77,55.649,psi,19.65,1763.5,7486.0,0
2026-06-14 22:00:00,M25,131,OP-11,3,74.8,,51.736,psi,23.41,1734.2,16726.0,0
2026-06-14 23:00:00,M01,171,OP-07,3,66.58,3.308,3.987,bar,20.21,1762.8,21527.0,0
2026-06-14 23:00:00,M02,115,OP-07,3,56.71,2.151,4.084,bar,18.79,1767.3,14807.0,0
2026-06-14 23:00:00,M03,125,OP-05,3,65.42,2.321,4.103,bar,17.64,1780.8,16007.0,0
2026-06-14 23:00:00,M04,163,OP-03,3,70.09,3.081,4.031,bar,19.54,1745.6,20567.0,0
2026-06-14 23:00:00,M05,107,OP-12,3,62.86,2.319,4.078,bar,18.14,1770.5,13847.0,0
2026-06-14 23:00:00,M06,141,OP-12,3,58.55,3.2,3.76,bar,20.62,1749.8,17927.0,0
2026-06-14 23:00:00,M07,151,OP-07,3,68.18,3.254,3.803,bar,19.82,1751.0,19127.0,0
2026-06-14 23:00:00,M08,45,OP-12,3,68.4,2.658,3.88,bar,19.14,1757.7,6407.0,0
2026-06-14 23:00:00,M09,15,OP-01,3,64.93,3.479,3.774,bar,19.61,1754.8,2807.0,0
2026-06-14 23:00:00,M10,58,OP-01,3,81.51,,3.778,bar,22.93,1739.3,7967.0,0
2026-06-14 23:00:00,M11,55,OP-10,3,59.54,2.574,4.162,bar,18.55,1755.8,7607.0,0
2026-06-14 23:00:00,M12,158,OP-07,3,67.0,3.075,4.106,bar,19.06,1758.2,19967.0,0
2026-06-14 23:00:00,M13,165,OP-02,3,64.07,2.371,4.319,bar,17.65,1775.7,20807.0,0
2026-06-14 23:00:00,M14,6,OP-07,3,69.72,2.986,3.774,bar,19.79,1752.9,1727.0,0
2026-06-14 23:00:00,M15,93,OP-11,3,64.46,2.131,4.221,bar,17.7,1776.4,12167.0,0
2026-06-14 23:00:00,M16,149,OP-01,3,69.46,3.088,3.74,bar,18.79,1741.2,18887.0,0
2026-06-14 23:00:00,M17,29,OP-10,3,66.26,2.559,4.288,bar,18.27,1770.6,4487.0,0
2026-06-14 23:00:00,M18,145,OP-02,3,58.08,1.835,61.655,psi,18.08,1782.6,18407.0,0
2026-06-14 23:00:00,M19,26,OP-07,3,65.82,4.013,54.748,psi,21.63,1747.2,4127.0,0
2026-06-14 23:00:00,M20,87,OP-05,3,70.35,2.802,52.564,psi,19.17,1763.2,11447.0,0
2026-06-14 23:00:00,M21,148,OP-10,3,63.63,,56.454,psi,19.54,1764.4,18767.0,0
2026-06-14 23:00:00,M22,59,OP-05,3,67.0,3.43,54.492,psi,20.0,1752.2,8087.0,0
2026-06-14 23:00:00,M23,65,OP-02,3,62.64,2.028,60.359,psi,17.63,1769.3,8807.0,0
2026-06-14 23:00:00,M24,54,OP-07,3,59.9,2.779,56.834,psi,18.95,1769.0,7487.0,0
2026-06-14 23:00:00,M25,131,OP-12,3,78.59,4.724,50.705,psi,23.39,1730.8,16727.0,0
